evaluation_title,dataset_id,random_policy,breakdown_type,breakdown_value,model_id,model_title,num_trials_represented,num_samples,threshold,true_negatives,false_positives,false_negatives,true_positives,accuracy,balanced_accuracy,precision,recall,f1,auroc,auprc,false_positive_rate,false_negative_rate,brier_score
Random standard-3 robustness evaluation — Old SID B - SID-only robustness training vs New Mixed B - SID and CIFAKE robustness training,CIFAKE,random_standard_3,ordered_chain_pattern,blur -> colour -> crop,mixed_sid_cifake_b,New Mixed B - SID and CIFAKE robustness training,5,620,0.5,271,14,90,245,0.832258064516129,0.8411102382822728,0.9459459459459459,0.7313432835820896,0.8249158249158249,0.9467190363969625,0.9541760456923449,0.04912280701754386,0.26865671641791045,0.12203631456598871
Random standard-3 robustness evaluation — Old SID B - SID-only robustness training vs New Mixed B - SID and CIFAKE robustness training,CIFAKE,random_standard_3,ordered_chain_pattern,blur -> colour -> jpeg,mixed_sid_cifake_b,New Mixed B - SID and CIFAKE robustness training,5,652,0.5,299,16,86,251,0.843558282208589,0.8470067354340352,0.9400749063670412,0.744807121661721,0.8311258278145696,0.9387216805614431,0.9424890093951743,0.050793650793650794,0.2551928783382789,0.12218499832338874
Random standard-3 robustness evaluation — Old SID B - SID-only robustness training vs New Mixed B - SID and CIFAKE robustness training,CIFAKE,random_standard_3,ordered_chain_pattern,blur -> colour -> noise,mixed_sid_cifake_b,New Mixed B - SID and CIFAKE robustness training,5,593,0.5,282,19,99,193,0.8010118043844857,0.7989179902607746,0.910377358490566,0.660958904109589,0.7658730158730159,0.9126655440768214,0.9151031226151296,0.06312292358803986,0.339041095890411,0.1343749838771904
Random standard-3 robustness evaluation — Old SID B - SID-only robustness training vs New Mixed B - SID and CIFAKE robustness training,CIFAKE,random_standard_3,ordered_chain_pattern,blur -> colour -> resize,mixed_sid_cifake_b,New Mixed B - SID and CIFAKE robustness training,5,653,0.5,298,22,97,236,0.8177641653905053,0.8199793543543543,0.9147286821705426,0.7087087087087087,0.7986463620981388,0.928003003003003,0.9322537230320951,0.06875,0.2912912912912913,0.1291805043323323
Random standard-3 robustness evaluation — Old SID B - SID-only robustness training vs New Mixed B - SID and CIFAKE robustness training,CIFAKE,random_standard_3,ordered_chain_pattern,blur -> crop -> colour,mixed_sid_cifake_b,New Mixed B - SID and CIFAKE robustness training,5,603,0.5,279,15,84,225,0.835820895522388,0.8385674658212801,0.9375,0.7281553398058253,0.819672131147541,0.9456332694890255,0.9493927917836642,0.05102040816326531,0.27184466019417475,0.12001389810896387
Random standard-3 robustness evaluation — Old SID B - SID-only robustness training vs New Mixed B - SID and CIFAKE robustness training,CIFAKE,random_standard_3,ordered_chain_pattern,blur -> crop -> jpeg,mixed_sid_cifake_b,New Mixed B - SID and CIFAKE robustness training,5,598,0.5,268,8,118,204,0.7892976588628763,0.8022774327122153,0.9622641509433962,0.6335403726708074,0.7640449438202247,0.9206161670717437,0.9396186434421717,0.028985507246376812,0.36645962732919257,0.15205874141034945
Random standard-3 robustness evaluation — Old SID B - SID-only robustness training vs New Mixed B - SID and CIFAKE robustness training,CIFAKE,random_standard_3,ordered_chain_pattern,blur -> crop -> noise,mixed_sid_cifake_b,New Mixed B - SID and CIFAKE robustness training,5,596,0.5,291,23,90,192,0.8104026845637584,0.8038013280932376,0.8930232558139535,0.6808510638297872,0.772635814889336,0.9207887247594524,0.9164290259765213,0.0732484076433121,0.3191489361702128,0.12818924218663222
Random standard-3 robustness evaluation — Old SID B - SID-only robustness training vs New Mixed B - SID and CIFAKE robustness training,CIFAKE,random_standard_3,ordered_chain_pattern,blur -> crop -> resize,mixed_sid_cifake_b,New Mixed B - SID and CIFAKE robustness training,5,595,0.5,270,14,79,232,0.8436974789915966,0.8483424663738055,0.943089430894309,0.7459807073954984,0.8330341113105925,0.9507042253521127,0.9570860269820667,0.04929577464788732,0.2540192926045016,0.10993545529796092
Random standard-3 robustness evaluation — Old SID B - SID-only robustness training vs New Mixed B - SID and CIFAKE robustness training,CIFAKE,random_standard_3,ordered_chain_pattern,blur -> jpeg -> colour,mixed_sid_cifake_b,New Mixed B - SID and CIFAKE robustness training,5,607,0.5,275,16,79,237,0.8434925864909391,0.8475085910652921,0.9367588932806324,0.75,0.8330404217926186,0.9510744268998217,0.9533303712050265,0.054982817869415807,0.25,0.11214388304461848
Random standard-3 robustness evaluation — Old SID B - SID-only robustness training vs New Mixed B - SID and CIFAKE robustness training,CIFAKE,random_standard_3,ordered_chain_pattern,blur -> jpeg -> crop,mixed_sid_cifake_b,New Mixed B - SID and CIFAKE robustness training,5,627,0.5,302,8,81,236,0.8580542264752791,0.8593365218276179,0.9672131147540983,0.7444794952681388,0.8413547237076648,0.9584105016790475,0.9630343699837243,0.025806451612903226,0.2555205047318612,0.10327827893809335
Random standard-3 robustness evaluation — Old SID B - SID-only robustness training vs New Mixed B - SID and CIFAKE robustness training,CIFAKE,random_standard_3,ordered_chain_pattern,blur -> jpeg -> noise,mixed_sid_cifake_b,New Mixed B - SID and CIFAKE robustness training,5,628,0.5,307,20,78,223,0.8439490445859873,0.8398508539323559,0.9176954732510288,0.7408637873754153,0.8198529411764706,0.9377812998465868,0.9345900749134604,0.06116207951070336,0.2591362126245847,0.11170295065913989
Random standard-3 robustness evaluation — Old SID B - SID-only robustness training vs New Mixed B - SID and CIFAKE robustness training,CIFAKE,random_standard_3,ordered_chain_pattern,blur -> jpeg -> resize,mixed_sid_cifake_b,New Mixed B - SID and CIFAKE robustness training,5,602,0.5,273,22,72,235,0.8438538205980066,0.8454480207585712,0.914396887159533,0.7654723127035831,0.8333333333333334,0.9578866007839673,0.9598806115708759,0.07457627118644068,0.23452768729641693,0.09424205650783402
Random standard-3 robustness evaluation — Old SID B - SID-only robustness training vs New Mixed B - SID and CIFAKE robustness training,CIFAKE,random_standard_3,ordered_chain_pattern,blur -> noise -> colour,mixed_sid_cifake_b,New Mixed B - SID and CIFAKE robustness training,5,602,0.5,262,18,101,221,0.8023255813953488,0.8110248447204969,0.9246861924686193,0.6863354037267081,0.7878787878787878,0.9199090505767524,0.9296390020597475,0.06428571428571428,0.3136645962732919,0.13581196666894213
Random standard-3 robustness evaluation — Old SID B - SID-only robustness training vs New Mixed B - SID and CIFAKE robustness training,CIFAKE,random_standard_3,ordered_chain_pattern,blur -> noise -> crop,mixed_sid_cifake_b,New Mixed B - SID and CIFAKE robustness training,5,580,0.5,280,18,119,163,0.7637931034482759,0.7588057499167024,0.9005524861878453,0.5780141843971631,0.7041036717062635,0.9016611928221238,0.9044361198769122,0.06040268456375839,0.4219858156028369,0.15530563324647673
Random standard-3 robustness evaluation — Old SID B - SID-only robustness training vs New Mixed B - SID and CIFAKE robustness training,CIFAKE,random_standard_3,ordered_chain_pattern,blur -> noise -> jpeg,mixed_sid_cifake_b,New Mixed B - SID and CIFAKE robustness training,5,556,0.5,273,6,147,130,0.7248201438848921,0.7239043515391483,0.9558823529411765,0.4693140794223827,0.6295399515738499,0.8937670639079747,0.9000091863444365,0.021505376344086023,0.5306859205776173,0.2155063556658097
Random standard-3 robustness evaluation — Old SID B - SID-only robustness training vs New Mixed B - SID and CIFAKE robustness training,CIFAKE,random_standard_3,ordered_chain_pattern,blur -> noise -> resize,mixed_sid_cifake_b,New Mixed B - SID and CIFAKE robustness training,5,660,0.5,317,15,105,223,0.8181818181818182,0.8173486629444608,0.9369747899159664,0.6798780487804879,0.7879858657243817,0.9374357184836909,0.9408731087834207,0.045180722891566265,0.3201219512195122,0.13177411098897684
Random standard-3 robustness evaluation — Old SID B - SID-only robustness training vs New Mixed B - SID and CIFAKE robustness training,CIFAKE,random_standard_3,ordered_chain_pattern,blur -> resize -> colour,mixed_sid_cifake_b,New Mixed B - SID and CIFAKE robustness training,5,632,0.5,284,18,76,254,0.8512658227848101,0.8550471603451736,0.9338235294117647,0.7696969696969697,0.8438538205980066,0.9467790487658038,0.9496954767219395,0.059602649006622516,0.23030303030303031,0.10315149760918027
Random standard-3 robustness evaluation — Old SID B - SID-only robustness training vs New Mixed B - SID and CIFAKE robustness training,CIFAKE,random_standard_3,ordered_chain_pattern,blur -> resize -> crop,mixed_sid_cifake_b,New Mixed B - SID and CIFAKE robustness training,5,616,0.5,275,23,95,223,0.8084415584415584,0.8120383267907644,0.9065040650406504,0.7012578616352201,0.7907801418439716,0.9217951964881179,0.9301813922398345,0.07718120805369127,0.29874213836477986,0.13234167165945454
Random standard-3 robustness evaluation — Old SID B - SID-only robustness training vs New Mixed B - SID and CIFAKE robustness training,CIFAKE,random_standard_3,ordered_chain_pattern,blur -> resize -> jpeg,mixed_sid_cifake_b,New Mixed B - SID and CIFAKE robustness training,5,606,0.5,274,14,83,235,0.8399339933993399,0.8451912997903563,0.9437751004016064,0.7389937106918238,0.8289241622574955,0.9583988469601677,0.9570309871410144,0.04861111111111111,0.2610062893081761,0.10941718555243136
Random standard-3 robustness evaluation — Old SID B - SID-only robustness training vs New Mixed B - SID and CIFAKE robustness training,CIFAKE,random_standard_3,ordered_chain_pattern,blur -> resize -> noise,mixed_sid_cifake_b,New Mixed B - SID and CIFAKE robustness training,5,636,0.5,302,21,81,232,0.839622641509434,0.8380992888159131,0.9169960474308301,0.7412140575079872,0.8197879858657244,0.9285353959979823,0.9310659650744711,0.06501547987616099,0.25878594249201275,0.1170984664090272
Random standard-3 robustness evaluation — Old SID B - SID-only robustness training vs New Mixed B - SID and CIFAKE robustness training,CIFAKE,random_standard_3,ordered_chain_pattern,colour -> blur -> crop,mixed_sid_cifake_b,New Mixed B - SID and CIFAKE robustness training,5,634,0.5,298,20,79,237,0.8438485804416404,0.8435534591194969,0.9221789883268483,0.75,0.8272251308900523,0.9461129687126821,0.9411979376861848,0.06289308176100629,0.25,0.11192575766718908
Random standard-3 robustness evaluation — Old SID B - SID-only robustness training vs New Mixed B - SID and CIFAKE robustness training,CIFAKE,random_standard_3,ordered_chain_pattern,colour -> blur -> jpeg,mixed_sid_cifake_b,New Mixed B - SID and CIFAKE robustness training,5,574,0.5,263,14,79,218,0.837979094076655,0.8417326088806233,0.9396551724137931,0.734006734006734,0.8241965973534972,0.9392723869258165,0.94803665130032,0.05054151624548736,0.265993265993266,0.12024011998670646
Random standard-3 robustness evaluation — Old SID B - SID-only robustness training vs New Mixed B - SID and CIFAKE robustness training,CIFAKE,random_standard_3,ordered_chain_pattern,colour -> blur -> noise,mixed_sid_cifake_b,New Mixed B - SID and CIFAKE robustness training,5,618,0.5,267,34,86,231,0.8058252427184466,0.8078749069872245,0.8716981132075472,0.7287066246056783,0.7938144329896907,0.91469025435719,0.9186091722657806,0.11295681063122924,0.27129337539432175,0.12829249402304807
Random standard-3 robustness evaluation — Old SID B - SID-only robustness training vs New Mixed B - SID and CIFAKE robustness training,CIFAKE,random_standard_3,ordered_chain_pattern,colour -> blur -> resize,mixed_sid_cifake_b,New Mixed B - SID and CIFAKE robustness training,5,582,0.5,252,21,81,228,0.8247422680412371,0.830470500373413,0.9156626506024096,0.7378640776699029,0.8172043010752689,0.9339473902580697,0.9423232987249068,0.07692307692307693,0.2621359223300971,0.12433975480716623
Random standard-3 robustness evaluation — Old SID B - SID-only robustness training vs New Mixed B - SID and CIFAKE robustness training,CIFAKE,random_standard_3,ordered_chain_pattern,colour -> crop -> blur,mixed_sid_cifake_b,New Mixed B - SID and CIFAKE robustness training,5,619,0.5,302,22,71,224,0.8497576736672051,0.845710399665202,0.9105691056910569,0.7593220338983051,0.8280961182994455,0.945019878635698,0.944091295354642,0.06790123456790123,0.24067796610169492,0.10270934990632999
Random standard-3 robustness evaluation — Old SID B - SID-only robustness training vs New Mixed B - SID and CIFAKE robustness training,CIFAKE,random_standard_3,ordered_chain_pattern,colour -> crop -> jpeg,mixed_sid_cifake_b,New Mixed B - SID and CIFAKE robustness training,5,573,0.5,268,10,57,238,0.8830715532286213,0.8854042189976832,0.9596774193548387,0.8067796610169492,0.8766114180478821,0.9687721009632971,0.9719900057101445,0.03597122302158273,0.19322033898305085,0.09012091229365173
Random standard-3 robustness evaluation — Old SID B - SID-only robustness training vs New Mixed B - SID and CIFAKE robustness training,CIFAKE,random_standard_3,ordered_chain_pattern,colour -> crop -> noise,mixed_sid_cifake_b,New Mixed B - SID and CIFAKE robustness training,5,561,0.5,246,19,63,233,0.8538324420677362,0.8577320244773075,0.9246031746031746,0.7871621621621622,0.8503649635036497,0.937697603263641,0.9451228379076428,0.07169811320754717,0.21283783783783783,0.10941606364693543
Random standard-3 robustness evaluation — Old SID B - SID-only robustness training vs New Mixed B - SID and CIFAKE robustness training,CIFAKE,random_standard_3,ordered_chain_pattern,colour -> crop -> resize,mixed_sid_cifake_b,New Mixed B - SID and CIFAKE robustness training,5,656,0.5,290,21,82,263,0.8429878048780488,0.8473973624120416,0.926056338028169,0.7623188405797101,0.8362480127186009,0.9384687077683024,0.9460369906441294,0.06752411575562701,0.23768115942028986,0.11495991865806279
Random standard-3 robustness evaluation — Old SID B - SID-only robustness training vs New Mixed B - SID and CIFAKE robustness training,CIFAKE,random_standard_3,ordered_chain_pattern,colour -> jpeg -> blur,mixed_sid_cifake_b,New Mixed B - SID and CIFAKE robustness training,5,626,0.5,324,13,73,216,0.8626198083067093,0.8544145883174356,0.9432314410480349,0.7474048442906575,0.833976833976834,0.9572351195671146,0.9444472093780626,0.03857566765578635,0.25259515570934254,0.098753868957458
Random standard-3 robustness evaluation — Old SID B - SID-only robustness training vs New Mixed B - SID and CIFAKE robustness training,CIFAKE,random_standard_3,ordered_chain_pattern,colour -> jpeg -> crop,mixed_sid_cifake_b,New Mixed B - SID and CIFAKE robustness training,5,587,0.5,258,26,42,261,0.8841567291311755,0.8849184214196067,0.9094076655052264,0.8613861386138614,0.8847457627118644,0.959297866406359,0.9548230480378213,0.09154929577464789,0.13861386138613863,0.08124766348715048
Random standard-3 robustness evaluation — Old SID B - SID-only robustness training vs New Mixed B - SID and CIFAKE robustness training,CIFAKE,random_standard_3,ordered_chain_pattern,colour -> jpeg -> noise,mixed_sid_cifake_b,New Mixed B - SID and CIFAKE robustness training,5,581,0.5,258,17,32,274,0.9156626506024096,0.9168033273915628,0.9415807560137457,0.8954248366013072,0.9179229480737019,0.9747118241235888,0.9783427962189516,0.06181818181818182,0.10457516339869281,0.06447582280292345
Random standard-3 robustness evaluation — Old SID B - SID-only robustness training vs New Mixed B - SID and CIFAKE robustness training,CIFAKE,random_standard_3,ordered_chain_pattern,colour -> jpeg -> resize,mixed_sid_cifake_b,New Mixed B - SID and CIFAKE robustness training,5,626,0.5,286,21,79,240,0.8402555910543131,0.8419735941919475,0.9195402298850575,0.7523510971786834,0.8275862068965517,0.9319330562731665,0.937942346081472,0.06840390879478828,0.2476489028213166,0.11767147482490009
Random standard-3 robustness evaluation — Old SID B - SID-only robustness training vs New Mixed B - SID and CIFAKE robustness training,CIFAKE,random_standard_3,ordered_chain_pattern,colour -> noise -> blur,mixed_sid_cifake_b,New Mixed B - SID and CIFAKE robustness training,5,597,0.5,285,10,97,205,0.8207705192629816,0.8224548209675608,0.9534883720930233,0.6788079470198676,0.793036750483559,0.9371983387585587,0.9485499442337023,0.03389830508474576,0.3211920529801324,0.12808508329452764
Random standard-3 robustness evaluation — Old SID B - SID-only robustness training vs New Mixed B - SID and CIFAKE robustness training,CIFAKE,random_standard_3,ordered_chain_pattern,colour -> noise -> crop,mixed_sid_cifake_b,New Mixed B - SID and CIFAKE robustness training,5,602,0.5,273,24,66,239,0.8504983388704319,0.8513992382844842,0.908745247148289,0.7836065573770492,0.8415492957746479,0.9453441519015289,0.9484955770445574,0.08080808080808081,0.21639344262295082,0.10186725157394089
Random standard-3 robustness evaluation — Old SID B - SID-only robustness training vs New Mixed B - SID and CIFAKE robustness training,CIFAKE,random_standard_3,ordered_chain_pattern,colour -> noise -> jpeg,mixed_sid_cifake_b,New Mixed B - SID and CIFAKE robustness training,5,651,0.5,310,11,100,230,0.8294930875576036,0.8313508920985557,0.9543568464730291,0.696969696969697,0.8056042031523643,0.9480411592561125,0.9479305662845234,0.03426791277258567,0.30303030303030304,0.12177681469847515
Random standard-3 robustness evaluation — Old SID B - SID-only robustness training vs New Mixed B - SID and CIFAKE robustness training,CIFAKE,random_standard_3,ordered_chain_pattern,colour -> noise -> resize,mixed_sid_cifake_b,New Mixed B - SID and CIFAKE robustness training,5,646,0.5,294,20,104,228,0.8080495356037152,0.8115263602179419,0.9193548387096774,0.6867469879518072,0.7862068965517242,0.9196339498119869,0.9233321041293505,0.06369426751592357,0.3132530120481928,0.14210334302640082
Random standard-3 robustness evaluation — Old SID B - SID-only robustness training vs New Mixed B - SID and CIFAKE robustness training,CIFAKE,random_standard_3,ordered_chain_pattern,colour -> resize -> blur,mixed_sid_cifake_b,New Mixed B - SID and CIFAKE robustness training,5,610,0.5,295,18,77,220,0.8442622950819673,0.8416163767601468,0.9243697478991597,0.7407407407407407,0.822429906542056,0.9385010918557245,0.9374861456781294,0.05750798722044728,0.25925925925925924,0.1112018019972242
Random standard-3 robustness evaluation — Old SID B - SID-only robustness training vs New Mixed B - SID and CIFAKE robustness training,CIFAKE,random_standard_3,ordered_chain_pattern,colour -> resize -> crop,mixed_sid_cifake_b,New Mixed B - SID and CIFAKE robustness training,5,647,0.5,306,16,97,228,0.8253477588871716,0.8259245102723364,0.9344262295081968,0.7015384615384616,0.8014059753954306,0.926201624462494,0.9313318058960831,0.049689440993788817,0.29846153846153844,0.12852202900745902
Random standard-3 robustness evaluation — Old SID B - SID-only robustness training vs New Mixed B - SID and CIFAKE robustness training,CIFAKE,random_standard_3,ordered_chain_pattern,colour -> resize -> jpeg,mixed_sid_cifake_b,New Mixed B - SID and CIFAKE robustness training,5,614,0.5,282,16,76,240,0.8501628664495114,0.8529011978591454,0.9375,0.759493670886076,0.8391608391608392,0.9436751338034152,0.9415982525929276,0.053691275167785234,0.24050632911392406,0.11277680290899521
Random standard-3 robustness evaluation — Old SID B - SID-only robustness training vs New Mixed B - SID and CIFAKE robustness training,CIFAKE,random_standard_3,ordered_chain_pattern,colour -> resize -> noise,mixed_sid_cifake_b,New Mixed B - SID and CIFAKE robustness training,5,655,0.5,324,28,105,198,0.7969465648854962,0.7869599459945995,0.8761061946902655,0.6534653465346535,0.7485822306238186,0.896695919591959,0.8883464544549632,0.07954545454545454,0.3465346534653465,0.13969142937519644
Random standard-3 robustness evaluation — Old SID B - SID-only robustness training vs New Mixed B - SID and CIFAKE robustness training,CIFAKE,random_standard_3,ordered_chain_pattern,crop -> blur -> colour,mixed_sid_cifake_b,New Mixed B - SID and CIFAKE robustness training,5,605,0.5,283,16,79,227,0.8429752066115702,0.8441591798369292,0.934156378600823,0.7418300653594772,0.8269581056466302,0.9498764946335279,0.9505802075374112,0.05351170568561873,0.2581699346405229,0.11170997166797667
Random standard-3 robustness evaluation — Old SID B - SID-only robustness training vs New Mixed B - SID and CIFAKE robustness training,CIFAKE,random_standard_3,ordered_chain_pattern,crop -> blur -> jpeg,mixed_sid_cifake_b,New Mixed B - SID and CIFAKE robustness training,5,612,0.5,279,11,80,242,0.8513071895424836,0.8568108802741486,0.9565217391304348,0.7515527950310559,0.8417391304347827,0.9598629256800172,0.9658591884008402,0.03793103448275862,0.2484472049689441,0.1070798133038391
Random standard-3 robustness evaluation — Old SID B - SID-only robustness training vs New Mixed B - SID and CIFAKE robustness training,CIFAKE,random_standard_3,ordered_chain_pattern,crop -> blur -> noise,mixed_sid_cifake_b,New Mixed B - SID and CIFAKE robustness training,5,621,0.5,285,21,82,233,0.8341384863123994,0.8355275443510738,0.9173228346456693,0.7396825396825397,0.8189806678383128,0.9371096586782861,0.9428843032959143,0.06862745098039216,0.26031746031746034,0.11431786290189916
Random standard-3 robustness evaluation — Old SID B - SID-only robustness training vs New Mixed B - SID and CIFAKE robustness training,CIFAKE,random_standard_3,ordered_chain_pattern,crop -> blur -> resize,mixed_sid_cifake_b,New Mixed B - SID and CIFAKE robustness training,5,631,0.5,296,26,63,246,0.8589540412044374,0.8576855816197311,0.9044117647058824,0.7961165048543689,0.846815834767642,0.9464813363082675,0.9459604172906627,0.08074534161490683,0.20388349514563106,0.097892504639739
Random standard-3 robustness evaluation — Old SID B - SID-only robustness training vs New Mixed B - SID and CIFAKE robustness training,CIFAKE,random_standard_3,ordered_chain_pattern,crop -> colour -> blur,mixed_sid_cifake_b,New Mixed B - SID and CIFAKE robustness training,5,607,0.5,283,20,73,231,0.8467874794069192,0.8469309101962827,0.9203187250996016,0.7598684210526315,0.8324324324324325,0.9385313531353136,0.9302593273577963,0.066006600660066,0.24013157894736842,0.1129837893903048
Random standard-3 robustness evaluation — Old SID B - SID-only robustness training vs New Mixed B - SID and CIFAKE robustness training,CIFAKE,random_standard_3,ordered_chain_pattern,crop -> colour -> jpeg,mixed_sid_cifake_b,New Mixed B - SID and CIFAKE robustness training,5,617,0.5,301,12,58,246,0.8865478119935171,0.8854359340844122,0.9534883720930233,0.8092105263157895,0.8754448398576512,0.9679355137043888,0.9718166014323557,0.038338658146964855,0.19078947368421054,0.08117133214534313
Random standard-3 robustness evaluation — Old SID B - SID-only robustness training vs New Mixed B - SID and CIFAKE robustness training,CIFAKE,random_standard_3,ordered_chain_pattern,crop -> colour -> noise,mixed_sid_cifake_b,New Mixed B - SID and CIFAKE robustness training,5,634,0.5,295,30,67,242,0.8470031545741324,0.8454319143639533,0.8897058823529411,0.7831715210355987,0.8330464716006885,0.93512571570824,0.9327132245629162,0.09230769230769231,0.2168284789644013,0.10598534260910931
Random standard-3 robustness evaluation — Old SID B - SID-only robustness training vs New Mixed B - SID and CIFAKE robustness training,CIFAKE,random_standard_3,ordered_chain_pattern,crop -> colour -> resize,mixed_sid_cifake_b,New Mixed B - SID and CIFAKE robustness training,5,624,0.5,274,23,75,252,0.842948717948718,0.8466005621968925,0.9163636363636364,0.7706422018348624,0.8372093023255814,0.9341117597998333,0.9428850308977167,0.07744107744107744,0.22935779816513763,0.11753692045336436
Random standard-3 robustness evaluation — Old SID B - SID-only robustness training vs New Mixed B - SID and CIFAKE robustness training,CIFAKE,random_standard_3,ordered_chain_pattern,crop -> jpeg -> blur,mixed_sid_cifake_b,New Mixed B - SID and CIFAKE robustness training,5,647,0.5,304,12,65,266,0.8809891808346213,0.8828253470496004,0.9568345323741008,0.8036253776435045,0.8735632183908046,0.9710887605644576,0.9747936458159537,0.0379746835443038,0.19637462235649547,0.08397596497862504
Random standard-3 robustness evaluation — Old SID B - SID-only robustness training vs New Mixed B - SID and CIFAKE robustness training,CIFAKE,random_standard_3,ordered_chain_pattern,crop -> jpeg -> colour,mixed_sid_cifake_b,New Mixed B - SID and CIFAKE robustness training,5,621,0.5,314,11,60,236,0.8856682769726248,0.8817255717255716,0.9554655870445344,0.7972972972972973,0.8692449355432781,0.967972972972973,0.9667512698379387,0.033846153846153845,0.20270270270270271,0.08398302675510606
Random standard-3 robustness evaluation — Old SID B - SID-only robustness training vs New Mixed B - SID and CIFAKE robustness training,CIFAKE,random_standard_3,ordered_chain_pattern,crop -> jpeg -> noise,mixed_sid_cifake_b,New Mixed B - SID and CIFAKE robustness training,5,629,0.5,295,12,54,268,0.8950715421303657,0.8966050943816133,0.9571428571428572,0.8322981366459627,0.8903654485049833,0.971695631942056,0.9746131493338075,0.03908794788273615,0.16770186335403728,0.07438407886760247
Random standard-3 robustness evaluation — Old SID B - SID-only robustness training vs New Mixed B - SID and CIFAKE robustness training,CIFAKE,random_standard_3,ordered_chain_pattern,crop -> jpeg -> resize,mixed_sid_cifake_b,New Mixed B - SID and CIFAKE robustness training,5,584,0.5,269,22,54,239,0.8698630136986302,0.8700491420663126,0.9157088122605364,0.8156996587030717,0.8628158844765343,0.9538955936338154,0.9517366511203796,0.07560137457044673,0.18430034129692832,0.09151164537652663
Random standard-3 robustness evaluation — Old SID B - SID-only robustness training vs New Mixed B - SID and CIFAKE robustness training,CIFAKE,random_standard_3,ordered_chain_pattern,crop -> noise -> blur,mixed_sid_cifake_b,New Mixed B - SID and CIFAKE robustness training,5,586,0.5,272,14,81,219,0.8378839590443686,0.8405244755244755,0.9399141630901288,0.73,0.8217636022514071,0.9492540792540792,0.9541100027921677,0.04895104895104895,0.27,0.11478032232724303
Random standard-3 robustness evaluation — Old SID B - SID-only robustness training vs New Mixed B - SID and CIFAKE robustness training,CIFAKE,random_standard_3,ordered_chain_pattern,crop -> noise -> colour,mixed_sid_cifake_b,New Mixed B - SID and CIFAKE robustness training,5,611,0.5,283,21,62,245,0.8641571194762684,0.8644833276187212,0.9210526315789473,0.7980456026058632,0.8551483420593369,0.9408966226641523,0.9444780239549938,0.06907894736842106,0.20195439739413681,0.10186171235831025
Random standard-3 robustness evaluation — Old SID B - SID-only robustness training vs New Mixed B - SID and CIFAKE robustness training,CIFAKE,random_standard_3,ordered_chain_pattern,crop -> noise -> jpeg,mixed_sid_cifake_b,New Mixed B - SID and CIFAKE robustness training,5,622,0.5,287,4,130,201,0.7845659163987139,0.7967525254098276,0.9804878048780488,0.6072507552870091,0.75,0.9477683994144579,0.9574758051022654,0.013745704467353952,0.39274924471299094,0.15724208713068502
Random standard-3 robustness evaluation — Old SID B - SID-only robustness training vs New Mixed B - SID and CIFAKE robustness training,CIFAKE,random_standard_3,ordered_chain_pattern,crop -> noise -> resize,mixed_sid_cifake_b,New Mixed B - SID and CIFAKE robustness training,5,623,0.5,282,17,88,236,0.8314606741573034,0.8357694372187126,0.932806324110672,0.7283950617283951,0.8180242634315424,0.9345658367397497,0.9426658348894802,0.056856187290969896,0.2716049382716049,0.12172751858597677
Random standard-3 robustness evaluation — Old SID B - SID-only robustness training vs New Mixed B - SID and CIFAKE robustness training,CIFAKE,random_standard_3,ordered_chain_pattern,crop -> resize -> blur,mixed_sid_cifake_b,New Mixed B - SID and CIFAKE robustness training,5,569,0.5,275,11,65,218,0.8664323374340949,0.8659282413699375,0.9519650655021834,0.7703180212014135,0.8515625,0.9441794954162445,0.9475178099700464,0.038461538461538464,0.22968197879858657,0.10234262442891678
Random standard-3 robustness evaluation — Old SID B - SID-only robustness training vs New Mixed B - SID and CIFAKE robustness training,CIFAKE,random_standard_3,ordered_chain_pattern,crop -> resize -> colour,mixed_sid_cifake_b,New Mixed B - SID and CIFAKE robustness training,5,653,0.5,312,23,68,250,0.8606431852986217,0.858753402797334,0.9157509157509157,0.7861635220125787,0.8460236886632826,0.9392847085328075,0.9370115356427331,0.06865671641791045,0.2138364779874214,0.10411519667597269
Random standard-3 robustness evaluation — Old SID B - SID-only robustness training vs New Mixed B - SID and CIFAKE robustness training,CIFAKE,random_standard_3,ordered_chain_pattern,crop -> resize -> jpeg,mixed_sid_cifake_b,New Mixed B - SID and CIFAKE robustness training,5,631,0.5,300,11,79,241,0.8573692551505546,0.8588776125401929,0.9563492063492064,0.753125,0.8426573426573427,0.9580184887459806,0.9619197767886022,0.03536977491961415,0.246875,0.10015911769161445
Random standard-3 robustness evaluation — Old SID B - SID-only robustness training vs New Mixed B - SID and CIFAKE robustness training,CIFAKE,random_standard_3,ordered_chain_pattern,crop -> resize -> noise,mixed_sid_cifake_b,New Mixed B - SID and CIFAKE robustness training,5,594,0.5,265,20,99,210,0.7996632996632996,0.8047181059444728,0.9130434782608695,0.6796116504854369,0.7792207792207793,0.9051041844092432,0.9184129069860343,0.07017543859649122,0.32038834951456313,0.14130589382709416
Random standard-3 robustness evaluation — Old SID B - SID-only robustness training vs New Mixed B - SID and CIFAKE robustness training,CIFAKE,random_standard_3,ordered_chain_pattern,jpeg -> blur -> colour,mixed_sid_cifake_b,New Mixed B - SID and CIFAKE robustness training,5,636,0.5,307,10,73,246,0.8694968553459119,0.8698070666416147,0.9609375,0.7711598746081505,0.8556521739130435,0.9643305677244545,0.9647045912860549,0.031545741324921134,0.22884012539184953,0.09264198111635018
Random standard-3 robustness evaluation — Old SID B - SID-only robustness training vs New Mixed B - SID and CIFAKE robustness training,CIFAKE,random_standard_3,ordered_chain_pattern,jpeg -> blur -> crop,mixed_sid_cifake_b,New Mixed B - SID and CIFAKE robustness training,5,580,0.5,296,11,67,206,0.8655172413793103,0.8593740678431232,0.9493087557603687,0.7545787545787546,0.8408163265306122,0.9537053608714845,0.9519688881341524,0.035830618892508145,0.2454212454212454,0.09975550467290421
Random standard-3 robustness evaluation — Old SID B - SID-only robustness training vs New Mixed B - SID and CIFAKE robustness training,CIFAKE,random_standard_3,ordered_chain_pattern,jpeg -> blur -> noise,mixed_sid_cifake_b,New Mixed B - SID and CIFAKE robustness training,5,576,0.5,253,20,75,228,0.8350694444444444,0.8396075871323396,0.9193548387096774,0.7524752475247525,0.8275862068965517,0.9346703901159347,0.942368064751724,0.07326007326007326,0.24752475247524752,0.11965889286703041
Random standard-3 robustness evaluation — Old SID B - SID-only robustness training vs New Mixed B - SID and CIFAKE robustness training,CIFAKE,random_standard_3,ordered_chain_pattern,jpeg -> blur -> resize,mixed_sid_cifake_b,New Mixed B - SID and CIFAKE robustness training,5,629,0.5,289,7,73,260,0.8728139904610492,0.878566066066066,0.9737827715355806,0.7807807807807807,0.8666666666666667,0.9656176446716987,0.9710606585079539,0.02364864864864865,0.21921921921921922,0.09253778850474788
Random standard-3 robustness evaluation — Old SID B - SID-only robustness training vs New Mixed B - SID and CIFAKE robustness training,CIFAKE,random_standard_3,ordered_chain_pattern,jpeg -> colour -> blur,mixed_sid_cifake_b,New Mixed B - SID and CIFAKE robustness training,5,624,0.5,295,12,71,246,0.8669871794871795,0.8684686443551619,0.9534883720930233,0.7760252365930599,0.8556521739130435,0.9663683350630401,0.968542484476234,0.03908794788273615,0.22397476340694006,0.09065364525589509
Random standard-3 robustness evaluation — Old SID B - SID-only robustness training vs New Mixed B - SID and CIFAKE robustness training,CIFAKE,random_standard_3,ordered_chain_pattern,jpeg -> colour -> crop,mixed_sid_cifake_b,New Mixed B - SID and CIFAKE robustness training,5,652,0.5,307,18,50,277,0.8957055214723927,0.8958550929193131,0.9389830508474576,0.8470948012232415,0.8906752411575563,0.970764525993884,0.9715046673268525,0.055384615384615386,0.1529051987767584,0.07481336927980742
Random standard-3 robustness evaluation — Old SID B - SID-only robustness training vs New Mixed B - SID and CIFAKE robustness training,CIFAKE,random_standard_3,ordered_chain_pattern,jpeg -> colour -> noise,mixed_sid_cifake_b,New Mixed B - SID and CIFAKE robustness training,5,657,0.5,299,23,39,296,0.9056316590563166,0.9060767590618337,0.9278996865203761,0.8835820895522388,0.9051987767584098,0.9719384444238436,0.9741848889004296,0.07142857142857142,0.11641791044776119,0.06581035935249452
Random standard-3 robustness evaluation — Old SID B - SID-only robustness training vs New Mixed B - SID and CIFAKE robustness training,CIFAKE,random_standard_3,ordered_chain_pattern,jpeg -> colour -> resize,mixed_sid_cifake_b,New Mixed B - SID and CIFAKE robustness training,5,650,0.5,306,10,70,264,0.8769230769230769,0.8793867960281968,0.9635036496350365,0.7904191616766467,0.868421052631579,0.9640244826802091,0.9694044325127733,0.03164556962025317,0.20958083832335328,0.08915195351052878
Random standard-3 robustness evaluation — Old SID B - SID-only robustness training vs New Mixed B - SID and CIFAKE robustness training,CIFAKE,random_standard_3,ordered_chain_pattern,jpeg -> crop -> blur,mixed_sid_cifake_b,New Mixed B - SID and CIFAKE robustness training,5,642,0.5,300,11,77,254,0.8629283489096573,0.8660009131444226,0.9584905660377359,0.7673716012084593,0.8523489932885906,0.9628719363518908,0.96851930719748,0.03536977491961415,0.2326283987915408,0.09808072423216713
Random standard-3 robustness evaluation — Old SID B - SID-only robustness training vs New Mixed B - SID and CIFAKE robustness training,CIFAKE,random_standard_3,ordered_chain_pattern,jpeg -> crop -> colour,mixed_sid_cifake_b,New Mixed B - SID and CIFAKE robustness training,5,575,0.5,261,13,43,258,0.9026086956521739,0.9048488008342023,0.9520295202952029,0.8571428571428571,0.9020979020979021,0.9739069282440527,0.9761378757124018,0.04744525547445255,0.14285714285714285,0.07583051949433013
Random standard-3 robustness evaluation — Old SID B - SID-only robustness training vs New Mixed B - SID and CIFAKE robustness training,CIFAKE,random_standard_3,ordered_chain_pattern,jpeg -> crop -> noise,mixed_sid_cifake_b,New Mixed B - SID and CIFAKE robustness training,5,578,0.5,284,8,40,246,0.916955017301038,0.9163712999329438,0.968503937007874,0.8601398601398601,0.9111111111111111,0.9777397260273972,0.9810477020580224,0.0273972602739726,0.13986013986013987,0.05993058659844156
Random standard-3 robustness evaluation — Old SID B - SID-only robustness training vs New Mixed B - SID and CIFAKE robustness training,CIFAKE,random_standard_3,ordered_chain_pattern,jpeg -> crop -> resize,mixed_sid_cifake_b,New Mixed B - SID and CIFAKE robustness training,5,601,0.5,304,16,55,226,0.8818635607321131,0.877135231316726,0.9338842975206612,0.8042704626334519,0.864244741873805,0.9621886120996441,0.9560538997297168,0.05,0.19572953736654805,0.08336810639818996
Random standard-3 robustness evaluation — Old SID B - SID-only robustness training vs New Mixed B - SID and CIFAKE robustness training,CIFAKE,random_standard_3,ordered_chain_pattern,jpeg -> noise -> blur,mixed_sid_cifake_b,New Mixed B - SID and CIFAKE robustness training,5,584,0.5,289,7,69,219,0.8698630136986302,0.8683840090090089,0.9690265486725663,0.7604166666666666,0.8521400778210116,0.9711782094594594,0.9713499282019098,0.02364864864864865,0.23958333333333334,0.08951682841714967
Random standard-3 robustness evaluation — Old SID B - SID-only robustness training vs New Mixed B - SID and CIFAKE robustness training,CIFAKE,random_standard_3,ordered_chain_pattern,jpeg -> noise -> colour,mixed_sid_cifake_b,New Mixed B - SID and CIFAKE robustness training,5,614,0.5,276,27,31,280,0.9055374592833876,0.9056063162586355,0.9120521172638436,0.9003215434083601,0.9061488673139159,0.9648636889412414,0.9667641709131111,0.0891089108910891,0.09967845659163987,0.07047217200656869
Random standard-3 robustness evaluation — Old SID B - SID-only robustness training vs New Mixed B - SID and CIFAKE robustness training,CIFAKE,random_standard_3,ordered_chain_pattern,jpeg -> noise -> crop,mixed_sid_cifake_b,New Mixed B - SID and CIFAKE robustness training,5,600,0.5,305,11,45,239,0.9066666666666666,0.9033695845961847,0.956,0.8415492957746479,0.8951310861423221,0.9633958816188268,0.9638782622706046,0.03481012658227848,0.15845070422535212,0.07415857390752284
Random standard-3 robustness evaluation — Old SID B - SID-only robustness training vs New Mixed B - SID and CIFAKE robustness training,CIFAKE,random_standard_3,ordered_chain_pattern,jpeg -> noise -> resize,mixed_sid_cifake_b,New Mixed B - SID and CIFAKE robustness training,5,557,0.5,267,8,69,213,0.8617594254937163,0.8631141199226307,0.9638009049773756,0.7553191489361702,0.8469184890656064,0.9542101869761443,0.9614657789645252,0.02909090909090909,0.24468085106382978,0.10027165992575296
Random standard-3 robustness evaluation — Old SID B - SID-only robustness training vs New Mixed B - SID and CIFAKE robustness training,CIFAKE,random_standard_3,ordered_chain_pattern,jpeg -> resize -> blur,mixed_sid_cifake_b,New Mixed B - SID and CIFAKE robustness training,5,628,0.5,289,12,53,274,0.8964968152866242,0.8990266898310423,0.958041958041958,0.8379204892966361,0.8939641109298532,0.9688296910400601,0.971879207125673,0.03986710963455149,0.1620795107033639,0.0783456107683427
Random standard-3 robustness evaluation — Old SID B - SID-only robustness training vs New Mixed B - SID and CIFAKE robustness training,CIFAKE,random_standard_3,ordered_chain_pattern,jpeg -> resize -> colour,mixed_sid_cifake_b,New Mixed B - SID and CIFAKE robustness training,5,603,0.5,288,23,67,225,0.8507462686567164,0.8482964806413249,0.907258064516129,0.7705479452054794,0.8333333333333334,0.9387195524820509,0.9425709981320058,0.07395498392282958,0.22945205479452055,0.10532217823016987
Random standard-3 robustness evaluation — Old SID B - SID-only robustness training vs New Mixed B - SID and CIFAKE robustness training,CIFAKE,random_standard_3,ordered_chain_pattern,jpeg -> resize -> crop,mixed_sid_cifake_b,New Mixed B - SID and CIFAKE robustness training,5,628,0.5,299,14,68,247,0.8694267515923567,0.8696992748110959,0.946360153256705,0.7841269841269841,0.8576388888888888,0.9527156549520767,0.9539808340643995,0.04472843450479233,0.21587301587301588,0.09711675456965521
Random standard-3 robustness evaluation — Old SID B - SID-only robustness training vs New Mixed B - SID and CIFAKE robustness training,CIFAKE,random_standard_3,ordered_chain_pattern,jpeg -> resize -> noise,mixed_sid_cifake_b,New Mixed B - SID and CIFAKE robustness training,5,628,0.5,301,23,86,218,0.8264331210191083,0.8230588044184535,0.9045643153526971,0.7171052631578947,0.8,0.9141183398310591,0.9225860028956867,0.07098765432098765,0.28289473684210525,0.12423890148858863
Random standard-3 robustness evaluation — Old SID B - SID-only robustness training vs New Mixed B - SID and CIFAKE robustness training,CIFAKE,random_standard_3,ordered_chain_pattern,noise -> blur -> colour,mixed_sid_cifake_b,New Mixed B - SID and CIFAKE robustness training,5,605,0.5,267,8,71,259,0.8694214876033057,0.8778787878787879,0.9700374531835206,0.7848484848484848,0.8676716917922948,0.9598126721763086,0.9683987573550156,0.02909090909090909,0.21515151515151515,0.10094696603418532
Random standard-3 robustness evaluation — Old SID B - SID-only robustness training vs New Mixed B - SID and CIFAKE robustness training,CIFAKE,random_standard_3,ordered_chain_pattern,noise -> blur -> crop,mixed_sid_cifake_b,New Mixed B - SID and CIFAKE robustness training,5,606,0.5,295,8,89,214,0.8399339933993399,0.8399339933993399,0.963963963963964,0.7062706270627063,0.8152380952380952,0.9477502205666112,0.9531043995335636,0.026402640264026403,0.29372937293729373,0.12148231869109427
Random standard-3 robustness evaluation — Old SID B - SID-only robustness training vs New Mixed B - SID and CIFAKE robustness training,CIFAKE,random_standard_3,ordered_chain_pattern,noise -> blur -> jpeg,mixed_sid_cifake_b,New Mixed B - SID and CIFAKE robustness training,5,604,0.5,282,4,92,226,0.8410596026490066,0.8483529049566785,0.9826086956521739,0.710691823899371,0.8248175182481752,0.9612635791881077,0.9688380479958278,0.013986013986013986,0.2893081761006289,0.1200797510474267
Random standard-3 robustness evaluation — Old SID B - SID-only robustness training vs New Mixed B - SID and CIFAKE robustness training,CIFAKE,random_standard_3,ordered_chain_pattern,noise -> blur -> resize,mixed_sid_cifake_b,New Mixed B - SID and CIFAKE robustness training,5,626,0.5,299,13,92,222,0.8322683706070287,0.8326698513800425,0.9446808510638298,0.7070063694267515,0.8087431693989071,0.9448901682181937,0.9487393983661243,0.041666666666666664,0.2929936305732484,0.11886909911196977
Random standard-3 robustness evaluation — Old SID B - SID-only robustness training vs New Mixed B - SID and CIFAKE robustness training,CIFAKE,random_standard_3,ordered_chain_pattern,noise -> colour -> blur,mixed_sid_cifake_b,New Mixed B - SID and CIFAKE robustness training,5,599,0.5,294,10,78,217,0.8530884808013356,0.8513492417484388,0.9559471365638766,0.735593220338983,0.8314176245210728,0.9542149866190901,0.9556286478502342,0.03289473684210526,0.26440677966101694,0.1110838139742611
Random standard-3 robustness evaluation — Old SID B - SID-only robustness training vs New Mixed B - SID and CIFAKE robustness training,CIFAKE,random_standard_3,ordered_chain_pattern,noise -> colour -> crop,mixed_sid_cifake_b,New Mixed B - SID and CIFAKE robustness training,5,605,0.5,256,28,61,260,0.8528925619834711,0.8556886490281251,0.9027777777777778,0.8099688473520249,0.8538587848932676,0.9380457198016761,0.9457639639870291,0.09859154929577464,0.19003115264797507,0.10705540358481128
Random standard-3 robustness evaluation — Old SID B - SID-only robustness training vs New Mixed B - SID and CIFAKE robustness training,CIFAKE,random_standard_3,ordered_chain_pattern,noise -> colour -> jpeg,mixed_sid_cifake_b,New Mixed B - SID and CIFAKE robustness training,5,612,0.5,297,9,69,237,0.8725490196078431,0.8725490196078431,0.9634146341463414,0.7745098039215687,0.8586956521739131,0.9669144346191636,0.966179867128432,0.029411764705882353,0.22549019607843138,0.091708240911745
Random standard-3 robustness evaluation — Old SID B - SID-only robustness training vs New Mixed B - SID and CIFAKE robustness training,CIFAKE,random_standard_3,ordered_chain_pattern,noise -> colour -> resize,mixed_sid_cifake_b,New Mixed B - SID and CIFAKE robustness training,5,605,0.5,279,18,78,230,0.8413223140495868,0.8430735930735931,0.9274193548387096,0.7467532467532467,0.8273381294964028,0.9395797804888714,0.9408668721981095,0.06060606060606061,0.2532467532467532,0.11489109479415426
Random standard-3 robustness evaluation — Old SID B - SID-only robustness training vs New Mixed B - SID and CIFAKE robustness training,CIFAKE,random_standard_3,ordered_chain_pattern,noise -> crop -> blur,mixed_sid_cifake_b,New Mixed B - SID and CIFAKE robustness training,5,605,0.5,295,15,94,201,0.8198347107438017,0.8164844177145982,0.9305555555555556,0.6813559322033899,0.786692759295499,0.9368944778567524,0.9397187133801758,0.04838709677419355,0.31864406779661014,0.12747375363298177
Random standard-3 robustness evaluation — Old SID B - SID-only robustness training vs New Mixed B - SID and CIFAKE robustness training,CIFAKE,random_standard_3,ordered_chain_pattern,noise -> crop -> colour,mixed_sid_cifake_b,New Mixed B - SID and CIFAKE robustness training,5,619,0.5,273,28,56,262,0.864297253634895,0.8654380576276144,0.903448275862069,0.8238993710691824,0.8618421052631579,0.9442424622328089,0.9471993500636917,0.09302325581395349,0.1761006289308176,0.09867091501219519
Random standard-3 robustness evaluation — Old SID B - SID-only robustness training vs New Mixed B - SID and CIFAKE robustness training,CIFAKE,random_standard_3,ordered_chain_pattern,noise -> crop -> jpeg,mixed_sid_cifake_b,New Mixed B - SID and CIFAKE robustness training,5,613,0.5,302,4,118,189,0.800978792822186,0.801281641864129,0.9792746113989638,0.6156351791530945,0.756,0.9624129782206042,0.965660124217318,0.013071895424836602,0.38436482084690554,0.14430866522657493
Random standard-3 robustness evaluation — Old SID B - SID-only robustness training vs New Mixed B - SID and CIFAKE robustness training,CIFAKE,random_standard_3,ordered_chain_pattern,noise -> crop -> resize,mixed_sid_cifake_b,New Mixed B - SID and CIFAKE robustness training,5,624,0.5,295,19,79,231,0.842948717948718,0.8423258680912267,0.924,0.7451612903225806,0.825,0.9373279227450174,0.9419417963118216,0.06050955414012739,0.25483870967741934,0.11180022992696806
Random standard-3 robustness evaluation — Old SID B - SID-only robustness training vs New Mixed B - SID and CIFAKE robustness training,CIFAKE,random_standard_3,ordered_chain_pattern,noise -> jpeg -> blur,mixed_sid_cifake_b,New Mixed B - SID and CIFAKE robustness training,5,632,0.5,295,6,103,228,0.8275316455696202,0.8344440987242927,0.9743589743589743,0.6888217522658611,0.8070796460176991,0.9651915568447572,0.9713258650906886,0.019933554817275746,0.311178247734139,0.12015267225427077
Random standard-3 robustness evaluation — Old SID B - SID-only robustness training vs New Mixed B - SID and CIFAKE robustness training,CIFAKE,random_standard_3,ordered_chain_pattern,noise -> jpeg -> colour,mixed_sid_cifake_b,New Mixed B - SID and CIFAKE robustness training,5,613,0.5,306,9,57,241,0.8923327895595432,0.8900767018216682,0.964,0.8087248322147651,0.8795620437956204,0.9696069031639502,0.9667306445256038,0.02857142857142857,0.1912751677852349,0.08161570362670967
Random standard-3 robustness evaluation — Old SID B - SID-only robustness training vs New Mixed B - SID and CIFAKE robustness training,CIFAKE,random_standard_3,ordered_chain_pattern,noise -> jpeg -> crop,mixed_sid_cifake_b,New Mixed B - SID and CIFAKE robustness training,5,587,0.5,284,6,86,211,0.8432708688245315,0.8448740276326483,0.9723502304147466,0.7104377104377104,0.8210116731517509,0.9680831301520956,0.9699914562050493,0.020689655172413793,0.2895622895622896,0.11519911678085053
Random standard-3 robustness evaluation — Old SID B - SID-only robustness training vs New Mixed B - SID and CIFAKE robustness training,CIFAKE,random_standard_3,ordered_chain_pattern,noise -> jpeg -> resize,mixed_sid_cifake_b,New Mixed B - SID and CIFAKE robustness training,5,612,0.5,308,6,78,220,0.8627450980392157,0.859573376651135,0.9734513274336283,0.738255033557047,0.8396946564885496,0.9567285085281921,0.9593985723551306,0.01910828025477707,0.26174496644295303,0.10228237009442093
Random standard-3 robustness evaluation — Old SID B - SID-only robustness training vs New Mixed B - SID and CIFAKE robustness training,CIFAKE,random_standard_3,ordered_chain_pattern,noise -> resize -> blur,mixed_sid_cifake_b,New Mixed B - SID and CIFAKE robustness training,5,559,0.5,276,10,80,193,0.8389982110912343,0.835997335997336,0.9507389162561576,0.706959706959707,0.8109243697478992,0.9405978636747868,0.9363169009842259,0.03496503496503497,0.29304029304029305,0.11640043251731202
Random standard-3 robustness evaluation — Old SID B - SID-only robustness training vs New Mixed B - SID and CIFAKE robustness training,CIFAKE,random_standard_3,ordered_chain_pattern,noise -> resize -> colour,mixed_sid_cifake_b,New Mixed B - SID and CIFAKE robustness training,5,620,0.5,308,20,73,219,0.85,0.8445121951219512,0.9163179916317992,0.75,0.8248587570621468,0.9371867691279653,0.9365288315731515,0.06097560975609756,0.25,0.10927635162946213
Random standard-3 robustness evaluation — Old SID B - SID-only robustness training vs New Mixed B - SID and CIFAKE robustness training,CIFAKE,random_standard_3,ordered_chain_pattern,noise -> resize -> crop,mixed_sid_cifake_b,New Mixed B - SID and CIFAKE robustness training,5,625,0.5,289,7,94,235,0.8384,0.8453185328185329,0.9710743801652892,0.7142857142857143,0.8231173380035026,0.948400147868233,0.9551595174858978,0.02364864864864865,0.2857142857142857,0.12097702129556676
Random standard-3 robustness evaluation — Old SID B - SID-only robustness training vs New Mixed B - SID and CIFAKE robustness training,CIFAKE,random_standard_3,ordered_chain_pattern,noise -> resize -> jpeg,mixed_sid_cifake_b,New Mixed B - SID and CIFAKE robustness training,5,620,0.5,289,7,97,227,0.832258064516129,0.8384843176509843,0.9700854700854701,0.7006172839506173,0.8136200716845878,0.9553407574240907,0.9618015164906712,0.02364864864864865,0.2993827160493827,0.11916599290809358
Random standard-3 robustness evaluation — Old SID B - SID-only robustness training vs New Mixed B - SID and CIFAKE robustness training,CIFAKE,random_standard_3,ordered_chain_pattern,resize -> blur -> colour,mixed_sid_cifake_b,New Mixed B - SID and CIFAKE robustness training,5,600,0.5,271,19,80,230,0.835,0.8382091212458287,0.9236947791164659,0.7419354838709677,0.8228980322003577,0.9390545050055618,0.9468957221522611,0.06551724137931035,0.25806451612903225,0.11484645366181603
Random standard-3 robustness evaluation — Old SID B - SID-only robustness training vs New Mixed B - SID and CIFAKE robustness training,CIFAKE,random_standard_3,ordered_chain_pattern,resize -> blur -> crop,mixed_sid_cifake_b,New Mixed B - SID and CIFAKE robustness training,5,589,0.5,251,18,97,223,0.8047538200339559,0.814980250929368,0.9253112033195021,0.696875,0.7950089126559715,0.9206668215613383,0.9349834152702098,0.06691449814126393,0.303125,0.13986768675125336
Random standard-3 robustness evaluation — Old SID B - SID-only robustness training vs New Mixed B - SID and CIFAKE robustness training,CIFAKE,random_standard_3,ordered_chain_pattern,resize -> blur -> jpeg,mixed_sid_cifake_b,New Mixed B - SID and CIFAKE robustness training,5,641,0.5,319,5,91,226,0.8502340093603744,0.8487508275888929,0.9783549783549783,0.7129337539432177,0.8248175182481752,0.9704404720177591,0.971956686377343,0.015432098765432098,0.2870662460567823,0.10127375716531632
Random standard-3 robustness evaluation — Old SID B - SID-only robustness training vs New Mixed B - SID and CIFAKE robustness training,CIFAKE,random_standard_3,ordered_chain_pattern,resize -> blur -> noise,mixed_sid_cifake_b,New Mixed B - SID and CIFAKE robustness training,5,616,0.5,282,26,90,218,0.8116883116883117,0.8116883116883117,0.8934426229508197,0.7077922077922078,0.7898550724637681,0.9065925957159723,0.9093757676439242,0.08441558441558442,0.2922077922077922,0.13464239428707678
Random standard-3 robustness evaluation — Old SID B - SID-only robustness training vs New Mixed B - SID and CIFAKE robustness training,CIFAKE,random_standard_3,ordered_chain_pattern,resize -> colour -> blur,mixed_sid_cifake_b,New Mixed B - SID and CIFAKE robustness training,5,573,0.5,254,27,70,222,0.8307155322862129,0.8320942816750354,0.891566265060241,0.7602739726027398,0.8207024029574861,0.9265587676107834,0.9327882659020642,0.09608540925266904,0.23972602739726026,0.12022157483040395
Random standard-3 robustness evaluation — Old SID B - SID-only robustness training vs New Mixed B - SID and CIFAKE robustness training,CIFAKE,random_standard_3,ordered_chain_pattern,resize -> colour -> crop,mixed_sid_cifake_b,New Mixed B - SID and CIFAKE robustness training,5,618,0.5,289,11,80,238,0.8527508090614887,0.8558805031446541,0.9558232931726908,0.7484276729559748,0.8395061728395061,0.9494863731656185,0.9524782661296584,0.03666666666666667,0.25157232704402516,0.11375326737890594
Random standard-3 robustness evaluation — Old SID B - SID-only robustness training vs New Mixed B - SID and CIFAKE robustness training,CIFAKE,random_standard_3,ordered_chain_pattern,resize -> colour -> jpeg,mixed_sid_cifake_b,New Mixed B - SID and CIFAKE robustness training,5,598,0.5,256,18,86,238,0.8260869565217391,0.8344372352888167,0.9296875,0.7345679012345679,0.8206896551724138,0.9314229070920068,0.945381508713772,0.06569343065693431,0.2654320987654321,0.12874629508482938
Random standard-3 robustness evaluation — Old SID B - SID-only robustness training vs New Mixed B - SID and CIFAKE robustness training,CIFAKE,random_standard_3,ordered_chain_pattern,resize -> colour -> noise,mixed_sid_cifake_b,New Mixed B - SID and CIFAKE robustness training,5,605,0.5,275,24,95,211,0.8033057851239669,0.8046374625658513,0.8978723404255319,0.6895424836601307,0.7800369685767098,0.9168142173257263,0.9186797292463439,0.0802675585284281,0.3104575163398693,0.13281978190823024
Random standard-3 robustness evaluation — Old SID B - SID-only robustness training vs New Mixed B - SID and CIFAKE robustness training,CIFAKE,random_standard_3,ordered_chain_pattern,resize -> crop -> blur,mixed_sid_cifake_b,New Mixed B - SID and CIFAKE robustness training,5,640,0.5,287,16,92,245,0.83125,0.8370988434154989,0.9386973180076629,0.7270029673590505,0.8193979933110368,0.9309476941759458,0.941859618029649,0.052805280528052806,0.27299703264094954,0.1208470383952076
Random standard-3 robustness evaluation — Old SID B - SID-only robustness training vs New Mixed B - SID and CIFAKE robustness training,CIFAKE,random_standard_3,ordered_chain_pattern,resize -> crop -> colour,mixed_sid_cifake_b,New Mixed B - SID and CIFAKE robustness training,5,604,0.5,264,22,73,245,0.8427152317880795,0.8467585873246251,0.9176029962546817,0.7704402515723271,0.8376068376068376,0.9383603817566081,0.9457864799395233,0.07692307692307693,0.22955974842767296,0.11434853531448251
Random standard-3 robustness evaluation — Old SID B - SID-only robustness training vs New Mixed B - SID and CIFAKE robustness training,CIFAKE,random_standard_3,ordered_chain_pattern,resize -> crop -> jpeg,mixed_sid_cifake_b,New Mixed B - SID and CIFAKE robustness training,5,658,0.5,315,11,111,221,0.8145896656534954,0.815960159657033,0.9525862068965517,0.6656626506024096,0.7836879432624113,0.9464853278143248,0.9491575041980191,0.03374233128834356,0.33433734939759036,0.12950958023745557
Random standard-3 robustness evaluation — Old SID B - SID-only robustness training vs New Mixed B - SID and CIFAKE robustness training,CIFAKE,random_standard_3,ordered_chain_pattern,resize -> crop -> noise,mixed_sid_cifake_b,New Mixed B - SID and CIFAKE robustness training,5,663,0.5,319,30,105,209,0.7963800904977375,0.7898226050772909,0.8744769874476988,0.6656050955414012,0.755877034358047,0.8890460460277771,0.8877890635918316,0.08595988538681948,0.3343949044585987,0.1440721134256867
Random standard-3 robustness evaluation — Old SID B - SID-only robustness training vs New Mixed B - SID and CIFAKE robustness training,CIFAKE,random_standard_3,ordered_chain_pattern,resize -> jpeg -> blur,mixed_sid_cifake_b,New Mixed B - SID and CIFAKE robustness training,5,614,0.5,259,9,67,279,0.8762214983713354,0.8863881459753257,0.96875,0.8063583815028902,0.8801261829652997,0.9611875593132603,0.9691098765676122,0.033582089552238806,0.1936416184971098,0.09015773780095906
Random standard-3 robustness evaluation — Old SID B - SID-only robustness training vs New Mixed B - SID and CIFAKE robustness training,CIFAKE,random_standard_3,ordered_chain_pattern,resize -> jpeg -> colour,mixed_sid_cifake_b,New Mixed B - SID and CIFAKE robustness training,5,618,0.5,295,16,78,229,0.8478964401294499,0.8472406967122972,0.9346938775510204,0.745928338762215,0.8297101449275363,0.9490138986352733,0.9536885777054331,0.05144694533762058,0.254071661237785,0.10590225631506564
Random standard-3 robustness evaluation — Old SID B - SID-only robustness training vs New Mixed B - SID and CIFAKE robustness training,CIFAKE,random_standard_3,ordered_chain_pattern,resize -> jpeg -> crop,mixed_sid_cifake_b,New Mixed B - SID and CIFAKE robustness training,5,629,0.5,291,14,89,235,0.8362480127186009,0.8397035013155232,0.9437751004016064,0.7253086419753086,0.8202443280977313,0.9486338797814208,0.9532574487186342,0.04590163934426229,0.27469135802469136,0.1179277077175573
Random standard-3 robustness evaluation — Old SID B - SID-only robustness training vs New Mixed B - SID and CIFAKE robustness training,CIFAKE,random_standard_3,ordered_chain_pattern,resize -> jpeg -> noise,mixed_sid_cifake_b,New Mixed B - SID and CIFAKE robustness training,5,607,0.5,297,19,67,224,0.8583196046128501,0.8548164339466702,0.9218106995884774,0.7697594501718213,0.8389513108614233,0.9410261429379269,0.9386537949600691,0.060126582278481014,0.23024054982817868,0.10237169148470474
Random standard-3 robustness evaluation — Old SID B - SID-only robustness training vs New Mixed B - SID and CIFAKE robustness training,CIFAKE,random_standard_3,ordered_chain_pattern,resize -> noise -> blur,mixed_sid_cifake_b,New Mixed B - SID and CIFAKE robustness training,5,639,0.5,306,6,109,218,0.8200312989045383,0.8237179487179487,0.9732142857142857,0.6666666666666666,0.7912885662431942,0.938759507566847,0.949451068638374,0.019230769230769232,0.3333333333333333,0.13101936922612487
Random standard-3 robustness evaluation — Old SID B - SID-only robustness training vs New Mixed B - SID and CIFAKE robustness training,CIFAKE,random_standard_3,ordered_chain_pattern,resize -> noise -> colour,mixed_sid_cifake_b,New Mixed B - SID and CIFAKE robustness training,5,628,0.5,262,29,101,236,0.7929936305732485,0.8003201892583642,0.8905660377358491,0.7002967359050445,0.7840531561461794,0.8974680575524896,0.9149152243152604,0.09965635738831616,0.2997032640949555,0.143288683636801
Random standard-3 robustness evaluation — Old SID B - SID-only robustness training vs New Mixed B - SID and CIFAKE robustness training,CIFAKE,random_standard_3,ordered_chain_pattern,resize -> noise -> crop,mixed_sid_cifake_b,New Mixed B - SID and CIFAKE robustness training,5,587,0.5,265,20,127,175,0.7495741056218058,0.7546473800395027,0.8974358974358975,0.5794701986754967,0.704225352112676,0.8927152317880794,0.9049468259538953,0.07017543859649122,0.4205298013245033,0.16714420480298534
Random standard-3 robustness evaluation — Old SID B - SID-only robustness training vs New Mixed B - SID and CIFAKE robustness training,CIFAKE,random_standard_3,ordered_chain_pattern,resize -> noise -> jpeg,mixed_sid_cifake_b,New Mixed B - SID and CIFAKE robustness training,5,618,0.5,313,7,161,137,0.7281553398058253,0.7189282718120805,0.9513888888888888,0.4597315436241611,0.6199095022624435,0.8949769295302014,0.8975448477773567,0.021875,0.540268456375839,0.21033343044809305
Random standard-3 robustness evaluation — Old SID B - SID-only robustness training vs New Mixed B - SID and CIFAKE robustness training,CIFAKE,random_standard_3,ordered_chain_pattern,blur -> colour -> crop,old_sid_b,Old SID B - SID-only robustness training,5,620,0.5,278,7,325,10,0.4645161290322581,0.5026446713799424,0.5882352941176471,0.029850746268656716,0.056818181818181816,0.51770620581304,0.5610975893933428,0.02456140350877193,0.9701492537313433,0.4270626661836238
Random standard-3 robustness evaluation — Old SID B - SID-only robustness training vs New Mixed B - SID and CIFAKE robustness training,CIFAKE,random_standard_3,ordered_chain_pattern,blur -> colour -> jpeg,old_sid_b,Old SID B - SID-only robustness training,5,652,0.5,312,3,330,7,0.4892638036809816,0.5056238519146531,0.7,0.020771513353115726,0.040345821325648415,0.5073901370637276,0.5219721167096973,0.009523809523809525,0.9792284866468842,0.4474839421387529
Random standard-3 robustness evaluation — Old SID B - SID-only robustness training vs New Mixed B - SID and CIFAKE robustness training,CIFAKE,random_standard_3,ordered_chain_pattern,blur -> colour -> noise,old_sid_b,Old SID B - SID-only robustness training,5,593,0.5,301,0,292,0,0.5075885328836425,0.5,0.0,0.0,0.0,0.5233354571519592,0.5182027599223786,0.0,1.0,0.48588021063273573
Random standard-3 robustness evaluation — Old SID B - SID-only robustness training vs New Mixed B - SID and CIFAKE robustness training,CIFAKE,random_standard_3,ordered_chain_pattern,blur -> colour -> resize,old_sid_b,Old SID B - SID-only robustness training,5,653,0.5,307,13,311,22,0.5038284839203675,0.512720533033033,0.6285714285714286,0.06606606606606606,0.11956521739130435,0.5075825825825826,0.529861309226112,0.040625,0.933933933933934,0.3607993605175173
Random standard-3 robustness evaluation — Old SID B - SID-only robustness training vs New Mixed B - SID and CIFAKE robustness training,CIFAKE,random_standard_3,ordered_chain_pattern,blur -> crop -> colour,old_sid_b,Old SID B - SID-only robustness training,5,603,0.5,283,11,299,10,0.4859038142620232,0.49747374678026546,0.47619047619047616,0.032362459546925564,0.06060606060606061,0.472161680206063,0.498943867717237,0.03741496598639456,0.9676375404530745,0.4124706084643691
Random standard-3 robustness evaluation — Old SID B - SID-only robustness training vs New Mixed B - SID and CIFAKE robustness training,CIFAKE,random_standard_3,ordered_chain_pattern,blur -> crop -> jpeg,old_sid_b,Old SID B - SID-only robustness training,5,598,0.5,274,2,318,4,0.46488294314381273,0.5025879917184265,0.6666666666666666,0.012422360248447204,0.024390243902439025,0.4957016833198308,0.5370284318493491,0.007246376811594203,0.9875776397515528,0.4475696630029816
Random standard-3 robustness evaluation — Old SID B - SID-only robustness training vs New Mixed B - SID and CIFAKE robustness training,CIFAKE,random_standard_3,ordered_chain_pattern,blur -> crop -> noise,old_sid_b,Old SID B - SID-only robustness training,5,596,0.5,314,0,282,0,0.5268456375838926,0.5,0.0,0.0,0.0,0.5038623119663911,0.4978191696338712,0.0,1.0,0.4677420855851193
Random standard-3 robustness evaluation — Old SID B - SID-only robustness training vs New Mixed B - SID and CIFAKE robustness training,CIFAKE,random_standard_3,ordered_chain_pattern,blur -> crop -> resize,old_sid_b,Old SID B - SID-only robustness training,5,595,0.5,276,8,297,14,0.48739495798319327,0.5084235315429555,0.6363636363636364,0.04501607717041801,0.08408408408408409,0.5301163896562656,0.5591923581572298,0.028169014084507043,0.954983922829582,0.3656478192591046
Random standard-3 robustness evaluation — Old SID B - SID-only robustness training vs New Mixed B - SID and CIFAKE robustness training,CIFAKE,random_standard_3,ordered_chain_pattern,blur -> jpeg -> colour,old_sid_b,Old SID B - SID-only robustness training,5,607,0.5,287,4,313,3,0.47775947281713343,0.49787398320936105,0.42857142857142855,0.00949367088607595,0.018575851393188854,0.47346557049023447,0.5003467536669598,0.013745704467353952,0.990506329113924,0.45895344587038445
Random standard-3 robustness evaluation — Old SID B - SID-only robustness training vs New Mixed B - SID and CIFAKE robustness training,CIFAKE,random_standard_3,ordered_chain_pattern,blur -> jpeg -> crop,old_sid_b,Old SID B - SID-only robustness training,5,627,0.5,303,7,312,5,0.49122807017543857,0.49659611275058513,0.4166666666666667,0.015772870662460567,0.030395136778115502,0.4952070825277297,0.5096889844778696,0.02258064516129032,0.9842271293375394,0.42501148284489093
Random standard-3 robustness evaluation — Old SID B - SID-only robustness training vs New Mixed B - SID and CIFAKE robustness training,CIFAKE,random_standard_3,ordered_chain_pattern,blur -> jpeg -> noise,old_sid_b,Old SID B - SID-only robustness training,5,628,0.5,327,0,301,0,0.5207006369426752,0.5,0.0,0.0,0.0,0.5439970739736049,0.5235202642510957,0.0,1.0,0.4744858563999687
Random standard-3 robustness evaluation — Old SID B - SID-only robustness training vs New Mixed B - SID and CIFAKE robustness training,CIFAKE,random_standard_3,ordered_chain_pattern,blur -> jpeg -> resize,old_sid_b,Old SID B - SID-only robustness training,5,602,0.5,285,10,292,15,0.4983388704318937,0.5074808148843372,0.6,0.048859934853420196,0.09036144578313253,0.5197151217357698,0.5314698555730086,0.03389830508474576,0.9511400651465798,0.37632288326528146
Random standard-3 robustness evaluation — Old SID B - SID-only robustness training vs New Mixed B - SID and CIFAKE robustness training,CIFAKE,random_standard_3,ordered_chain_pattern,blur -> noise -> colour,old_sid_b,Old SID B - SID-only robustness training,5,602,0.5,280,0,322,0,0.46511627906976744,0.5,0.0,0.0,0.0,0.5449201419698314,0.5796716766753278,0.0,1.0,0.5250334732672167
Random standard-3 robustness evaluation — Old SID B - SID-only robustness training vs New Mixed B - SID and CIFAKE robustness training,CIFAKE,random_standard_3,ordered_chain_pattern,blur -> noise -> crop,old_sid_b,Old SID B - SID-only robustness training,5,580,0.5,298,0,282,0,0.5137931034482759,0.5,0.0,0.0,0.0,0.5079727735732305,0.48977589677732003,0.0,1.0,0.47140068686666015
Random standard-3 robustness evaluation — Old SID B - SID-only robustness training vs New Mixed B - SID and CIFAKE robustness training,CIFAKE,random_standard_3,ordered_chain_pattern,blur -> noise -> jpeg,old_sid_b,Old SID B - SID-only robustness training,5,556,0.5,279,0,277,0,0.5017985611510791,0.5,0.0,0.0,0.0,0.48729992365720787,0.4948515190291788,0.0,1.0,0.48340393628191547
Random standard-3 robustness evaluation — Old SID B - SID-only robustness training vs New Mixed B - SID and CIFAKE robustness training,CIFAKE,random_standard_3,ordered_chain_pattern,blur -> noise -> resize,old_sid_b,Old SID B - SID-only robustness training,5,660,0.5,322,10,306,22,0.5212121212121212,0.5184763444019982,0.6875,0.06707317073170732,0.12222222222222222,0.5369894210990303,0.549904604926269,0.030120481927710843,0.9329268292682927,0.3724249977983982
Random standard-3 robustness evaluation — Old SID B - SID-only robustness training vs New Mixed B - SID and CIFAKE robustness training,CIFAKE,random_standard_3,ordered_chain_pattern,blur -> resize -> colour,old_sid_b,Old SID B - SID-only robustness training,5,632,0.5,276,26,314,16,0.4620253164556962,0.4811960666265302,0.38095238095238093,0.048484848484848485,0.08602150537634409,0.4920630142484447,0.5076313591009574,0.08609271523178808,0.9515151515151515,0.37580128828793524
Random standard-3 robustness evaluation — Old SID B - SID-only robustness training vs New Mixed B - SID and CIFAKE robustness training,CIFAKE,random_standard_3,ordered_chain_pattern,blur -> resize -> crop,old_sid_b,Old SID B - SID-only robustness training,5,616,0.5,286,12,304,14,0.487012987012987,0.5018783504284328,0.5384615384615384,0.0440251572327044,0.08139534883720931,0.4898959520493014,0.5381893646749923,0.040268456375838924,0.9559748427672956,0.36186294563072885
Random standard-3 robustness evaluation — Old SID B - SID-only robustness training vs New Mixed B - SID and CIFAKE robustness training,CIFAKE,random_standard_3,ordered_chain_pattern,blur -> resize -> jpeg,old_sid_b,Old SID B - SID-only robustness training,5,606,0.5,278,10,306,12,0.47854785478547857,0.5015068134171908,0.5454545454545454,0.03773584905660377,0.07058823529411765,0.47327044025157233,0.5149379971377874,0.034722222222222224,0.9622641509433962,0.4161735461465001
Random standard-3 robustness evaluation — Old SID B - SID-only robustness training vs New Mixed B - SID and CIFAKE robustness training,CIFAKE,random_standard_3,ordered_chain_pattern,blur -> resize -> noise,old_sid_b,Old SID B - SID-only robustness training,5,636,0.5,323,0,313,0,0.5078616352201258,0.5,0.0,0.0,0.0,0.5595604308647959,0.53677683240824,0.0,1.0,0.4825358837711526
Random standard-3 robustness evaluation — Old SID B - SID-only robustness training vs New Mixed B - SID and CIFAKE robustness training,CIFAKE,random_standard_3,ordered_chain_pattern,colour -> blur -> crop,old_sid_b,Old SID B - SID-only robustness training,5,634,0.5,313,5,306,10,0.5094637223974764,0.5079611495900008,0.6666666666666666,0.03164556962025317,0.06042296072507553,0.5157630761882016,0.5360642644605003,0.015723270440251572,0.9683544303797469,0.39739095837026917
Random standard-3 robustness evaluation — Old SID B - SID-only robustness training vs New Mixed B - SID and CIFAKE robustness training,CIFAKE,random_standard_3,ordered_chain_pattern,colour -> blur -> jpeg,old_sid_b,Old SID B - SID-only robustness training,5,574,0.5,272,5,289,8,0.4878048780487805,0.5044427427098908,0.6153846153846154,0.026936026936026935,0.05161290322580645,0.5148719444748325,0.5407747867403805,0.018050541516245487,0.9730639730639731,0.4489136740743
Random standard-3 robustness evaluation — Old SID B - SID-only robustness training vs New Mixed B - SID and CIFAKE robustness training,CIFAKE,random_standard_3,ordered_chain_pattern,colour -> blur -> noise,old_sid_b,Old SID B - SID-only robustness training,5,618,0.5,301,0,317,0,0.48705501618122976,0.5,0.0,0.0,0.0,0.5306077533353596,0.5525044092582343,0.0,1.0,0.5073075416739659
Random standard-3 robustness evaluation — Old SID B - SID-only robustness training vs New Mixed B - SID and CIFAKE robustness training,CIFAKE,random_standard_3,ordered_chain_pattern,colour -> blur -> resize,old_sid_b,Old SID B - SID-only robustness training,5,582,0.5,260,13,294,15,0.4725085910652921,0.5004623208506703,0.5357142857142857,0.04854368932038835,0.08902077151335312,0.5288357812629657,0.5546304912240424,0.047619047619047616,0.9514563106796117,0.37230605335662437
Random standard-3 robustness evaluation — Old SID B - SID-only robustness training vs New Mixed B - SID and CIFAKE robustness training,CIFAKE,random_standard_3,ordered_chain_pattern,colour -> crop -> blur,old_sid_b,Old SID B - SID-only robustness training,5,619,0.5,317,7,287,8,0.5250403877221325,0.5027568528980958,0.5333333333333333,0.02711864406779661,0.05161290322580645,0.4725674827369743,0.46153548293502655,0.021604938271604937,0.9728813559322034,0.4042728585766769
Random standard-3 robustness evaluation — Old SID B - SID-only robustness training vs New Mixed B - SID and CIFAKE robustness training,CIFAKE,random_standard_3,ordered_chain_pattern,colour -> crop -> jpeg,old_sid_b,Old SID B - SID-only robustness training,5,573,0.5,278,0,295,0,0.4851657940663176,0.5,0.0,0.0,0.0,0.48974515303011823,0.5081350683963527,0.0,1.0,0.5062724806271687
Random standard-3 robustness evaluation — Old SID B - SID-only robustness training vs New Mixed B - SID and CIFAKE robustness training,CIFAKE,random_standard_3,ordered_chain_pattern,colour -> crop -> noise,old_sid_b,Old SID B - SID-only robustness training,5,561,0.5,265,0,296,0,0.47237076648841353,0.5,0.0,0.0,0.0,0.5099439061703213,0.5439025781633999,0.0,1.0,0.5254073120659303
Random standard-3 robustness evaluation — Old SID B - SID-only robustness training vs New Mixed B - SID and CIFAKE robustness training,CIFAKE,random_standard_3,ordered_chain_pattern,colour -> crop -> resize,old_sid_b,Old SID B - SID-only robustness training,5,656,0.5,305,6,336,9,0.47865853658536583,0.5033971760100657,0.6,0.02608695652173913,0.05,0.5109091756372618,0.5519536390914259,0.01929260450160772,0.9739130434782609,0.4108150285504848
Random standard-3 robustness evaluation — Old SID B - SID-only robustness training vs New Mixed B - SID and CIFAKE robustness training,CIFAKE,random_standard_3,ordered_chain_pattern,colour -> jpeg -> blur,old_sid_b,Old SID B - SID-only robustness training,5,626,0.5,329,8,280,9,0.5399361022364217,0.5037014980542749,0.5294117647058824,0.031141868512110725,0.058823529411764705,0.5269372542174489,0.48402897707202674,0.02373887240356083,0.9688581314878892,0.3798775890620435
Random standard-3 robustness evaluation — Old SID B - SID-only robustness training vs New Mixed B - SID and CIFAKE robustness training,CIFAKE,random_standard_3,ordered_chain_pattern,colour -> jpeg -> crop,old_sid_b,Old SID B - SID-only robustness training,5,587,0.5,284,0,303,0,0.4838160136286201,0.5,0.0,0.0,0.0,0.5079603030725608,0.5238049636802907,0.0,1.0,0.5056471445060847
Random standard-3 robustness evaluation — Old SID B - SID-only robustness training vs New Mixed B - SID and CIFAKE robustness training,CIFAKE,random_standard_3,ordered_chain_pattern,colour -> jpeg -> noise,old_sid_b,Old SID B - SID-only robustness training,5,581,0.5,275,0,306,0,0.47332185886402756,0.5,0.0,0.0,0.0,0.6218181818181818,0.6642645649828464,0.0,1.0,0.5234659954161937
Random standard-3 robustness evaluation — Old SID B - SID-only robustness training vs New Mixed B - SID and CIFAKE robustness training,CIFAKE,random_standard_3,ordered_chain_pattern,colour -> jpeg -> resize,old_sid_b,Old SID B - SID-only robustness training,5,626,0.5,298,9,309,10,0.49201277955271566,0.5010160007351965,0.5263157894736842,0.03134796238244514,0.05917159763313609,0.5223366995803254,0.5197459847942254,0.029315960912052116,0.9686520376175548,0.4067161314729454
Random standard-3 robustness evaluation — Old SID B - SID-only robustness training vs New Mixed B - SID and CIFAKE robustness training,CIFAKE,random_standard_3,ordered_chain_pattern,colour -> noise -> blur,old_sid_b,Old SID B - SID-only robustness training,5,597,0.5,290,5,296,6,0.49581239530988275,0.5014591985632507,0.5454545454545454,0.019867549668874173,0.038338658146964855,0.5291615220563475,0.5304467859389346,0.01694915254237288,0.9801324503311258,0.434442020101111
Random standard-3 robustness evaluation — Old SID B - SID-only robustness training vs New Mixed B - SID and CIFAKE robustness training,CIFAKE,random_standard_3,ordered_chain_pattern,colour -> noise -> crop,old_sid_b,Old SID B - SID-only robustness training,5,602,0.5,297,0,304,1,0.4950166112956811,0.5016393442622951,1.0,0.003278688524590164,0.006535947712418301,0.5360821328034443,0.5347131155256581,0.0,0.9967213114754099,0.5000254741183305
Random standard-3 robustness evaluation — Old SID B - SID-only robustness training vs New Mixed B - SID and CIFAKE robustness training,CIFAKE,random_standard_3,ordered_chain_pattern,colour -> noise -> jpeg,old_sid_b,Old SID B - SID-only robustness training,5,651,0.5,321,0,329,1,0.4946236559139785,0.5015151515151515,1.0,0.0030303030303030303,0.006042296072507553,0.5325214764467101,0.5597757210950729,0.0,0.996969696969697,0.49950974971956585
Random standard-3 robustness evaluation — Old SID B - SID-only robustness training vs New Mixed B - SID and CIFAKE robustness training,CIFAKE,random_standard_3,ordered_chain_pattern,colour -> noise -> resize,old_sid_b,Old SID B - SID-only robustness training,5,646,0.5,304,10,323,9,0.4845201238390093,0.497630649988489,0.47368421052631576,0.02710843373493976,0.05128205128205128,0.5363939835776226,0.5280505372516049,0.03184713375796178,0.9728915662650602,0.41494150343855213
Random standard-3 robustness evaluation — Old SID B - SID-only robustness training vs New Mixed B - SID and CIFAKE robustness training,CIFAKE,random_standard_3,ordered_chain_pattern,colour -> resize -> blur,old_sid_b,Old SID B - SID-only robustness training,5,610,0.5,300,13,277,20,0.5245901639344263,0.5129032605070943,0.6060606060606061,0.06734006734006734,0.12121212121212122,0.5078796484547283,0.5050744402016304,0.04153354632587859,0.9326599326599326,0.34765839841928764
Random standard-3 robustness evaluation — Old SID B - SID-only robustness training vs New Mixed B - SID and CIFAKE robustness training,CIFAKE,random_standard_3,ordered_chain_pattern,colour -> resize -> crop,old_sid_b,Old SID B - SID-only robustness training,5,647,0.5,306,16,302,23,0.508500772797527,0.510539894887721,0.5897435897435898,0.07076923076923076,0.12637362637362637,0.5119827998088867,0.5320321271205138,0.049689440993788817,0.9292307692307692,0.3700575021097802
Random standard-3 robustness evaluation — Old SID B - SID-only robustness training vs New Mixed B - SID and CIFAKE robustness training,CIFAKE,random_standard_3,ordered_chain_pattern,colour -> resize -> jpeg,old_sid_b,Old SID B - SID-only robustness training,5,614,0.5,294,4,309,7,0.49022801302931596,0.5043645399711154,0.6363636363636364,0.022151898734177215,0.04281345565749235,0.4940531815478719,0.5316151673609394,0.013422818791946308,0.9778481012658228,0.42445637006207854
Random standard-3 robustness evaluation — Old SID B - SID-only robustness training vs New Mixed B - SID and CIFAKE robustness training,CIFAKE,random_standard_3,ordered_chain_pattern,colour -> resize -> noise,old_sid_b,Old SID B - SID-only robustness training,5,655,0.5,352,0,303,0,0.5374045801526718,0.5,0.0,0.0,0.0,0.5495330783078308,0.5266801661016738,0.0,1.0,0.4552429227847537
Random standard-3 robustness evaluation — Old SID B - SID-only robustness training vs New Mixed B - SID and CIFAKE robustness training,CIFAKE,random_standard_3,ordered_chain_pattern,crop -> blur -> colour,old_sid_b,Old SID B - SID-only robustness training,5,605,0.5,293,6,299,7,0.49586776859504134,0.5014044636806785,0.5384615384615384,0.02287581699346405,0.0438871473354232,0.5416530045686055,0.5355645911517164,0.020066889632107024,0.9771241830065359,0.4062183381133768
Random standard-3 robustness evaluation — Old SID B - SID-only robustness training vs New Mixed B - SID and CIFAKE robustness training,CIFAKE,random_standard_3,ordered_chain_pattern,crop -> blur -> jpeg,old_sid_b,Old SID B - SID-only robustness training,5,612,0.5,284,6,318,4,0.47058823529411764,0.4958663525380167,0.4,0.012422360248447204,0.024096385542168676,0.49014778325123154,0.5103479933956436,0.020689655172413793,0.9875776397515528,0.46676998990517776
Random standard-3 robustness evaluation — Old SID B - SID-only robustness training vs New Mixed B - SID and CIFAKE robustness training,CIFAKE,random_standard_3,ordered_chain_pattern,crop -> blur -> noise,old_sid_b,Old SID B - SID-only robustness training,5,621,0.5,306,0,315,0,0.4927536231884058,0.5,0.0,0.0,0.0,0.5393298059964726,0.5406213509670259,0.0,1.0,0.5019880064251135
Random standard-3 robustness evaluation — Old SID B - SID-only robustness training vs New Mixed B - SID and CIFAKE robustness training,CIFAKE,random_standard_3,ordered_chain_pattern,crop -> blur -> resize,old_sid_b,Old SID B - SID-only robustness training,5,631,0.5,305,17,289,20,0.5150554675118859,0.5059649440189752,0.5405405405405406,0.06472491909385113,0.11560693641618497,0.5090454079478984,0.5194031325441187,0.052795031055900624,0.9352750809061489,0.354766622126013
Random standard-3 robustness evaluation — Old SID B - SID-only robustness training vs New Mixed B - SID and CIFAKE robustness training,CIFAKE,random_standard_3,ordered_chain_pattern,crop -> colour -> blur,old_sid_b,Old SID B - SID-only robustness training,5,607,0.5,298,5,292,12,0.5107084019769358,0.5114860170227549,0.7058823529411765,0.039473684210526314,0.07476635514018691,0.523438857043599,0.5398945058527911,0.0165016501650165,0.9605263157894737,0.4040583611969625
Random standard-3 robustness evaluation — Old SID B - SID-only robustness training vs New Mixed B - SID and CIFAKE robustness training,CIFAKE,random_standard_3,ordered_chain_pattern,crop -> colour -> jpeg,old_sid_b,Old SID B - SID-only robustness training,5,617,0.5,313,0,304,0,0.5072933549432739,0.5,0.0,0.0,0.0,0.5043194047418866,0.4903786155494174,0.0,1.0,0.4847042568222782
Random standard-3 robustness evaluation — Old SID B - SID-only robustness training vs New Mixed B - SID and CIFAKE robustness training,CIFAKE,random_standard_3,ordered_chain_pattern,crop -> colour -> noise,old_sid_b,Old SID B - SID-only robustness training,5,634,0.5,325,0,309,0,0.5126182965299685,0.5,0.0,0.0,0.0,0.5089768483943242,0.48455509277916375,0.0,1.0,0.48544994009957976
Random standard-3 robustness evaluation — Old SID B - SID-only robustness training vs New Mixed B - SID and CIFAKE robustness training,CIFAKE,random_standard_3,ordered_chain_pattern,crop -> colour -> resize,old_sid_b,Old SID B - SID-only robustness training,5,624,0.5,289,8,316,11,0.4807692307692308,0.50335155839743,0.5789473684210527,0.03363914373088685,0.06358381502890173,0.5091176803715031,0.542772599112775,0.026936026936026935,0.9663608562691132,0.410757975019382
Random standard-3 robustness evaluation — Old SID B - SID-only robustness training vs New Mixed B - SID and CIFAKE robustness training,CIFAKE,random_standard_3,ordered_chain_pattern,crop -> jpeg -> blur,old_sid_b,Old SID B - SID-only robustness training,5,647,0.5,310,6,323,8,0.49149922720247297,0.5025909212589391,0.5714285714285714,0.02416918429003021,0.0463768115942029,0.5114631534666717,0.530035860559215,0.0189873417721519,0.9758308157099698,0.4318650463362906
Random standard-3 robustness evaluation — Old SID B - SID-only robustness training vs New Mixed B - SID and CIFAKE robustness training,CIFAKE,random_standard_3,ordered_chain_pattern,crop -> jpeg -> colour,old_sid_b,Old SID B - SID-only robustness training,5,621,0.5,325,0,295,1,0.5249597423510467,0.5016891891891891,1.0,0.0033783783783783786,0.006734006734006734,0.4374636174636175,0.462417479872375,0.0,0.9966216216216216,0.46673372040368083
Random standard-3 robustness evaluation — Old SID B - SID-only robustness training vs New Mixed B - SID and CIFAKE robustness training,CIFAKE,random_standard_3,ordered_chain_pattern,crop -> jpeg -> noise,old_sid_b,Old SID B - SID-only robustness training,5,629,0.5,307,0,322,0,0.48807631160572335,0.5,0.0,0.0,0.0,0.5098225666133894,0.5196577270532976,0.0,1.0,0.5101822606589812
Random standard-3 robustness evaluation — Old SID B - SID-only robustness training vs New Mixed B - SID and CIFAKE robustness training,CIFAKE,random_standard_3,ordered_chain_pattern,crop -> jpeg -> resize,old_sid_b,Old SID B - SID-only robustness training,5,584,0.5,282,9,287,6,0.4931506849315068,0.49477499032405614,0.4,0.020477815699658702,0.03896103896103896,0.49221819546579404,0.486951106587899,0.030927835051546393,0.9795221843003413,0.41381041303444976
Random standard-3 robustness evaluation — Old SID B - SID-only robustness training vs New Mixed B - SID and CIFAKE robustness training,CIFAKE,random_standard_3,ordered_chain_pattern,crop -> noise -> blur,old_sid_b,Old SID B - SID-only robustness training,5,586,0.5,282,4,291,9,0.49658703071672355,0.508006993006993,0.6923076923076923,0.03,0.05750798722044728,0.49780885780885786,0.5171742218737041,0.013986013986013986,0.97,0.4435714711414297
Random standard-3 robustness evaluation — Old SID B - SID-only robustness training vs New Mixed B - SID and CIFAKE robustness training,CIFAKE,random_standard_3,ordered_chain_pattern,crop -> noise -> colour,old_sid_b,Old SID B - SID-only robustness training,5,611,0.5,304,0,307,0,0.49754500818330605,0.5,0.0,0.0,0.0,0.4891136636379222,0.502096973656308,0.0,1.0,0.5001790369764885
Random standard-3 robustness evaluation — Old SID B - SID-only robustness training vs New Mixed B - SID and CIFAKE robustness training,CIFAKE,random_standard_3,ordered_chain_pattern,crop -> noise -> jpeg,old_sid_b,Old SID B - SID-only robustness training,5,622,0.5,291,0,331,0,0.4678456591639871,0.5,0.0,0.0,0.0,0.5059851953364272,0.5506749608190249,0.0,1.0,0.5266814849454046
Random standard-3 robustness evaluation — Old SID B - SID-only robustness training vs New Mixed B - SID and CIFAKE robustness training,CIFAKE,random_standard_3,ordered_chain_pattern,crop -> noise -> resize,old_sid_b,Old SID B - SID-only robustness training,5,623,0.5,296,3,315,9,0.4895666131621188,0.5088721664808621,0.75,0.027777777777777776,0.05357142857142857,0.5271893967546142,0.5469390842852537,0.010033444816053512,0.9722222222222222,0.4231291228416328
Random standard-3 robustness evaluation — Old SID B - SID-only robustness training vs New Mixed B - SID and CIFAKE robustness training,CIFAKE,random_standard_3,ordered_chain_pattern,crop -> resize -> blur,old_sid_b,Old SID B - SID-only robustness training,5,569,0.5,276,10,272,11,0.5043936731107206,0.5019521114927475,0.5238095238095238,0.038869257950530034,0.07236842105263158,0.5110578467468927,0.5131921034651769,0.03496503496503497,0.9611307420494699,0.36802375145904404
Random standard-3 robustness evaluation — Old SID B - SID-only robustness training vs New Mixed B - SID and CIFAKE robustness training,CIFAKE,random_standard_3,ordered_chain_pattern,crop -> resize -> colour,old_sid_b,Old SID B - SID-only robustness training,5,653,0.5,331,4,311,7,0.5176110260336907,0.5050361400544447,0.6363636363636364,0.0220125786163522,0.0425531914893617,0.4896367220501267,0.4947054109812856,0.011940298507462687,0.9779874213836478,0.3937935824782559
Random standard-3 robustness evaluation — Old SID B - SID-only robustness training vs New Mixed B - SID and CIFAKE robustness training,CIFAKE,random_standard_3,ordered_chain_pattern,crop -> resize -> jpeg,old_sid_b,Old SID B - SID-only robustness training,5,631,0.5,309,2,314,6,0.49920760697305866,0.5061595659163987,0.75,0.01875,0.036585365853658534,0.4915996784565917,0.5069832229000256,0.006430868167202572,0.98125,0.4380969317294975
Random standard-3 robustness evaluation — Old SID B - SID-only robustness training vs New Mixed B - SID and CIFAKE robustness training,CIFAKE,random_standard_3,ordered_chain_pattern,crop -> resize -> noise,old_sid_b,Old SID B - SID-only robustness training,5,594,0.5,285,0,309,0,0.4797979797979798,0.5,0.0,0.0,0.0,0.518548799182422,0.5646800648915629,0.0,1.0,0.5136312740753238
Random standard-3 robustness evaluation — Old SID B - SID-only robustness training vs New Mixed B - SID and CIFAKE robustness training,CIFAKE,random_standard_3,ordered_chain_pattern,jpeg -> blur -> colour,old_sid_b,Old SID B - SID-only robustness training,5,636,0.5,311,6,315,4,0.49528301886792453,0.49680587007901267,0.4,0.012539184952978056,0.0243161094224924,0.48556708167281426,0.5031855579830857,0.01892744479495268,0.987460815047022,0.4236355578368411
Random standard-3 robustness evaluation — Old SID B - SID-only robustness training vs New Mixed B - SID and CIFAKE robustness training,CIFAKE,random_standard_3,ordered_chain_pattern,jpeg -> blur -> crop,old_sid_b,Old SID B - SID-only robustness training,5,580,0.5,297,10,265,8,0.5258620689655172,0.4983653697008746,0.4444444444444444,0.029304029304029304,0.054982817869415807,0.4780160122179666,0.4611385921914419,0.03257328990228013,0.9706959706959707,0.3915622225718967
Random standard-3 robustness evaluation — Old SID B - SID-only robustness training vs New Mixed B - SID and CIFAKE robustness training,CIFAKE,random_standard_3,ordered_chain_pattern,jpeg -> blur -> noise,old_sid_b,Old SID B - SID-only robustness training,5,576,0.5,273,0,303,0,0.4739583333333333,0.5,0.0,0.0,0.0,0.523096265670523,0.5612724925253685,0.0,1.0,0.5200928762927668
Random standard-3 robustness evaluation — Old SID B - SID-only robustness training vs New Mixed B - SID and CIFAKE robustness training,CIFAKE,random_standard_3,ordered_chain_pattern,jpeg -> blur -> resize,old_sid_b,Old SID B - SID-only robustness training,5,629,0.5,282,14,319,14,0.47058823529411764,0.4973723723723724,0.5,0.042042042042042045,0.07756232686980609,0.5063408002597192,0.5348006576187649,0.0472972972972973,0.9579579579579579,0.38789361186916516
Random standard-3 robustness evaluation — Old SID B - SID-only robustness training vs New Mixed B - SID and CIFAKE robustness training,CIFAKE,random_standard_3,ordered_chain_pattern,jpeg -> colour -> blur,old_sid_b,Old SID B - SID-only robustness training,5,624,0.5,303,4,312,5,0.4935897435897436,0.5013717773507742,0.5555555555555556,0.015772870662460567,0.03067484662576687,0.5167747305253856,0.5153301520234181,0.013029315960912053,0.9842271293375394,0.43148066197742924
Random standard-3 robustness evaluation — Old SID B - SID-only robustness training vs New Mixed B - SID and CIFAKE robustness training,CIFAKE,random_standard_3,ordered_chain_pattern,jpeg -> colour -> crop,old_sid_b,Old SID B - SID-only robustness training,5,652,0.5,325,0,327,0,0.49846625766871167,0.5,0.0,0.0,0.0,0.5055469301340861,0.493318189273867,0.0,1.0,0.49291959112682476
Random standard-3 robustness evaluation — Old SID B - SID-only robustness training vs New Mixed B - SID and CIFAKE robustness training,CIFAKE,random_standard_3,ordered_chain_pattern,jpeg -> colour -> noise,old_sid_b,Old SID B - SID-only robustness training,5,657,0.5,322,0,334,1,0.4916286149162861,0.5014925373134328,1.0,0.0029850746268656717,0.005952380952380952,0.575646611662186,0.5872084477013308,0.0,0.9970149253731343,0.5063925894270203
Random standard-3 robustness evaluation — Old SID B - SID-only robustness training vs New Mixed B - SID and CIFAKE robustness training,CIFAKE,random_standard_3,ordered_chain_pattern,jpeg -> colour -> resize,old_sid_b,Old SID B - SID-only robustness training,5,650,0.5,307,9,319,15,0.49538461538461537,0.5082145834912454,0.625,0.04491017964071856,0.08379888268156424,0.5274766921852497,0.5438744403604843,0.028481012658227847,0.9550898203592815,0.3990228840142709
Random standard-3 robustness evaluation — Old SID B - SID-only robustness training vs New Mixed B - SID and CIFAKE robustness training,CIFAKE,random_standard_3,ordered_chain_pattern,jpeg -> crop -> blur,old_sid_b,Old SID B - SID-only robustness training,5,642,0.5,307,4,321,10,0.4937694704049844,0.5086748720140664,0.7142857142857143,0.030211480362537766,0.057971014492753624,0.5126140216240371,0.5219304565392233,0.012861736334405145,0.9697885196374623,0.43300305760816643
Random standard-3 robustness evaluation — Old SID B - SID-only robustness training vs New Mixed B - SID and CIFAKE robustness training,CIFAKE,random_standard_3,ordered_chain_pattern,jpeg -> crop -> colour,old_sid_b,Old SID B - SID-only robustness training,5,575,0.5,274,0,301,0,0.4765217391304348,0.5,0.0,0.0,0.0,0.5489851347091205,0.5739273099912524,0.0,1.0,0.5133083206814342
Random standard-3 robustness evaluation — Old SID B - SID-only robustness training vs New Mixed B - SID and CIFAKE robustness training,CIFAKE,random_standard_3,ordered_chain_pattern,jpeg -> crop -> noise,old_sid_b,Old SID B - SID-only robustness training,5,578,0.5,292,0,286,0,0.5051903114186851,0.5,0.0,0.0,0.0,0.519781588274739,0.5492585026955201,0.0,1.0,0.4923951902513366
Random standard-3 robustness evaluation — Old SID B - SID-only robustness training vs New Mixed B - SID and CIFAKE robustness training,CIFAKE,random_standard_3,ordered_chain_pattern,jpeg -> crop -> resize,old_sid_b,Old SID B - SID-only robustness training,5,601,0.5,314,6,268,13,0.5440931780366056,0.5137566725978647,0.6842105263157895,0.046263345195729534,0.08666666666666667,0.5266125444839858,0.513333909811321,0.01875,0.9537366548042705,0.3738526065256544
Random standard-3 robustness evaluation — Old SID B - SID-only robustness training vs New Mixed B - SID and CIFAKE robustness training,CIFAKE,random_standard_3,ordered_chain_pattern,jpeg -> noise -> blur,old_sid_b,Old SID B - SID-only robustness training,5,584,0.5,291,5,281,7,0.5102739726027398,0.5037068318318318,0.5833333333333334,0.024305555555555556,0.04666666666666667,0.545924831081081,0.5223685101680702,0.016891891891891893,0.9756944444444444,0.4199617448279711
Random standard-3 robustness evaluation — Old SID B - SID-only robustness training vs New Mixed B - SID and CIFAKE robustness training,CIFAKE,random_standard_3,ordered_chain_pattern,jpeg -> noise -> colour,old_sid_b,Old SID B - SID-only robustness training,5,614,0.5,303,0,311,0,0.49348534201954397,0.5,0.0,0.0,0.0,0.5655343669415173,0.5596511373887635,0.0,1.0,0.504707316811446
Random standard-3 robustness evaluation — Old SID B - SID-only robustness training vs New Mixed B - SID and CIFAKE robustness training,CIFAKE,random_standard_3,ordered_chain_pattern,jpeg -> noise -> crop,old_sid_b,Old SID B - SID-only robustness training,5,600,0.5,316,0,284,0,0.5266666666666666,0.5,0.0,0.0,0.0,0.5637591371010875,0.5457602823362604,0.0,1.0,0.4686420941522395
Random standard-3 robustness evaluation — Old SID B - SID-only robustness training vs New Mixed B - SID and CIFAKE robustness training,CIFAKE,random_standard_3,ordered_chain_pattern,jpeg -> noise -> resize,old_sid_b,Old SID B - SID-only robustness training,5,557,0.5,269,6,275,7,0.4955116696588869,0.5015022566086396,0.5384615384615384,0.024822695035460994,0.04745762711864407,0.5873887814313346,0.574632255776255,0.02181818181818182,0.975177304964539,0.40682609079026466
Random standard-3 robustness evaluation — Old SID B - SID-only robustness training vs New Mixed B - SID and CIFAKE robustness training,CIFAKE,random_standard_3,ordered_chain_pattern,jpeg -> resize -> blur,old_sid_b,Old SID B - SID-only robustness training,5,628,0.5,285,16,305,22,0.4888535031847134,0.5070610706411859,0.5789473684210527,0.0672782874617737,0.12054794520547946,0.5311144299836427,0.5543838560081182,0.053156146179401995,0.9327217125382263,0.3718002643719848
Random standard-3 robustness evaluation — Old SID B - SID-only robustness training vs New Mixed B - SID and CIFAKE robustness training,CIFAKE,random_standard_3,ordered_chain_pattern,jpeg -> resize -> colour,old_sid_b,Old SID B - SID-only robustness training,5,603,0.5,305,6,285,7,0.5174129353233831,0.5023399991190591,0.5384615384615384,0.023972602739726026,0.04590163934426229,0.5047130335197991,0.49898132695199704,0.01929260450160772,0.976027397260274,0.38880623690794835
Random standard-3 robustness evaluation — Old SID B - SID-only robustness training vs New Mixed B - SID and CIFAKE robustness training,CIFAKE,random_standard_3,ordered_chain_pattern,jpeg -> resize -> crop,old_sid_b,Old SID B - SID-only robustness training,5,628,0.5,304,9,298,17,0.5111464968152867,0.5126071301790152,0.6538461538461539,0.05396825396825397,0.09970674486803519,0.495552512804909,0.5117929312219347,0.02875399361022364,0.946031746031746,0.38908403703366934
Random standard-3 robustness evaluation — Old SID B - SID-only robustness training vs New Mixed B - SID and CIFAKE robustness training,CIFAKE,random_standard_3,ordered_chain_pattern,jpeg -> resize -> noise,old_sid_b,Old SID B - SID-only robustness training,5,628,0.5,324,0,304,0,0.5159235668789809,0.5,0.0,0.0,0.0,0.5580226608187135,0.5378631430152706,0.0,1.0,0.47795785217196135
Random standard-3 robustness evaluation — Old SID B - SID-only robustness training vs New Mixed B - SID and CIFAKE robustness training,CIFAKE,random_standard_3,ordered_chain_pattern,noise -> blur -> colour,old_sid_b,Old SID B - SID-only robustness training,5,605,0.5,268,7,321,9,0.4578512396694215,0.5009090909090909,0.5625,0.02727272727272727,0.05202312138728324,0.5061818181818182,0.565316886291117,0.025454545454545455,0.9727272727272728,0.4566903397939519
Random standard-3 robustness evaluation — Old SID B - SID-only robustness training vs New Mixed B - SID and CIFAKE robustness training,CIFAKE,random_standard_3,ordered_chain_pattern,noise -> blur -> crop,old_sid_b,Old SID B - SID-only robustness training,5,606,0.5,295,8,298,5,0.49504950495049505,0.49504950495049505,0.38461538461538464,0.0165016501650165,0.03164556962025317,0.5005718393621541,0.5012946382761636,0.026402640264026403,0.9834983498349835,0.4133478948582011
Random standard-3 robustness evaluation — Old SID B - SID-only robustness training vs New Mixed B - SID and CIFAKE robustness training,CIFAKE,random_standard_3,ordered_chain_pattern,noise -> blur -> jpeg,old_sid_b,Old SID B - SID-only robustness training,5,604,0.5,284,2,316,2,0.4735099337748344,0.4996481505915468,0.5,0.006289308176100629,0.012422360248447204,0.5639816158684083,0.5778790544416089,0.006993006993006993,0.9937106918238994,0.4531324147521593
Random standard-3 robustness evaluation — Old SID B - SID-only robustness training vs New Mixed B - SID and CIFAKE robustness training,CIFAKE,random_standard_3,ordered_chain_pattern,noise -> blur -> resize,old_sid_b,Old SID B - SID-only robustness training,5,626,0.5,301,11,300,14,0.5031948881789138,0.5046647885023682,0.56,0.044585987261146494,0.08259587020648967,0.5257430997876857,0.5205887507560994,0.035256410256410256,0.9554140127388535,0.37176231971864304
Random standard-3 robustness evaluation — Old SID B - SID-only robustness training vs New Mixed B - SID and CIFAKE robustness training,CIFAKE,random_standard_3,ordered_chain_pattern,noise -> colour -> blur,old_sid_b,Old SID B - SID-only robustness training,5,599,0.5,300,4,286,9,0.5158597662771286,0.5086752899197146,0.6923076923076923,0.030508474576271188,0.05844155844155844,0.5126226583407671,0.5196149472769633,0.013157894736842105,0.9694915254237289,0.4148120159862993
Random standard-3 robustness evaluation — Old SID B - SID-only robustness training vs New Mixed B - SID and CIFAKE robustness training,CIFAKE,random_standard_3,ordered_chain_pattern,noise -> colour -> crop,old_sid_b,Old SID B - SID-only robustness training,5,605,0.5,284,0,321,0,0.46942148760330576,0.5,0.0,0.0,0.0,0.539127287087008,0.5717115128525478,0.0,1.0,0.5256668658355145
Random standard-3 robustness evaluation — Old SID B - SID-only robustness training vs New Mixed B - SID and CIFAKE robustness training,CIFAKE,random_standard_3,ordered_chain_pattern,noise -> colour -> jpeg,old_sid_b,Old SID B - SID-only robustness training,5,612,0.5,306,0,306,0,0.5,0.5,0.0,0.0,0.0,0.5874770387457815,0.552194268092807,0.0,1.0,0.49730758885014326
Random standard-3 robustness evaluation — Old SID B - SID-only robustness training vs New Mixed B - SID and CIFAKE robustness training,CIFAKE,random_standard_3,ordered_chain_pattern,noise -> colour -> resize,old_sid_b,Old SID B - SID-only robustness training,5,605,0.5,288,9,294,14,0.4991735537190083,0.5075757575757576,0.6086956521739131,0.045454545454545456,0.08459214501510574,0.5391359482268573,0.5421233855673604,0.030303030303030304,0.9545454545454546,0.39581649590386836
Random standard-3 robustness evaluation — Old SID B - SID-only robustness training vs New Mixed B - SID and CIFAKE robustness training,CIFAKE,random_standard_3,ordered_chain_pattern,noise -> crop -> blur,old_sid_b,Old SID B - SID-only robustness training,5,605,0.5,307,3,285,10,0.5239669421487604,0.5121104428649536,0.7692307692307693,0.03389830508474576,0.06493506493506493,0.5117003827227993,0.5152903800641075,0.00967741935483871,0.9661016949152542,0.41305676788310514
Random standard-3 robustness evaluation — Old SID B - SID-only robustness training vs New Mixed B - SID and CIFAKE robustness training,CIFAKE,random_standard_3,ordered_chain_pattern,noise -> crop -> colour,old_sid_b,Old SID B - SID-only robustness training,5,619,0.5,301,0,318,0,0.4862681744749596,0.5,0.0,0.0,0.0,0.4911615370149815,0.5128582273886586,0.0,1.0,0.5087610886532615
Random standard-3 robustness evaluation — Old SID B - SID-only robustness training vs New Mixed B - SID and CIFAKE robustness training,CIFAKE,random_standard_3,ordered_chain_pattern,noise -> crop -> jpeg,old_sid_b,Old SID B - SID-only robustness training,5,613,0.5,306,0,307,0,0.499184339314845,0.5,0.0,0.0,0.0,0.5272934363756361,0.5152051095308934,0.0,1.0,0.49629863187143647
Random standard-3 robustness evaluation — Old SID B - SID-only robustness training vs New Mixed B - SID and CIFAKE robustness training,CIFAKE,random_standard_3,ordered_chain_pattern,noise -> crop -> resize,old_sid_b,Old SID B - SID-only robustness training,5,624,0.5,311,3,306,4,0.5048076923076923,0.5016745428395315,0.5714285714285714,0.012903225806451613,0.025236593059936908,0.5279946579001439,0.5187805859390586,0.009554140127388535,0.9870967741935484,0.41554750431437315
Random standard-3 robustness evaluation — Old SID B - SID-only robustness training vs New Mixed B - SID and CIFAKE robustness training,CIFAKE,random_standard_3,ordered_chain_pattern,noise -> jpeg -> blur,old_sid_b,Old SID B - SID-only robustness training,5,632,0.5,300,1,320,11,0.4920886075949367,0.5149551846312894,0.9166666666666666,0.03323262839879154,0.0641399416909621,0.46735453824612816,0.5177569519295413,0.0033222591362126247,0.9667673716012085,0.4563294000674948
Random standard-3 robustness evaluation — Old SID B - SID-only robustness training vs New Mixed B - SID and CIFAKE robustness training,CIFAKE,random_standard_3,ordered_chain_pattern,noise -> jpeg -> colour,old_sid_b,Old SID B - SID-only robustness training,5,613,0.5,315,0,298,0,0.5138662316476346,0.5,0.0,0.0,0.0,0.5580377117289869,0.5510223010694999,0.0,1.0,0.4816288533462109
Random standard-3 robustness evaluation — Old SID B - SID-only robustness training vs New Mixed B - SID and CIFAKE robustness training,CIFAKE,random_standard_3,ordered_chain_pattern,noise -> jpeg -> crop,old_sid_b,Old SID B - SID-only robustness training,5,587,0.5,290,0,297,0,0.4940374787052811,0.5,0.0,0.0,0.0,0.5485080691977244,0.5603593560637741,0.0,1.0,0.49853883930481613
Random standard-3 robustness evaluation — Old SID B - SID-only robustness training vs New Mixed B - SID and CIFAKE robustness training,CIFAKE,random_standard_3,ordered_chain_pattern,noise -> jpeg -> resize,old_sid_b,Old SID B - SID-only robustness training,5,612,0.5,306,8,290,8,0.5130718954248366,0.5006839652887616,0.5,0.026845637583892617,0.050955414012738856,0.49524430385157947,0.493083427943906,0.025477707006369428,0.9731543624161074,0.40856390065692594
Random standard-3 robustness evaluation — Old SID B - SID-only robustness training vs New Mixed B - SID and CIFAKE robustness training,CIFAKE,random_standard_3,ordered_chain_pattern,noise -> resize -> blur,old_sid_b,Old SID B - SID-only robustness training,5,559,0.5,274,12,259,14,0.5152057245080501,0.5046620046620046,0.5384615384615384,0.05128205128205128,0.09364548494983277,0.48181305873613567,0.4896787510213011,0.04195804195804196,0.9487179487179487,0.3737461760759289
Random standard-3 robustness evaluation — Old SID B - SID-only robustness training vs New Mixed B - SID and CIFAKE robustness training,CIFAKE,random_standard_3,ordered_chain_pattern,noise -> resize -> colour,old_sid_b,Old SID B - SID-only robustness training,5,620,0.5,320,8,281,11,0.5338709677419354,0.5066404944871367,0.5789473684210527,0.03767123287671233,0.0707395498392283,0.5474544771132643,0.5121189990224976,0.024390243902439025,0.9623287671232876,0.37220653805101356
Random standard-3 robustness evaluation — Old SID B - SID-only robustness training vs New Mixed B - SID and CIFAKE robustness training,CIFAKE,random_standard_3,ordered_chain_pattern,noise -> resize -> crop,old_sid_b,Old SID B - SID-only robustness training,5,625,0.5,291,5,316,13,0.4864,0.5113108929598291,0.7222222222222222,0.03951367781155015,0.07492795389048991,0.530230838741477,0.5623933947888692,0.016891891891891893,0.9604863221884499,0.4046069287127008
Random standard-3 robustness evaluation — Old SID B - SID-only robustness training vs New Mixed B - SID and CIFAKE robustness training,CIFAKE,random_standard_3,ordered_chain_pattern,noise -> resize -> jpeg,old_sid_b,Old SID B - SID-only robustness training,5,620,0.5,293,3,320,4,0.4790322580645161,0.5011052719386053,0.5714285714285714,0.012345679012345678,0.02416918429003021,0.5439606272939606,0.5476119221254504,0.010135135135135136,0.9876543209876543,0.44562332411800903
Random standard-3 robustness evaluation — Old SID B - SID-only robustness training vs New Mixed B - SID and CIFAKE robustness training,CIFAKE,random_standard_3,ordered_chain_pattern,resize -> blur -> colour,old_sid_b,Old SID B - SID-only robustness training,5,600,0.5,279,11,294,16,0.49166666666666664,0.5068409343715239,0.5925925925925926,0.05161290322580645,0.09495548961424333,0.5634705228031145,0.5761158387377199,0.03793103448275862,0.9483870967741935,0.35526824967733317
Random standard-3 robustness evaluation — Old SID B - SID-only robustness training vs New Mixed B - SID and CIFAKE robustness training,CIFAKE,random_standard_3,ordered_chain_pattern,resize -> blur -> crop,old_sid_b,Old SID B - SID-only robustness training,5,589,0.5,258,11,306,14,0.4617996604414261,0.5014289033457249,0.56,0.04375,0.08115942028985507,0.4833294609665427,0.5458349979100148,0.040892193308550186,0.95625,0.3770668637020573
Random standard-3 robustness evaluation — Old SID B - SID-only robustness training vs New Mixed B - SID and CIFAKE robustness training,CIFAKE,random_standard_3,ordered_chain_pattern,resize -> blur -> jpeg,old_sid_b,Old SID B - SID-only robustness training,5,641,0.5,319,5,309,8,0.5101404056162246,0.5049022471472524,0.6153846153846154,0.025236593059936908,0.048484848484848485,0.5436285391595591,0.5335815284336094,0.015432098765432098,0.9747634069400631,0.37978764290149764
Random standard-3 robustness evaluation — Old SID B - SID-only robustness training vs New Mixed B - SID and CIFAKE robustness training,CIFAKE,random_standard_3,ordered_chain_pattern,resize -> blur -> noise,old_sid_b,Old SID B - SID-only robustness training,5,616,0.5,308,0,308,0,0.5,0.5,0.0,0.0,0.0,0.5658627087198516,0.5585891263059259,0.0,1.0,0.4907342784209069
Random standard-3 robustness evaluation — Old SID B - SID-only robustness training vs New Mixed B - SID and CIFAKE robustness training,CIFAKE,random_standard_3,ordered_chain_pattern,resize -> colour -> blur,old_sid_b,Old SID B - SID-only robustness training,5,573,0.5,271,10,273,19,0.506108202443281,0.5147406522692927,0.6551724137931034,0.06506849315068493,0.11838006230529595,0.5126505143079998,0.5368721721850349,0.03558718861209965,0.934931506849315,0.356619652576384
Random standard-3 robustness evaluation — Old SID B - SID-only robustness training vs New Mixed B - SID and CIFAKE robustness training,CIFAKE,random_standard_3,ordered_chain_pattern,resize -> colour -> crop,old_sid_b,Old SID B - SID-only robustness training,5,618,0.5,298,2,303,15,0.5064724919093851,0.520251572327044,0.8823529411764706,0.04716981132075472,0.08955223880597014,0.5279140461215933,0.5947653614591089,0.006666666666666667,0.9528301886792453,0.37444272604462214
Random standard-3 robustness evaluation — Old SID B - SID-only robustness training vs New Mixed B - SID and CIFAKE robustness training,CIFAKE,random_standard_3,ordered_chain_pattern,resize -> colour -> jpeg,old_sid_b,Old SID B - SID-only robustness training,5,598,0.5,269,5,321,3,0.45484949832775917,0.49550554203838876,0.375,0.009259259259259259,0.018072289156626505,0.5014080382085249,0.5511719286945371,0.01824817518248175,0.9907407407407407,0.4628968678139912
Random standard-3 robustness evaluation — Old SID B - SID-only robustness training vs New Mixed B - SID and CIFAKE robustness training,CIFAKE,random_standard_3,ordered_chain_pattern,resize -> colour -> noise,old_sid_b,Old SID B - SID-only robustness training,5,605,0.5,299,0,306,0,0.49421487603305786,0.5,0.0,0.0,0.0,0.5686383806588411,0.5621278066653064,0.0,1.0,0.49805424785434277
Random standard-3 robustness evaluation — Old SID B - SID-only robustness training vs New Mixed B - SID and CIFAKE robustness training,CIFAKE,random_standard_3,ordered_chain_pattern,resize -> crop -> blur,old_sid_b,Old SID B - SID-only robustness training,5,640,0.5,287,16,310,27,0.490625,0.5136567069169825,0.627906976744186,0.08011869436201781,0.14210526315789473,0.5263193975183869,0.5595636688988406,0.052805280528052806,0.9198813056379822,0.35934668536970155
Random standard-3 robustness evaluation — Old SID B - SID-only robustness training vs New Mixed B - SID and CIFAKE robustness training,CIFAKE,random_standard_3,ordered_chain_pattern,resize -> crop -> colour,old_sid_b,Old SID B - SID-only robustness training,5,604,0.5,277,9,309,9,0.4735099337748344,0.4984166776619607,0.5,0.02830188679245283,0.05357142857142857,0.4693231297004882,0.521303127315824,0.03146853146853147,0.9716981132075472,0.403488839121047
Random standard-3 robustness evaluation — Old SID B - SID-only robustness training vs New Mixed B - SID and CIFAKE robustness training,CIFAKE,random_standard_3,ordered_chain_pattern,resize -> crop -> jpeg,old_sid_b,Old SID B - SID-only robustness training,5,658,0.5,321,5,320,12,0.506079027355623,0.5104035775001847,0.7058823529411765,0.03614457831325301,0.06876790830945559,0.5334189518811442,0.5529679083182814,0.015337423312883436,0.963855421686747,0.3984084777010212
Random standard-3 robustness evaluation — Old SID B - SID-only robustness training vs New Mixed B - SID and CIFAKE robustness training,CIFAKE,random_standard_3,ordered_chain_pattern,resize -> crop -> noise,old_sid_b,Old SID B - SID-only robustness training,5,663,0.5,349,0,314,0,0.526395173453997,0.5,0.0,0.0,0.0,0.5597065318562591,0.5238675750085012,0.0,1.0,0.4668356976228645
Random standard-3 robustness evaluation — Old SID B - SID-only robustness training vs New Mixed B - SID and CIFAKE robustness training,CIFAKE,random_standard_3,ordered_chain_pattern,resize -> jpeg -> blur,old_sid_b,Old SID B - SID-only robustness training,5,614,0.5,261,7,326,20,0.4576547231270358,0.515842032611509,0.7407407407407407,0.057803468208092484,0.10723860589812333,0.5390712621861788,0.608420511125743,0.026119402985074626,0.9421965317919075,0.3996887351684525
Random standard-3 robustness evaluation — Old SID B - SID-only robustness training vs New Mixed B - SID and CIFAKE robustness training,CIFAKE,random_standard_3,ordered_chain_pattern,resize -> jpeg -> colour,old_sid_b,Old SID B - SID-only robustness training,5,618,0.5,311,0,299,8,0.5161812297734628,0.5130293159609121,1.0,0.026058631921824105,0.050793650793650794,0.5516616567340826,0.56210181952869,0.0,0.9739413680781759,0.4089349718711366
Random standard-3 robustness evaluation — Old SID B - SID-only robustness training vs New Mixed B - SID and CIFAKE robustness training,CIFAKE,random_standard_3,ordered_chain_pattern,resize -> jpeg -> crop,old_sid_b,Old SID B - SID-only robustness training,5,629,0.5,293,12,309,15,0.48966613672496023,0.5034760170006072,0.5555555555555556,0.046296296296296294,0.08547008547008547,0.490528233151184,0.5082951750765111,0.03934426229508197,0.9537037037037037,0.41642467783303483
Random standard-3 robustness evaluation — Old SID B - SID-only robustness training vs New Mixed B - SID and CIFAKE robustness training,CIFAKE,random_standard_3,ordered_chain_pattern,resize -> jpeg -> noise,old_sid_b,Old SID B - SID-only robustness training,5,607,0.5,316,0,291,0,0.5205930807248764,0.5,0.0,0.0,0.0,0.5585823654791422,0.5161532044006477,0.0,1.0,0.47367972150366416
Random standard-3 robustness evaluation — Old SID B - SID-only robustness training vs New Mixed B - SID and CIFAKE robustness training,CIFAKE,random_standard_3,ordered_chain_pattern,resize -> noise -> blur,old_sid_b,Old SID B - SID-only robustness training,5,639,0.5,304,8,309,18,0.5039123630672926,0.5147024229593037,0.6923076923076923,0.05504587155963303,0.10198300283286119,0.552673880655532,0.5602791091686786,0.02564102564102564,0.944954128440367,0.40222236858385996
Random standard-3 robustness evaluation — Old SID B - SID-only robustness training vs New Mixed B - SID and CIFAKE robustness training,CIFAKE,random_standard_3,ordered_chain_pattern,resize -> noise -> colour,old_sid_b,Old SID B - SID-only robustness training,5,628,0.5,291,0,337,0,0.46337579617834396,0.5,0.0,0.0,0.0,0.4466436211977525,0.4861061231640519,0.0,1.0,0.5293081214671453
Random standard-3 robustness evaluation — Old SID B - SID-only robustness training vs New Mixed B - SID and CIFAKE robustness training,CIFAKE,random_standard_3,ordered_chain_pattern,resize -> noise -> crop,old_sid_b,Old SID B - SID-only robustness training,5,587,0.5,284,1,302,0,0.4838160136286201,0.4982456140350877,0.0,0.0,0.0,0.5218543046357617,0.5407026799906338,0.0035087719298245615,1.0,0.49342787611792077
Random standard-3 robustness evaluation — Old SID B - SID-only robustness training vs New Mixed B - SID and CIFAKE robustness training,CIFAKE,random_standard_3,ordered_chain_pattern,resize -> noise -> jpeg,old_sid_b,Old SID B - SID-only robustness training,5,618,0.5,320,0,298,0,0.517799352750809,0.5,0.0,0.0,0.0,0.5427957214765101,0.51130380271284,0.0,1.0,0.46283185387364995
