model_id,checkpoint_hash,image_id,image_path,dataset,source,generator,label,transform,severity,seed,prob_ai,predicted_label,is_correct,latency_ms,dataset_id,trial_index,trial_seed,random_policy,chain_length,chain_pattern,transform_chain,transform_parameters_json,contains_jpeg,contains_blur,contains_resize,contains_noise,contains_colour,contains_crop,clean_prob_ai,clean_predicted_label,clean_is_correct,evaluation_title,probability_shift_from_clean,became_incorrect_after_transform,recovered_after_transform,error_type,model_title,architecture_override
old_sid_b,918083148a04149dd2209ae21810aa4279583e57f687b4b63d9300a5aae64d55,FAKE/img_13780.jpg,FAKE/img_13780.jpg,SID_Set,,FLUX,1,random_standard_3,,42,0.025519030168652534,0,False,1.491278390624018,SID_Set,1,42,random_standard_3,3,jpeg -> colour -> resize,jpeg(quality=30) -> colour(strength=0.2) -> resize(scale=0.5),"[{""order"":1,""transform"":""jpeg"",""parameter_name"":""quality"",""parameter_value"":30},{""order"":2,""transform"":""colour"",""parameter_name"":""strength"",""parameter_value"":0.2},{""order"":3,""transform"":""resize"",""parameter_name"":""scale"",""parameter_value"":0.5}]",True,False,True,False,True,False,0.9145621061325073,1,True,Random standard-3 robustness evaluation — Old SID B - SID-only robustness training vs New Mixed B - SID and CIFAKE robustness training,-0.8890430759638548,True,False,false_negative,Old SID B - SID-only robustness training,efficientnet_b0
old_sid_b,918083148a04149dd2209ae21810aa4279583e57f687b4b63d9300a5aae64d55,REAL/img_1606.jpg,REAL/img_1606.jpg,SID_Set,,FLUX,0,random_standard_3,,42,0.8642975687980652,1,False,1.3406375312499108,SID_Set,1,42,random_standard_3,3,jpeg -> resize -> colour,jpeg(quality=90) -> resize(scale=0.5) -> colour(strength=0.2),"[{""order"":1,""transform"":""jpeg"",""parameter_name"":""quality"",""parameter_value"":90},{""order"":2,""transform"":""resize"",""parameter_name"":""scale"",""parameter_value"":0.5},{""order"":3,""transform"":""colour"",""parameter_name"":""strength"",""parameter_value"":0.2}]",True,False,True,False,True,False,0.6543200612068176,1,False,Random standard-3 robustness evaluation — Old SID B - SID-only robustness training vs New Mixed B - SID and CIFAKE robustness training,0.20997750759124756,False,False,false_positive,Old SID B - SID-only robustness training,efficientnet_b0
old_sid_b,918083148a04149dd2209ae21810aa4279583e57f687b4b63d9300a5aae64d55,REAL/img_16326.jpg,REAL/img_16326.jpg,SID_Set,,FLUX,0,random_standard_3,,42,0.9735813736915588,1,False,1.4520830468747192,SID_Set,1,42,random_standard_3,3,resize -> blur -> noise,resize(scale=0.5) -> blur(sigma=1.0) -> noise(sigma=0.02),"[{""order"":1,""transform"":""resize"",""parameter_name"":""scale"",""parameter_value"":0.5},{""order"":2,""transform"":""blur"",""parameter_name"":""sigma"",""parameter_value"":1.0},{""order"":3,""transform"":""noise"",""parameter_name"":""sigma"",""parameter_value"":0.02}]",False,True,True,True,False,False,0.9791862368583679,1,False,Random standard-3 robustness evaluation — Old SID B - SID-only robustness training vs New Mixed B - SID and CIFAKE robustness training,-0.005604863166809082,False,False,false_positive,Old SID B - SID-only robustness training,efficientnet_b0
old_sid_b,918083148a04149dd2209ae21810aa4279583e57f687b4b63d9300a5aae64d55,REAL/img_1561.jpg,REAL/img_1561.jpg,SID_Set,,FLUX,0,random_standard_3,,42,0.6130611896514893,1,False,1.3096950624991166,SID_Set,1,42,random_standard_3,3,resize -> jpeg -> blur,resize(scale=0.25) -> jpeg(quality=90) -> blur(sigma=2.0),"[{""order"":1,""transform"":""resize"",""parameter_name"":""scale"",""parameter_value"":0.25},{""order"":2,""transform"":""jpeg"",""parameter_name"":""quality"",""parameter_value"":90},{""order"":3,""transform"":""blur"",""parameter_name"":""sigma"",""parameter_value"":2.0}]",True,True,True,False,False,False,0.9551787376403809,1,False,Random standard-3 robustness evaluation — Old SID B - SID-only robustness training vs New Mixed B - SID and CIFAKE robustness training,-0.3421175479888916,False,False,false_positive,Old SID B - SID-only robustness training,efficientnet_b0
old_sid_b,918083148a04149dd2209ae21810aa4279583e57f687b4b63d9300a5aae64d55,FAKE/img_4015.jpg,FAKE/img_4015.jpg,SID_Set,,FLUX,1,random_standard_3,,42,0.39339888095855713,0,False,1.4501374687512225,SID_Set,1,42,random_standard_3,3,jpeg -> noise -> colour,jpeg(quality=50) -> noise(sigma=0.1) -> colour(strength=0.2),"[{""order"":1,""transform"":""jpeg"",""parameter_name"":""quality"",""parameter_value"":50},{""order"":2,""transform"":""noise"",""parameter_name"":""sigma"",""parameter_value"":0.1},{""order"":3,""transform"":""colour"",""parameter_name"":""strength"",""parameter_value"":0.2}]",True,False,False,True,True,False,0.9916383624076843,1,True,Random standard-3 robustness evaluation — Old SID B - SID-only robustness training vs New Mixed B - SID and CIFAKE robustness training,-0.5982394814491272,True,False,false_negative,Old SID B - SID-only robustness training,efficientnet_b0
old_sid_b,918083148a04149dd2209ae21810aa4279583e57f687b4b63d9300a5aae64d55,FAKE/img_8920.jpg,FAKE/img_8920.jpg,SID_Set,,FLUX,1,random_standard_3,,42,0.42050841450691223,0,False,1.435855609376091,SID_Set,1,42,random_standard_3,3,blur -> crop -> jpeg,blur(sigma=0.5) -> crop(fraction=0.8) -> jpeg(quality=70),"[{""order"":1,""transform"":""blur"",""parameter_name"":""sigma"",""parameter_value"":0.5},{""order"":2,""transform"":""crop"",""parameter_name"":""fraction"",""parameter_value"":0.8},{""order"":3,""transform"":""jpeg"",""parameter_name"":""quality"",""parameter_value"":70}]",True,True,False,False,False,True,0.9983888864517212,1,True,Random standard-3 robustness evaluation — Old SID B - SID-only robustness training vs New Mixed B - SID and CIFAKE robustness training,-0.577880471944809,True,False,false_negative,Old SID B - SID-only robustness training,efficientnet_b0
old_sid_b,918083148a04149dd2209ae21810aa4279583e57f687b4b63d9300a5aae64d55,FAKE/img_5791.jpg,FAKE/img_5791.jpg,SID_Set,,FLUX,1,random_standard_3,,42,0.03415083885192871,0,False,1.4245052968746563,SID_Set,1,42,random_standard_3,3,crop -> colour -> resize,crop(fraction=0.8) -> colour(strength=0.2) -> resize(scale=0.25),"[{""order"":1,""transform"":""crop"",""parameter_name"":""fraction"",""parameter_value"":0.8},{""order"":2,""transform"":""colour"",""parameter_name"":""strength"",""parameter_value"":0.2},{""order"":3,""transform"":""resize"",""parameter_name"":""scale"",""parameter_value"":0.25}]",False,False,True,False,True,True,0.0035398853942751884,0,False,Random standard-3 robustness evaluation — Old SID B - SID-only robustness training vs New Mixed B - SID and CIFAKE robustness training,0.030610953457653522,False,False,false_negative,Old SID B - SID-only robustness training,efficientnet_b0
old_sid_b,918083148a04149dd2209ae21810aa4279583e57f687b4b63d9300a5aae64d55,FAKE/img_16416.jpg,FAKE/img_16416.jpg,SID_Set,,FLUX,1,random_standard_3,,42,0.27942201495170593,0,False,1.4245052968746563,SID_Set,1,42,random_standard_3,3,colour -> noise -> blur,colour(strength=-0.2) -> noise(sigma=0.1) -> blur(sigma=1.0),"[{""order"":1,""transform"":""colour"",""parameter_name"":""strength"",""parameter_value"":-0.2},{""order"":2,""transform"":""noise"",""parameter_name"":""sigma"",""parameter_value"":0.1},{""order"":3,""transform"":""blur"",""parameter_name"":""sigma"",""parameter_value"":1.0}]",False,True,False,True,True,False,0.9999129772186279,1,True,Random standard-3 robustness evaluation — Old SID B - SID-only robustness training vs New Mixed B - SID and CIFAKE robustness training,-0.720490962266922,True,False,false_negative,Old SID B - SID-only robustness training,efficientnet_b0
old_sid_b,918083148a04149dd2209ae21810aa4279583e57f687b4b63d9300a5aae64d55,FAKE/img_4950.jpg,FAKE/img_4950.jpg,SID_Set,,FLUX,1,random_standard_3,,42,0.32581576704978943,0,False,1.4762383906266052,SID_Set,1,42,random_standard_3,3,blur -> crop -> colour,blur(sigma=1.0) -> crop(fraction=0.8) -> colour(strength=0.2),"[{""order"":1,""transform"":""blur"",""parameter_name"":""sigma"",""parameter_value"":1.0},{""order"":2,""transform"":""crop"",""parameter_name"":""fraction"",""parameter_value"":0.8},{""order"":3,""transform"":""colour"",""parameter_name"":""strength"",""parameter_value"":0.2}]",False,True,False,False,True,True,0.9998062252998352,1,True,Random standard-3 robustness evaluation — Old SID B - SID-only robustness training vs New Mixed B - SID and CIFAKE robustness training,-0.6739904582500458,True,False,false_negative,Old SID B - SID-only robustness training,efficientnet_b0
old_sid_b,918083148a04149dd2209ae21810aa4279583e57f687b4b63d9300a5aae64d55,FAKE/img_2417.jpg,FAKE/img_2417.jpg,SID_Set,,FLUX,1,random_standard_3,,42,0.37824204564094543,0,False,1.4762383906266052,SID_Set,1,42,random_standard_3,3,crop -> jpeg -> colour,crop(fraction=0.8) -> jpeg(quality=50) -> colour(strength=-0.2),"[{""order"":1,""transform"":""crop"",""parameter_name"":""fraction"",""parameter_value"":0.8},{""order"":2,""transform"":""jpeg"",""parameter_name"":""quality"",""parameter_value"":50},{""order"":3,""transform"":""colour"",""parameter_name"":""strength"",""parameter_value"":-0.2}]",True,False,False,False,True,True,0.9963825941085815,1,True,Random standard-3 robustness evaluation — Old SID B - SID-only robustness training vs New Mixed B - SID and CIFAKE robustness training,-0.6181405484676361,True,False,false_negative,Old SID B - SID-only robustness training,efficientnet_b0
old_sid_b,918083148a04149dd2209ae21810aa4279583e57f687b4b63d9300a5aae64d55,FAKE/img_10469.jpg,FAKE/img_10469.jpg,SID_Set,,FLUX,1,random_standard_3,,42,0.31600189208984375,0,False,1.4209805156255584,SID_Set,1,42,random_standard_3,3,noise -> blur -> crop,noise(sigma=0.02) -> blur(sigma=1.0) -> crop(fraction=0.8),"[{""order"":1,""transform"":""noise"",""parameter_name"":""sigma"",""parameter_value"":0.02},{""order"":2,""transform"":""blur"",""parameter_name"":""sigma"",""parameter_value"":1.0},{""order"":3,""transform"":""crop"",""parameter_name"":""fraction"",""parameter_value"":0.8}]",False,True,False,True,False,True,0.9983012676239014,1,True,Random standard-3 robustness evaluation — Old SID B - SID-only robustness training vs New Mixed B - SID and CIFAKE robustness training,-0.6822993755340576,True,False,false_negative,Old SID B - SID-only robustness training,efficientnet_b0
old_sid_b,918083148a04149dd2209ae21810aa4279583e57f687b4b63d9300a5aae64d55,FAKE/img_5338.jpg,FAKE/img_5338.jpg,SID_Set,,FLUX,1,random_standard_3,,42,0.39745646715164185,0,False,1.4253628906253368,SID_Set,1,42,random_standard_3,3,crop -> colour -> resize,crop(fraction=0.8) -> colour(strength=0.2) -> resize(scale=0.25),"[{""order"":1,""transform"":""crop"",""parameter_name"":""fraction"",""parameter_value"":0.8},{""order"":2,""transform"":""colour"",""parameter_name"":""strength"",""parameter_value"":0.2},{""order"":3,""transform"":""resize"",""parameter_name"":""scale"",""parameter_value"":0.25}]",False,False,True,False,True,True,0.5877166390419006,1,True,Random standard-3 robustness evaluation — Old SID B - SID-only robustness training vs New Mixed B - SID and CIFAKE robustness training,-0.1902601718902588,True,False,false_negative,Old SID B - SID-only robustness training,efficientnet_b0
old_sid_b,918083148a04149dd2209ae21810aa4279583e57f687b4b63d9300a5aae64d55,REAL/img_11947.jpg,REAL/img_11947.jpg,SID_Set,,FLUX,0,random_standard_3,,42,0.8912109732627869,1,False,1.4253628906253368,SID_Set,1,42,random_standard_3,3,noise -> colour -> blur,noise(sigma=0.05) -> colour(strength=0.2) -> blur(sigma=0.5),"[{""order"":1,""transform"":""noise"",""parameter_name"":""sigma"",""parameter_value"":0.05},{""order"":2,""transform"":""colour"",""parameter_name"":""strength"",""parameter_value"":0.2},{""order"":3,""transform"":""blur"",""parameter_name"":""sigma"",""parameter_value"":0.5}]",False,True,False,True,True,False,0.7449929714202881,1,False,Random standard-3 robustness evaluation — Old SID B - SID-only robustness training vs New Mixed B - SID and CIFAKE robustness training,0.14621800184249878,False,False,false_positive,Old SID B - SID-only robustness training,efficientnet_b0
old_sid_b,918083148a04149dd2209ae21810aa4279583e57f687b4b63d9300a5aae64d55,FAKE/img_1570.jpg,FAKE/img_1570.jpg,SID_Set,,FLUX,1,random_standard_3,,42,0.15165872871875763,0,False,1.427134921875961,SID_Set,1,42,random_standard_3,3,blur -> colour -> crop,blur(sigma=2.0) -> colour(strength=-0.2) -> crop(fraction=0.8),"[{""order"":1,""transform"":""blur"",""parameter_name"":""sigma"",""parameter_value"":2.0},{""order"":2,""transform"":""colour"",""parameter_name"":""strength"",""parameter_value"":-0.2},{""order"":3,""transform"":""crop"",""parameter_name"":""fraction"",""parameter_value"":0.8}]",False,True,False,False,True,True,0.9997382760047913,1,True,Random standard-3 robustness evaluation — Old SID B - SID-only robustness training vs New Mixed B - SID and CIFAKE robustness training,-0.8480795472860336,True,False,false_negative,Old SID B - SID-only robustness training,efficientnet_b0
old_sid_b,918083148a04149dd2209ae21810aa4279583e57f687b4b63d9300a5aae64d55,FAKE/img_5978.jpg,FAKE/img_5978.jpg,SID_Set,,FLUX,1,random_standard_3,,42,0.062321361154317856,0,False,1.427134921875961,SID_Set,1,42,random_standard_3,3,noise -> blur -> crop,noise(sigma=0.1) -> blur(sigma=2.0) -> crop(fraction=0.8),"[{""order"":1,""transform"":""noise"",""parameter_name"":""sigma"",""parameter_value"":0.1},{""order"":2,""transform"":""blur"",""parameter_name"":""sigma"",""parameter_value"":2.0},{""order"":3,""transform"":""crop"",""parameter_name"":""fraction"",""parameter_value"":0.8}]",False,True,False,True,False,True,0.9999862909317017,1,True,Random standard-3 robustness evaluation — Old SID B - SID-only robustness training vs New Mixed B - SID and CIFAKE robustness training,-0.9376649297773838,True,False,false_negative,Old SID B - SID-only robustness training,efficientnet_b0
old_sid_b,918083148a04149dd2209ae21810aa4279583e57f687b4b63d9300a5aae64d55,FAKE/img_11275.jpg,FAKE/img_11275.jpg,SID_Set,,FLUX,1,random_standard_3,,42,0.12972138822078705,0,False,1.4255541249994508,SID_Set,1,42,random_standard_3,3,crop -> jpeg -> blur,crop(fraction=0.8) -> jpeg(quality=50) -> blur(sigma=2.0),"[{""order"":1,""transform"":""crop"",""parameter_name"":""fraction"",""parameter_value"":0.8},{""order"":2,""transform"":""jpeg"",""parameter_name"":""quality"",""parameter_value"":50},{""order"":3,""transform"":""blur"",""parameter_name"":""sigma"",""parameter_value"":2.0}]",True,True,False,False,False,True,0.9622330069541931,1,True,Random standard-3 robustness evaluation — Old SID B - SID-only robustness training vs New Mixed B - SID and CIFAKE robustness training,-0.8325116187334061,True,False,false_negative,Old SID B - SID-only robustness training,efficientnet_b0
old_sid_b,918083148a04149dd2209ae21810aa4279583e57f687b4b63d9300a5aae64d55,FAKE/img_14372.jpg,FAKE/img_14372.jpg,SID_Set,,FLUX,1,random_standard_3,,42,0.21816548705101013,0,False,1.4255541249994508,SID_Set,1,42,random_standard_3,3,noise -> resize -> colour,noise(sigma=0.1) -> resize(scale=0.25) -> colour(strength=-0.2),"[{""order"":1,""transform"":""noise"",""parameter_name"":""sigma"",""parameter_value"":0.1},{""order"":2,""transform"":""resize"",""parameter_name"":""scale"",""parameter_value"":0.25},{""order"":3,""transform"":""colour"",""parameter_name"":""strength"",""parameter_value"":-0.2}]",False,False,True,True,True,False,0.9999074935913086,1,True,Random standard-3 robustness evaluation — Old SID B - SID-only robustness training vs New Mixed B - SID and CIFAKE robustness training,-0.7817420065402985,True,False,false_negative,Old SID B - SID-only robustness training,efficientnet_b0
old_sid_b,918083148a04149dd2209ae21810aa4279583e57f687b4b63d9300a5aae64d55,FAKE/img_12044.jpg,FAKE/img_12044.jpg,SID_Set,,FLUX,1,random_standard_3,,42,0.32468172907829285,0,False,1.4628678437489384,SID_Set,1,42,random_standard_3,3,jpeg -> crop -> noise,jpeg(quality=30) -> crop(fraction=0.8) -> noise(sigma=0.02),"[{""order"":1,""transform"":""jpeg"",""parameter_name"":""quality"",""parameter_value"":30},{""order"":2,""transform"":""crop"",""parameter_name"":""fraction"",""parameter_value"":0.8},{""order"":3,""transform"":""noise"",""parameter_name"":""sigma"",""parameter_value"":0.02}]",True,False,False,True,False,True,0.9998868703842163,1,True,Random standard-3 robustness evaluation — Old SID B - SID-only robustness training vs New Mixed B - SID and CIFAKE robustness training,-0.6752051413059235,True,False,false_negative,Old SID B - SID-only robustness training,efficientnet_b0
old_sid_b,918083148a04149dd2209ae21810aa4279583e57f687b4b63d9300a5aae64d55,FAKE/img_4988.jpg,FAKE/img_4988.jpg,SID_Set,,FLUX,1,random_standard_3,,42,0.2856975495815277,0,False,1.4199317187504334,SID_Set,1,42,random_standard_3,3,resize -> crop -> noise,resize(scale=0.25) -> crop(fraction=0.8) -> noise(sigma=0.1),"[{""order"":1,""transform"":""resize"",""parameter_name"":""scale"",""parameter_value"":0.25},{""order"":2,""transform"":""crop"",""parameter_name"":""fraction"",""parameter_value"":0.8},{""order"":3,""transform"":""noise"",""parameter_name"":""sigma"",""parameter_value"":0.1}]",False,False,True,True,False,True,0.999862551689148,1,True,Random standard-3 robustness evaluation — Old SID B - SID-only robustness training vs New Mixed B - SID and CIFAKE robustness training,-0.7141650021076202,True,False,false_negative,Old SID B - SID-only robustness training,efficientnet_b0
old_sid_b,918083148a04149dd2209ae21810aa4279583e57f687b4b63d9300a5aae64d55,FAKE/img_12935.jpg,FAKE/img_12935.jpg,SID_Set,,FLUX,1,random_standard_3,,42,0.22613441944122314,0,False,1.4575961718747976,SID_Set,1,42,random_standard_3,3,noise -> blur -> resize,noise(sigma=0.05) -> blur(sigma=0.5) -> resize(scale=0.5),"[{""order"":1,""transform"":""noise"",""parameter_name"":""sigma"",""parameter_value"":0.05},{""order"":2,""transform"":""blur"",""parameter_name"":""sigma"",""parameter_value"":0.5},{""order"":3,""transform"":""resize"",""parameter_name"":""scale"",""parameter_value"":0.5}]",False,True,True,True,False,False,0.9830577969551086,1,True,Random standard-3 robustness evaluation — Old SID B - SID-only robustness training vs New Mixed B - SID and CIFAKE robustness training,-0.7569233775138855,True,False,false_negative,Old SID B - SID-only robustness training,efficientnet_b0
old_sid_b,918083148a04149dd2209ae21810aa4279583e57f687b4b63d9300a5aae64d55,FAKE/img_1576.jpg,FAKE/img_1576.jpg,SID_Set,,FLUX,1,random_standard_3,,42,0.0030290069989860058,0,False,1.4575961718747976,SID_Set,1,42,random_standard_3,3,noise -> blur -> resize,noise(sigma=0.1) -> blur(sigma=2.0) -> resize(scale=0.5),"[{""order"":1,""transform"":""noise"",""parameter_name"":""sigma"",""parameter_value"":0.1},{""order"":2,""transform"":""blur"",""parameter_name"":""sigma"",""parameter_value"":2.0},{""order"":3,""transform"":""resize"",""parameter_name"":""scale"",""parameter_value"":0.5}]",False,True,True,True,False,False,0.0226239413022995,0,False,Random standard-3 robustness evaluation — Old SID B - SID-only robustness training vs New Mixed B - SID and CIFAKE robustness training,-0.019594934303313494,False,False,false_negative,Old SID B - SID-only robustness training,efficientnet_b0
old_sid_b,918083148a04149dd2209ae21810aa4279583e57f687b4b63d9300a5aae64d55,FAKE/img_15540.jpg,FAKE/img_15540.jpg,SID_Set,,FLUX,1,random_standard_3,,42,0.46552351117134094,0,False,1.4204581406254135,SID_Set,1,42,random_standard_3,3,crop -> blur -> jpeg,crop(fraction=0.8) -> blur(sigma=2.0) -> jpeg(quality=50),"[{""order"":1,""transform"":""crop"",""parameter_name"":""fraction"",""parameter_value"":0.8},{""order"":2,""transform"":""blur"",""parameter_name"":""sigma"",""parameter_value"":2.0},{""order"":3,""transform"":""jpeg"",""parameter_name"":""quality"",""parameter_value"":50}]",True,True,False,False,False,True,0.9338117837905884,1,True,Random standard-3 robustness evaluation — Old SID B - SID-only robustness training vs New Mixed B - SID and CIFAKE robustness training,-0.46828827261924744,True,False,false_negative,Old SID B - SID-only robustness training,efficientnet_b0
old_sid_b,918083148a04149dd2209ae21810aa4279583e57f687b4b63d9300a5aae64d55,FAKE/img_4452.jpg,FAKE/img_4452.jpg,SID_Set,,FLUX,1,random_standard_3,,42,0.42512935400009155,0,False,1.4204581406254135,SID_Set,1,42,random_standard_3,3,crop -> noise -> colour,crop(fraction=0.8) -> noise(sigma=0.02) -> colour(strength=-0.2),"[{""order"":1,""transform"":""crop"",""parameter_name"":""fraction"",""parameter_value"":0.8},{""order"":2,""transform"":""noise"",""parameter_name"":""sigma"",""parameter_value"":0.02},{""order"":3,""transform"":""colour"",""parameter_name"":""strength"",""parameter_value"":-0.2}]",False,False,False,True,True,True,0.9958192110061646,1,True,Random standard-3 robustness evaluation — Old SID B - SID-only robustness training vs New Mixed B - SID and CIFAKE robustness training,-0.570689857006073,True,False,false_negative,Old SID B - SID-only robustness training,efficientnet_b0
old_sid_b,918083148a04149dd2209ae21810aa4279583e57f687b4b63d9300a5aae64d55,FAKE/img_8772.jpg,FAKE/img_8772.jpg,SID_Set,,FLUX,1,random_standard_3,,42,0.44073906540870667,0,False,1.4204581406254135,SID_Set,1,42,random_standard_3,3,jpeg -> blur -> crop,jpeg(quality=50) -> blur(sigma=2.0) -> crop(fraction=0.8),"[{""order"":1,""transform"":""jpeg"",""parameter_name"":""quality"",""parameter_value"":50},{""order"":2,""transform"":""blur"",""parameter_name"":""sigma"",""parameter_value"":2.0},{""order"":3,""transform"":""crop"",""parameter_name"":""fraction"",""parameter_value"":0.8}]",True,True,False,False,False,True,0.979899525642395,1,True,Random standard-3 robustness evaluation — Old SID B - SID-only robustness training vs New Mixed B - SID and CIFAKE robustness training,-0.5391604602336884,True,False,false_negative,Old SID B - SID-only robustness training,efficientnet_b0
old_sid_b,918083148a04149dd2209ae21810aa4279583e57f687b4b63d9300a5aae64d55,FAKE/img_8758.jpg,FAKE/img_8758.jpg,SID_Set,,FLUX,1,random_standard_3,,42,0.2213146984577179,0,False,1.459809468748574,SID_Set,1,42,random_standard_3,3,jpeg -> noise -> colour,jpeg(quality=50) -> noise(sigma=0.05) -> colour(strength=0.2),"[{""order"":1,""transform"":""jpeg"",""parameter_name"":""quality"",""parameter_value"":50},{""order"":2,""transform"":""noise"",""parameter_name"":""sigma"",""parameter_value"":0.05},{""order"":3,""transform"":""colour"",""parameter_name"":""strength"",""parameter_value"":0.2}]",True,False,False,True,True,False,0.9977340698242188,1,True,Random standard-3 robustness evaluation — Old SID B - SID-only robustness training vs New Mixed B - SID and CIFAKE robustness training,-0.7764193713665009,True,False,false_negative,Old SID B - SID-only robustness training,efficientnet_b0
old_sid_b,918083148a04149dd2209ae21810aa4279583e57f687b4b63d9300a5aae64d55,FAKE/img_467.jpg,FAKE/img_467.jpg,SID_Set,,FLUX,1,random_standard_3,,42,0.33862024545669556,0,False,1.459809468748574,SID_Set,1,42,random_standard_3,3,jpeg -> colour -> crop,jpeg(quality=50) -> colour(strength=-0.2) -> crop(fraction=0.8),"[{""order"":1,""transform"":""jpeg"",""parameter_name"":""quality"",""parameter_value"":50},{""order"":2,""transform"":""colour"",""parameter_name"":""strength"",""parameter_value"":-0.2},{""order"":3,""transform"":""crop"",""parameter_name"":""fraction"",""parameter_value"":0.8}]",True,False,False,False,True,True,0.9997852444648743,1,True,Random standard-3 robustness evaluation — Old SID B - SID-only robustness training vs New Mixed B - SID and CIFAKE robustness training,-0.6611649990081787,True,False,false_negative,Old SID B - SID-only robustness training,efficientnet_b0
old_sid_b,918083148a04149dd2209ae21810aa4279583e57f687b4b63d9300a5aae64d55,FAKE/img_39.jpg,FAKE/img_39.jpg,SID_Set,,FLUX,1,random_standard_3,,42,0.38141852617263794,0,False,1.447712609373042,SID_Set,1,42,random_standard_3,3,crop -> colour -> noise,crop(fraction=0.8) -> colour(strength=0.2) -> noise(sigma=0.02),"[{""order"":1,""transform"":""crop"",""parameter_name"":""fraction"",""parameter_value"":0.8},{""order"":2,""transform"":""colour"",""parameter_name"":""strength"",""parameter_value"":0.2},{""order"":3,""transform"":""noise"",""parameter_name"":""sigma"",""parameter_value"":0.02}]",False,False,False,True,True,True,0.9981423616409302,1,True,Random standard-3 robustness evaluation — Old SID B - SID-only robustness training vs New Mixed B - SID and CIFAKE robustness training,-0.6167238354682922,True,False,false_negative,Old SID B - SID-only robustness training,efficientnet_b0
old_sid_b,918083148a04149dd2209ae21810aa4279583e57f687b4b63d9300a5aae64d55,FAKE/img_11134.jpg,FAKE/img_11134.jpg,SID_Set,,FLUX,1,random_standard_3,,42,0.3097609877586365,0,False,1.4197981718737651,SID_Set,1,42,random_standard_3,3,colour -> crop -> blur,colour(strength=0.2) -> crop(fraction=0.8) -> blur(sigma=0.5),"[{""order"":1,""transform"":""colour"",""parameter_name"":""strength"",""parameter_value"":0.2},{""order"":2,""transform"":""crop"",""parameter_name"":""fraction"",""parameter_value"":0.8},{""order"":3,""transform"":""blur"",""parameter_name"":""sigma"",""parameter_value"":0.5}]",False,True,False,False,True,True,0.9999375343322754,1,True,Random standard-3 robustness evaluation — Old SID B - SID-only robustness training vs New Mixed B - SID and CIFAKE robustness training,-0.6901765465736389,True,False,false_negative,Old SID B - SID-only robustness training,efficientnet_b0
old_sid_b,918083148a04149dd2209ae21810aa4279583e57f687b4b63d9300a5aae64d55,FAKE/img_2734.jpg,FAKE/img_2734.jpg,SID_Set,,FLUX,1,random_standard_3,,42,0.30977970361709595,0,False,1.4201275312508699,SID_Set,1,42,random_standard_3,3,jpeg -> colour -> crop,jpeg(quality=30) -> colour(strength=0.2) -> crop(fraction=0.8),"[{""order"":1,""transform"":""jpeg"",""parameter_name"":""quality"",""parameter_value"":30},{""order"":2,""transform"":""colour"",""parameter_name"":""strength"",""parameter_value"":0.2},{""order"":3,""transform"":""crop"",""parameter_name"":""fraction"",""parameter_value"":0.8}]",True,False,False,False,True,True,0.9921054840087891,1,True,Random standard-3 robustness evaluation — Old SID B - SID-only robustness training vs New Mixed B - SID and CIFAKE robustness training,-0.6823257803916931,True,False,false_negative,Old SID B - SID-only robustness training,efficientnet_b0
old_sid_b,918083148a04149dd2209ae21810aa4279583e57f687b4b63d9300a5aae64d55,FAKE/img_14547.jpg,FAKE/img_14547.jpg,SID_Set,,FLUX,1,random_standard_3,,42,0.4967309832572937,0,False,1.4625930000029541,SID_Set,1,42,random_standard_3,3,noise -> resize -> colour,noise(sigma=0.1) -> resize(scale=0.5) -> colour(strength=0.2),"[{""order"":1,""transform"":""noise"",""parameter_name"":""sigma"",""parameter_value"":0.1},{""order"":2,""transform"":""resize"",""parameter_name"":""scale"",""parameter_value"":0.5},{""order"":3,""transform"":""colour"",""parameter_name"":""strength"",""parameter_value"":0.2}]",False,False,True,True,True,False,0.9990453124046326,1,True,Random standard-3 robustness evaluation — Old SID B - SID-only robustness training vs New Mixed B - SID and CIFAKE robustness training,-0.5023143291473389,True,False,false_negative,Old SID B - SID-only robustness training,efficientnet_b0
old_sid_b,918083148a04149dd2209ae21810aa4279583e57f687b4b63d9300a5aae64d55,FAKE/img_8478.jpg,FAKE/img_8478.jpg,SID_Set,,FLUX,1,random_standard_3,,42,0.34516429901123047,0,False,1.4625930000029541,SID_Set,1,42,random_standard_3,3,resize -> crop -> noise,resize(scale=0.25) -> crop(fraction=0.8) -> noise(sigma=0.02),"[{""order"":1,""transform"":""resize"",""parameter_name"":""scale"",""parameter_value"":0.25},{""order"":2,""transform"":""crop"",""parameter_name"":""fraction"",""parameter_value"":0.8},{""order"":3,""transform"":""noise"",""parameter_name"":""sigma"",""parameter_value"":0.02}]",False,False,True,True,False,True,0.9996296167373657,1,True,Random standard-3 robustness evaluation — Old SID B - SID-only robustness training vs New Mixed B - SID and CIFAKE robustness training,-0.6544653177261353,True,False,false_negative,Old SID B - SID-only robustness training,efficientnet_b0
old_sid_b,918083148a04149dd2209ae21810aa4279583e57f687b4b63d9300a5aae64d55,FAKE/img_13874.jpg,FAKE/img_13874.jpg,SID_Set,,FLUX,1,random_standard_3,,42,0.4231395423412323,0,False,1.4625930000029541,SID_Set,1,42,random_standard_3,3,crop -> noise -> blur,crop(fraction=0.8) -> noise(sigma=0.1) -> blur(sigma=1.0),"[{""order"":1,""transform"":""crop"",""parameter_name"":""fraction"",""parameter_value"":0.8},{""order"":2,""transform"":""noise"",""parameter_name"":""sigma"",""parameter_value"":0.1},{""order"":3,""transform"":""blur"",""parameter_name"":""sigma"",""parameter_value"":1.0}]",False,True,False,True,False,True,0.8376500010490417,1,True,Random standard-3 robustness evaluation — Old SID B - SID-only robustness training vs New Mixed B - SID and CIFAKE robustness training,-0.41451045870780945,True,False,false_negative,Old SID B - SID-only robustness training,efficientnet_b0
old_sid_b,918083148a04149dd2209ae21810aa4279583e57f687b4b63d9300a5aae64d55,FAKE/img_1615.jpg,FAKE/img_1615.jpg,SID_Set,,FLUX,1,random_standard_3,,42,0.3062257170677185,0,False,1.443954640624412,SID_Set,1,42,random_standard_3,3,resize -> jpeg -> blur,resize(scale=0.5) -> jpeg(quality=50) -> blur(sigma=2.0),"[{""order"":1,""transform"":""resize"",""parameter_name"":""scale"",""parameter_value"":0.5},{""order"":2,""transform"":""jpeg"",""parameter_name"":""quality"",""parameter_value"":50},{""order"":3,""transform"":""blur"",""parameter_name"":""sigma"",""parameter_value"":2.0}]",True,True,True,False,False,False,0.8247297406196594,1,True,Random standard-3 robustness evaluation — Old SID B - SID-only robustness training vs New Mixed B - SID and CIFAKE robustness training,-0.5185040235519409,True,False,false_negative,Old SID B - SID-only robustness training,efficientnet_b0
old_sid_b,918083148a04149dd2209ae21810aa4279583e57f687b4b63d9300a5aae64d55,FAKE/img_7441.jpg,FAKE/img_7441.jpg,SID_Set,,FLUX,1,random_standard_3,,42,0.1806943565607071,0,False,1.436876046874147,SID_Set,1,42,random_standard_3,3,jpeg -> crop -> colour,jpeg(quality=30) -> crop(fraction=0.8) -> colour(strength=0.2),"[{""order"":1,""transform"":""jpeg"",""parameter_name"":""quality"",""parameter_value"":30},{""order"":2,""transform"":""crop"",""parameter_name"":""fraction"",""parameter_value"":0.8},{""order"":3,""transform"":""colour"",""parameter_name"":""strength"",""parameter_value"":0.2}]",True,False,False,False,True,True,0.9963375329971313,1,True,Random standard-3 robustness evaluation — Old SID B - SID-only robustness training vs New Mixed B - SID and CIFAKE robustness training,-0.8156431764364243,True,False,false_negative,Old SID B - SID-only robustness training,efficientnet_b0
old_sid_b,918083148a04149dd2209ae21810aa4279583e57f687b4b63d9300a5aae64d55,FAKE/img_4991.jpg,FAKE/img_4991.jpg,SID_Set,,FLUX,1,random_standard_3,,42,0.3158758282661438,0,False,1.4531881250015033,SID_Set,1,42,random_standard_3,3,colour -> noise -> resize,colour(strength=-0.2) -> noise(sigma=0.05) -> resize(scale=0.25),"[{""order"":1,""transform"":""colour"",""parameter_name"":""strength"",""parameter_value"":-0.2},{""order"":2,""transform"":""noise"",""parameter_name"":""sigma"",""parameter_value"":0.05},{""order"":3,""transform"":""resize"",""parameter_name"":""scale"",""parameter_value"":0.25}]",False,False,True,True,True,False,0.979973316192627,1,True,Random standard-3 robustness evaluation — Old SID B - SID-only robustness training vs New Mixed B - SID and CIFAKE robustness training,-0.6640974879264832,True,False,false_negative,Old SID B - SID-only robustness training,efficientnet_b0
old_sid_b,918083148a04149dd2209ae21810aa4279583e57f687b4b63d9300a5aae64d55,FAKE/img_5564.jpg,FAKE/img_5564.jpg,SID_Set,,FLUX,1,random_standard_3,,42,0.203100323677063,0,False,1.4531881250015033,SID_Set,1,42,random_standard_3,3,noise -> crop -> colour,noise(sigma=0.1) -> crop(fraction=0.8) -> colour(strength=-0.2),"[{""order"":1,""transform"":""noise"",""parameter_name"":""sigma"",""parameter_value"":0.1},{""order"":2,""transform"":""crop"",""parameter_name"":""fraction"",""parameter_value"":0.8},{""order"":3,""transform"":""colour"",""parameter_name"":""strength"",""parameter_value"":-0.2}]",False,False,False,True,True,True,0.9995076656341553,1,True,Random standard-3 robustness evaluation — Old SID B - SID-only robustness training vs New Mixed B - SID and CIFAKE robustness training,-0.7964073419570923,True,False,false_negative,Old SID B - SID-only robustness training,efficientnet_b0
old_sid_b,918083148a04149dd2209ae21810aa4279583e57f687b4b63d9300a5aae64d55,REAL/img_272.jpg,REAL/img_272.jpg,SID_Set,,FLUX,0,random_standard_3,,42,0.5067760944366455,1,False,1.4197845468721937,SID_Set,1,42,random_standard_3,3,jpeg -> colour -> noise,jpeg(quality=70) -> colour(strength=-0.2) -> noise(sigma=0.05),"[{""order"":1,""transform"":""jpeg"",""parameter_name"":""quality"",""parameter_value"":70},{""order"":2,""transform"":""colour"",""parameter_name"":""strength"",""parameter_value"":-0.2},{""order"":3,""transform"":""noise"",""parameter_name"":""sigma"",""parameter_value"":0.05}]",True,False,False,True,True,False,0.027863696217536926,0,True,Random standard-3 robustness evaluation — Old SID B - SID-only robustness training vs New Mixed B - SID and CIFAKE robustness training,0.4789123982191086,True,False,false_positive,Old SID B - SID-only robustness training,efficientnet_b0
old_sid_b,918083148a04149dd2209ae21810aa4279583e57f687b4b63d9300a5aae64d55,FAKE/img_10814.jpg,FAKE/img_10814.jpg,SID_Set,,FLUX,1,random_standard_3,,42,0.004666174296289682,0,False,1.4197845468721937,SID_Set,1,42,random_standard_3,3,crop -> colour -> noise,crop(fraction=0.8) -> colour(strength=0.2) -> noise(sigma=0.02),"[{""order"":1,""transform"":""crop"",""parameter_name"":""fraction"",""parameter_value"":0.8},{""order"":2,""transform"":""colour"",""parameter_name"":""strength"",""parameter_value"":0.2},{""order"":3,""transform"":""noise"",""parameter_name"":""sigma"",""parameter_value"":0.02}]",False,False,False,True,True,True,0.7818513512611389,1,True,Random standard-3 robustness evaluation — Old SID B - SID-only robustness training vs New Mixed B - SID and CIFAKE robustness training,-0.7771851769648492,True,False,false_negative,Old SID B - SID-only robustness training,efficientnet_b0
old_sid_b,918083148a04149dd2209ae21810aa4279583e57f687b4b63d9300a5aae64d55,FAKE/img_16180.jpg,FAKE/img_16180.jpg,SID_Set,,FLUX,1,random_standard_3,,42,0.018277006223797798,0,False,1.4236827968758803,SID_Set,1,42,random_standard_3,3,resize -> jpeg -> noise,resize(scale=0.5) -> jpeg(quality=50) -> noise(sigma=0.1),"[{""order"":1,""transform"":""resize"",""parameter_name"":""scale"",""parameter_value"":0.5},{""order"":2,""transform"":""jpeg"",""parameter_name"":""quality"",""parameter_value"":50},{""order"":3,""transform"":""noise"",""parameter_name"":""sigma"",""parameter_value"":0.1}]",True,False,True,True,False,False,0.8345484137535095,1,True,Random standard-3 robustness evaluation — Old SID B - SID-only robustness training vs New Mixed B - SID and CIFAKE robustness training,-0.8162714075297117,True,False,false_negative,Old SID B - SID-only robustness training,efficientnet_b0
old_sid_b,918083148a04149dd2209ae21810aa4279583e57f687b4b63d9300a5aae64d55,FAKE/img_6874.jpg,FAKE/img_6874.jpg,SID_Set,,FLUX,1,random_standard_3,,42,0.1572446972131729,0,False,1.4360867343761186,SID_Set,1,42,random_standard_3,3,noise -> crop -> blur,noise(sigma=0.1) -> crop(fraction=0.8) -> blur(sigma=2.0),"[{""order"":1,""transform"":""noise"",""parameter_name"":""sigma"",""parameter_value"":0.1},{""order"":2,""transform"":""crop"",""parameter_name"":""fraction"",""parameter_value"":0.8},{""order"":3,""transform"":""blur"",""parameter_name"":""sigma"",""parameter_value"":2.0}]",False,True,False,True,False,True,0.9996891021728516,1,True,Random standard-3 robustness evaluation — Old SID B - SID-only robustness training vs New Mixed B - SID and CIFAKE robustness training,-0.8424444049596786,True,False,false_negative,Old SID B - SID-only robustness training,efficientnet_b0
old_sid_b,918083148a04149dd2209ae21810aa4279583e57f687b4b63d9300a5aae64d55,FAKE/img_14506.jpg,FAKE/img_14506.jpg,SID_Set,,FLUX,1,random_standard_3,,42,0.04810851439833641,0,False,1.419833984375174,SID_Set,1,42,random_standard_3,3,colour -> resize -> crop,colour(strength=0.2) -> resize(scale=0.25) -> crop(fraction=0.8),"[{""order"":1,""transform"":""colour"",""parameter_name"":""strength"",""parameter_value"":0.2},{""order"":2,""transform"":""resize"",""parameter_name"":""scale"",""parameter_value"":0.25},{""order"":3,""transform"":""crop"",""parameter_name"":""fraction"",""parameter_value"":0.8}]",False,False,True,False,True,True,0.9992631077766418,1,True,Random standard-3 robustness evaluation — Old SID B - SID-only robustness training vs New Mixed B - SID and CIFAKE robustness training,-0.9511545933783054,True,False,false_negative,Old SID B - SID-only robustness training,efficientnet_b0
old_sid_b,918083148a04149dd2209ae21810aa4279583e57f687b4b63d9300a5aae64d55,FAKE/img_4479.jpg,FAKE/img_4479.jpg,SID_Set,,FLUX,1,random_standard_3,,42,0.38706859946250916,0,False,1.4471232499992936,SID_Set,1,42,random_standard_3,3,crop -> resize -> colour,crop(fraction=0.8) -> resize(scale=0.25) -> colour(strength=0.2),"[{""order"":1,""transform"":""crop"",""parameter_name"":""fraction"",""parameter_value"":0.8},{""order"":2,""transform"":""resize"",""parameter_name"":""scale"",""parameter_value"":0.25},{""order"":3,""transform"":""colour"",""parameter_name"":""strength"",""parameter_value"":0.2}]",False,False,True,False,True,True,0.9997839331626892,1,True,Random standard-3 robustness evaluation — Old SID B - SID-only robustness training vs New Mixed B - SID and CIFAKE robustness training,-0.61271533370018,True,False,false_negative,Old SID B - SID-only robustness training,efficientnet_b0
old_sid_b,918083148a04149dd2209ae21810aa4279583e57f687b4b63d9300a5aae64d55,FAKE/img_15734.jpg,FAKE/img_15734.jpg,SID_Set,,FLUX,1,random_standard_3,,42,0.19121453166007996,0,False,1.434295093751814,SID_Set,1,42,random_standard_3,3,noise -> resize -> colour,noise(sigma=0.1) -> resize(scale=0.5) -> colour(strength=0.2),"[{""order"":1,""transform"":""noise"",""parameter_name"":""sigma"",""parameter_value"":0.1},{""order"":2,""transform"":""resize"",""parameter_name"":""scale"",""parameter_value"":0.5},{""order"":3,""transform"":""colour"",""parameter_name"":""strength"",""parameter_value"":0.2}]",False,False,True,True,True,False,0.99955815076828,1,True,Random standard-3 robustness evaluation — Old SID B - SID-only robustness training vs New Mixed B - SID and CIFAKE robustness training,-0.8083436191082001,True,False,false_negative,Old SID B - SID-only robustness training,efficientnet_b0
old_sid_b,918083148a04149dd2209ae21810aa4279583e57f687b4b63d9300a5aae64d55,FAKE/img_4126.jpg,FAKE/img_4126.jpg,SID_Set,,FLUX,1,random_standard_3,,42,0.09195997565984726,0,False,1.4209942812506426,SID_Set,1,42,random_standard_3,3,jpeg -> noise -> blur,jpeg(quality=30) -> noise(sigma=0.1) -> blur(sigma=1.0),"[{""order"":1,""transform"":""jpeg"",""parameter_name"":""quality"",""parameter_value"":30},{""order"":2,""transform"":""noise"",""parameter_name"":""sigma"",""parameter_value"":0.1},{""order"":3,""transform"":""blur"",""parameter_name"":""sigma"",""parameter_value"":1.0}]",True,True,False,True,False,False,0.9440560340881348,1,True,Random standard-3 robustness evaluation — Old SID B - SID-only robustness training vs New Mixed B - SID and CIFAKE robustness training,-0.8520960584282875,True,False,false_negative,Old SID B - SID-only robustness training,efficientnet_b0
old_sid_b,918083148a04149dd2209ae21810aa4279583e57f687b4b63d9300a5aae64d55,FAKE/img_7227.jpg,FAKE/img_7227.jpg,SID_Set,,FLUX,1,random_standard_3,,42,0.04083577170968056,0,False,1.4354575000012915,SID_Set,1,42,random_standard_3,3,crop -> colour -> jpeg,crop(fraction=0.8) -> colour(strength=0.2) -> jpeg(quality=30),"[{""order"":1,""transform"":""crop"",""parameter_name"":""fraction"",""parameter_value"":0.8},{""order"":2,""transform"":""colour"",""parameter_name"":""strength"",""parameter_value"":0.2},{""order"":3,""transform"":""jpeg"",""parameter_name"":""quality"",""parameter_value"":30}]",True,False,False,False,True,True,0.8411197662353516,1,True,Random standard-3 robustness evaluation — Old SID B - SID-only robustness training vs New Mixed B - SID and CIFAKE robustness training,-0.800283994525671,True,False,false_negative,Old SID B - SID-only robustness training,efficientnet_b0
old_sid_b,918083148a04149dd2209ae21810aa4279583e57f687b4b63d9300a5aae64d55,FAKE/img_16977.jpg,FAKE/img_16977.jpg,SID_Set,,FLUX,1,random_standard_3,,42,0.3076527714729309,0,False,1.4162854062504948,SID_Set,1,42,random_standard_3,3,crop -> noise -> blur,crop(fraction=0.8) -> noise(sigma=0.1) -> blur(sigma=2.0),"[{""order"":1,""transform"":""crop"",""parameter_name"":""fraction"",""parameter_value"":0.8},{""order"":2,""transform"":""noise"",""parameter_name"":""sigma"",""parameter_value"":0.1},{""order"":3,""transform"":""blur"",""parameter_name"":""sigma"",""parameter_value"":2.0}]",False,True,False,True,False,True,1.0,1,True,Random standard-3 robustness evaluation — Old SID B - SID-only robustness training vs New Mixed B - SID and CIFAKE robustness training,-0.6923472285270691,True,False,false_negative,Old SID B - SID-only robustness training,efficientnet_b0
old_sid_b,918083148a04149dd2209ae21810aa4279583e57f687b4b63d9300a5aae64d55,FAKE/img_10039.jpg,FAKE/img_10039.jpg,SID_Set,,FLUX,1,random_standard_3,,42,0.33987244963645935,0,False,1.4528313281232386,SID_Set,1,42,random_standard_3,3,crop -> resize -> colour,crop(fraction=0.8) -> resize(scale=0.5) -> colour(strength=0.2),"[{""order"":1,""transform"":""crop"",""parameter_name"":""fraction"",""parameter_value"":0.8},{""order"":2,""transform"":""resize"",""parameter_name"":""scale"",""parameter_value"":0.5},{""order"":3,""transform"":""colour"",""parameter_name"":""strength"",""parameter_value"":0.2}]",False,False,True,False,True,True,0.9867699146270752,1,True,Random standard-3 robustness evaluation — Old SID B - SID-only robustness training vs New Mixed B - SID and CIFAKE robustness training,-0.6468974649906158,True,False,false_negative,Old SID B - SID-only robustness training,efficientnet_b0
old_sid_b,918083148a04149dd2209ae21810aa4279583e57f687b4b63d9300a5aae64d55,FAKE/img_9843.jpg,FAKE/img_9843.jpg,SID_Set,,FLUX,1,random_standard_3,,42,0.07724354416131973,0,False,1.4473207812493172,SID_Set,1,42,random_standard_3,3,noise -> crop -> blur,noise(sigma=0.1) -> crop(fraction=0.8) -> blur(sigma=2.0),"[{""order"":1,""transform"":""noise"",""parameter_name"":""sigma"",""parameter_value"":0.1},{""order"":2,""transform"":""crop"",""parameter_name"":""fraction"",""parameter_value"":0.8},{""order"":3,""transform"":""blur"",""parameter_name"":""sigma"",""parameter_value"":2.0}]",False,True,False,True,False,True,0.9939316511154175,1,True,Random standard-3 robustness evaluation — Old SID B - SID-only robustness training vs New Mixed B - SID and CIFAKE robustness training,-0.9166881069540977,True,False,false_negative,Old SID B - SID-only robustness training,efficientnet_b0
old_sid_b,918083148a04149dd2209ae21810aa4279583e57f687b4b63d9300a5aae64d55,FAKE/img_1361.jpg,FAKE/img_1361.jpg,SID_Set,,FLUX,1,random_standard_3,,42,0.3576359748840332,0,False,1.4473207812493172,SID_Set,1,42,random_standard_3,3,resize -> crop -> jpeg,resize(scale=0.5) -> crop(fraction=0.8) -> jpeg(quality=50),"[{""order"":1,""transform"":""resize"",""parameter_name"":""scale"",""parameter_value"":0.5},{""order"":2,""transform"":""crop"",""parameter_name"":""fraction"",""parameter_value"":0.8},{""order"":3,""transform"":""jpeg"",""parameter_name"":""quality"",""parameter_value"":50}]",True,False,True,False,False,True,0.9551105499267578,1,True,Random standard-3 robustness evaluation — Old SID B - SID-only robustness training vs New Mixed B - SID and CIFAKE robustness training,-0.5974745750427246,True,False,false_negative,Old SID B - SID-only robustness training,efficientnet_b0
old_sid_b,918083148a04149dd2209ae21810aa4279583e57f687b4b63d9300a5aae64d55,FAKE/img_13194.jpg,FAKE/img_13194.jpg,SID_Set,,FLUX,1,random_standard_3,,42,2.6745527065941133e-05,0,False,1.4473207812493172,SID_Set,1,42,random_standard_3,3,crop -> colour -> resize,crop(fraction=0.8) -> colour(strength=0.2) -> resize(scale=0.25),"[{""order"":1,""transform"":""crop"",""parameter_name"":""fraction"",""parameter_value"":0.8},{""order"":2,""transform"":""colour"",""parameter_name"":""strength"",""parameter_value"":0.2},{""order"":3,""transform"":""resize"",""parameter_name"":""scale"",""parameter_value"":0.25}]",False,False,True,False,True,True,0.9948924779891968,1,True,Random standard-3 robustness evaluation — Old SID B - SID-only robustness training vs New Mixed B - SID and CIFAKE robustness training,-0.9948657324621308,True,False,false_negative,Old SID B - SID-only robustness training,efficientnet_b0
old_sid_b,918083148a04149dd2209ae21810aa4279583e57f687b4b63d9300a5aae64d55,FAKE/img_479.jpg,FAKE/img_479.jpg,SID_Set,,FLUX,1,random_standard_3,,42,0.44351688027381897,0,False,1.4473207812493172,SID_Set,1,42,random_standard_3,3,blur -> crop -> colour,blur(sigma=0.5) -> crop(fraction=0.8) -> colour(strength=-0.2),"[{""order"":1,""transform"":""blur"",""parameter_name"":""sigma"",""parameter_value"":0.5},{""order"":2,""transform"":""crop"",""parameter_name"":""fraction"",""parameter_value"":0.8},{""order"":3,""transform"":""colour"",""parameter_name"":""strength"",""parameter_value"":-0.2}]",False,True,False,False,True,True,0.7612101435661316,1,True,Random standard-3 robustness evaluation — Old SID B - SID-only robustness training vs New Mixed B - SID and CIFAKE robustness training,-0.3176932632923126,True,False,false_negative,Old SID B - SID-only robustness training,efficientnet_b0
old_sid_b,918083148a04149dd2209ae21810aa4279583e57f687b4b63d9300a5aae64d55,FAKE/img_8050.jpg,FAKE/img_8050.jpg,SID_Set,,FLUX,1,random_standard_3,,42,0.4744310975074768,0,False,1.4286313437494869,SID_Set,1,42,random_standard_3,3,crop -> noise -> resize,crop(fraction=0.8) -> noise(sigma=0.02) -> resize(scale=0.25),"[{""order"":1,""transform"":""crop"",""parameter_name"":""fraction"",""parameter_value"":0.8},{""order"":2,""transform"":""noise"",""parameter_name"":""sigma"",""parameter_value"":0.02},{""order"":3,""transform"":""resize"",""parameter_name"":""scale"",""parameter_value"":0.25}]",False,False,True,True,False,True,0.9995648264884949,1,True,Random standard-3 robustness evaluation — Old SID B - SID-only robustness training vs New Mixed B - SID and CIFAKE robustness training,-0.5251337289810181,True,False,false_negative,Old SID B - SID-only robustness training,efficientnet_b0
old_sid_b,918083148a04149dd2209ae21810aa4279583e57f687b4b63d9300a5aae64d55,FAKE/img_2562.jpg,FAKE/img_2562.jpg,SID_Set,,FLUX,1,random_standard_3,,42,0.4584804177284241,0,False,1.4194237187474812,SID_Set,1,42,random_standard_3,3,jpeg -> noise -> crop,jpeg(quality=50) -> noise(sigma=0.02) -> crop(fraction=0.8),"[{""order"":1,""transform"":""jpeg"",""parameter_name"":""quality"",""parameter_value"":50},{""order"":2,""transform"":""noise"",""parameter_name"":""sigma"",""parameter_value"":0.02},{""order"":3,""transform"":""crop"",""parameter_name"":""fraction"",""parameter_value"":0.8}]",True,False,False,True,False,True,0.9992741942405701,1,True,Random standard-3 robustness evaluation — Old SID B - SID-only robustness training vs New Mixed B - SID and CIFAKE robustness training,-0.540793776512146,True,False,false_negative,Old SID B - SID-only robustness training,efficientnet_b0
old_sid_b,918083148a04149dd2209ae21810aa4279583e57f687b4b63d9300a5aae64d55,FAKE/img_5103.jpg,FAKE/img_5103.jpg,SID_Set,,FLUX,1,random_standard_3,,42,0.10362524539232254,0,False,1.4195132812524491,SID_Set,1,42,random_standard_3,3,blur -> noise -> colour,blur(sigma=1.0) -> noise(sigma=0.1) -> colour(strength=0.2),"[{""order"":1,""transform"":""blur"",""parameter_name"":""sigma"",""parameter_value"":1.0},{""order"":2,""transform"":""noise"",""parameter_name"":""sigma"",""parameter_value"":0.1},{""order"":3,""transform"":""colour"",""parameter_name"":""strength"",""parameter_value"":0.2}]",False,True,False,True,True,False,0.9945849776268005,1,True,Random standard-3 robustness evaluation — Old SID B - SID-only robustness training vs New Mixed B - SID and CIFAKE robustness training,-0.890959732234478,True,False,false_negative,Old SID B - SID-only robustness training,efficientnet_b0
old_sid_b,918083148a04149dd2209ae21810aa4279583e57f687b4b63d9300a5aae64d55,REAL/img_6748.jpg,REAL/img_6748.jpg,SID_Set,,FLUX,0,random_standard_3,,42,0.5767459273338318,1,False,1.4361156406259568,SID_Set,1,42,random_standard_3,3,noise -> resize -> blur,noise(sigma=0.02) -> resize(scale=0.25) -> blur(sigma=2.0),"[{""order"":1,""transform"":""noise"",""parameter_name"":""sigma"",""parameter_value"":0.02},{""order"":2,""transform"":""resize"",""parameter_name"":""scale"",""parameter_value"":0.25},{""order"":3,""transform"":""blur"",""parameter_name"":""sigma"",""parameter_value"":2.0}]",False,True,True,True,False,False,0.11551930755376816,0,True,Random standard-3 robustness evaluation — Old SID B - SID-only robustness training vs New Mixed B - SID and CIFAKE robustness training,0.46122661978006363,True,False,false_positive,Old SID B - SID-only robustness training,efficientnet_b0
old_sid_b,918083148a04149dd2209ae21810aa4279583e57f687b4b63d9300a5aae64d55,FAKE/img_4940.jpg,FAKE/img_4940.jpg,SID_Set,,FLUX,1,random_standard_3,,42,0.06510385870933533,0,False,1.4204776718749201,SID_Set,1,42,random_standard_3,3,colour -> crop -> jpeg,colour(strength=0.2) -> crop(fraction=0.8) -> jpeg(quality=90),"[{""order"":1,""transform"":""colour"",""parameter_name"":""strength"",""parameter_value"":0.2},{""order"":2,""transform"":""crop"",""parameter_name"":""fraction"",""parameter_value"":0.8},{""order"":3,""transform"":""jpeg"",""parameter_name"":""quality"",""parameter_value"":90}]",True,False,False,False,True,True,0.9802786111831665,1,True,Random standard-3 robustness evaluation — Old SID B - SID-only robustness training vs New Mixed B - SID and CIFAKE robustness training,-0.9151747524738312,True,False,false_negative,Old SID B - SID-only robustness training,efficientnet_b0
mixed_sid_cifake_b,9159a9d4ceb7fccd3eee24c3ddf9600c79c8abf1444cb0646b93ac66fd3b5c44,FAKE/img_13780.jpg,FAKE/img_13780.jpg,SID_Set,,FLUX,1,random_standard_3,,42,0.003179165069013834,0,False,1.456380984375727,SID_Set,1,42,random_standard_3,3,jpeg -> colour -> resize,jpeg(quality=30) -> colour(strength=0.2) -> resize(scale=0.5),"[{""order"":1,""transform"":""jpeg"",""parameter_name"":""quality"",""parameter_value"":30},{""order"":2,""transform"":""colour"",""parameter_name"":""strength"",""parameter_value"":0.2},{""order"":3,""transform"":""resize"",""parameter_name"":""scale"",""parameter_value"":0.5}]",True,False,True,False,True,False,0.14670106768608093,0,False,Random standard-3 robustness evaluation — Old SID B - SID-only robustness training vs New Mixed B - SID and CIFAKE robustness training,-0.1435219026170671,False,False,false_negative,New Mixed B - SID and CIFAKE robustness training,efficientnet_b0
mixed_sid_cifake_b,9159a9d4ceb7fccd3eee24c3ddf9600c79c8abf1444cb0646b93ac66fd3b5c44,REAL/img_3778.jpg,REAL/img_3778.jpg,SID_Set,,FLUX,0,random_standard_3,,42,0.5553545355796814,1,False,1.4198802968721225,SID_Set,1,42,random_standard_3,3,resize -> noise -> blur,resize(scale=0.25) -> noise(sigma=0.05) -> blur(sigma=0.5),"[{""order"":1,""transform"":""resize"",""parameter_name"":""scale"",""parameter_value"":0.25},{""order"":2,""transform"":""noise"",""parameter_name"":""sigma"",""parameter_value"":0.05},{""order"":3,""transform"":""blur"",""parameter_name"":""sigma"",""parameter_value"":0.5}]",False,True,True,True,False,False,0.0018976153805851936,0,True,Random standard-3 robustness evaluation — Old SID B - SID-only robustness training vs New Mixed B - SID and CIFAKE robustness training,0.5534569201990962,True,False,false_positive,New Mixed B - SID and CIFAKE robustness training,efficientnet_b0
mixed_sid_cifake_b,9159a9d4ceb7fccd3eee24c3ddf9600c79c8abf1444cb0646b93ac66fd3b5c44,REAL/img_1606.jpg,REAL/img_1606.jpg,SID_Set,,FLUX,0,random_standard_3,,42,0.9997846484184265,1,False,1.30948504687467,SID_Set,1,42,random_standard_3,3,jpeg -> resize -> colour,jpeg(quality=90) -> resize(scale=0.5) -> colour(strength=0.2),"[{""order"":1,""transform"":""jpeg"",""parameter_name"":""quality"",""parameter_value"":90},{""order"":2,""transform"":""resize"",""parameter_name"":""scale"",""parameter_value"":0.5},{""order"":3,""transform"":""colour"",""parameter_name"":""strength"",""parameter_value"":0.2}]",True,False,True,False,True,False,0.9832661151885986,1,False,Random standard-3 robustness evaluation — Old SID B - SID-only robustness training vs New Mixed B - SID and CIFAKE robustness training,0.01651853322982788,False,False,false_positive,New Mixed B - SID and CIFAKE robustness training,efficientnet_b0
mixed_sid_cifake_b,9159a9d4ceb7fccd3eee24c3ddf9600c79c8abf1444cb0646b93ac66fd3b5c44,FAKE/img_5791.jpg,FAKE/img_5791.jpg,SID_Set,,FLUX,1,random_standard_3,,42,0.004001142457127571,0,False,1.4387969843774329,SID_Set,1,42,random_standard_3,3,crop -> colour -> resize,crop(fraction=0.8) -> colour(strength=0.2) -> resize(scale=0.25),"[{""order"":1,""transform"":""crop"",""parameter_name"":""fraction"",""parameter_value"":0.8},{""order"":2,""transform"":""colour"",""parameter_name"":""strength"",""parameter_value"":0.2},{""order"":3,""transform"":""resize"",""parameter_name"":""scale"",""parameter_value"":0.25}]",False,False,True,False,True,True,0.007814875803887844,0,False,Random standard-3 robustness evaluation — Old SID B - SID-only robustness training vs New Mixed B - SID and CIFAKE robustness training,-0.003813733346760273,False,False,false_negative,New Mixed B - SID and CIFAKE robustness training,efficientnet_b0
mixed_sid_cifake_b,9159a9d4ceb7fccd3eee24c3ddf9600c79c8abf1444cb0646b93ac66fd3b5c44,FAKE/img_16416.jpg,FAKE/img_16416.jpg,SID_Set,,FLUX,1,random_standard_3,,42,0.23263557255268097,0,False,1.4387969843774329,SID_Set,1,42,random_standard_3,3,colour -> noise -> blur,colour(strength=-0.2) -> noise(sigma=0.1) -> blur(sigma=1.0),"[{""order"":1,""transform"":""colour"",""parameter_name"":""strength"",""parameter_value"":-0.2},{""order"":2,""transform"":""noise"",""parameter_name"":""sigma"",""parameter_value"":0.1},{""order"":3,""transform"":""blur"",""parameter_name"":""sigma"",""parameter_value"":1.0}]",False,True,False,True,True,False,0.9999841451644897,1,True,Random standard-3 robustness evaluation — Old SID B - SID-only robustness training vs New Mixed B - SID and CIFAKE robustness training,-0.7673485726118088,True,False,false_negative,New Mixed B - SID and CIFAKE robustness training,efficientnet_b0
mixed_sid_cifake_b,9159a9d4ceb7fccd3eee24c3ddf9600c79c8abf1444cb0646b93ac66fd3b5c44,FAKE/img_2083.jpg,FAKE/img_2083.jpg,SID_Set,,FLUX,1,random_standard_3,,42,0.1879916936159134,0,False,1.419411984372232,SID_Set,1,42,random_standard_3,3,noise -> crop -> jpeg,noise(sigma=0.1) -> crop(fraction=0.8) -> jpeg(quality=70),"[{""order"":1,""transform"":""noise"",""parameter_name"":""sigma"",""parameter_value"":0.1},{""order"":2,""transform"":""crop"",""parameter_name"":""fraction"",""parameter_value"":0.8},{""order"":3,""transform"":""jpeg"",""parameter_name"":""quality"",""parameter_value"":70}]",True,False,False,True,False,True,0.9998132586479187,1,True,Random standard-3 robustness evaluation — Old SID B - SID-only robustness training vs New Mixed B - SID and CIFAKE robustness training,-0.8118215650320053,True,False,false_negative,New Mixed B - SID and CIFAKE robustness training,efficientnet_b0
mixed_sid_cifake_b,9159a9d4ceb7fccd3eee24c3ddf9600c79c8abf1444cb0646b93ac66fd3b5c44,REAL/img_2440.jpg,REAL/img_2440.jpg,SID_Set,,FLUX,0,random_standard_3,,42,0.736331582069397,1,False,1.419411984372232,SID_Set,1,42,random_standard_3,3,crop -> jpeg -> colour,crop(fraction=0.8) -> jpeg(quality=50) -> colour(strength=0.2),"[{""order"":1,""transform"":""crop"",""parameter_name"":""fraction"",""parameter_value"":0.8},{""order"":2,""transform"":""jpeg"",""parameter_name"":""quality"",""parameter_value"":50},{""order"":3,""transform"":""colour"",""parameter_name"":""strength"",""parameter_value"":0.2}]",True,False,False,False,True,True,0.39113855361938477,0,True,Random standard-3 robustness evaluation — Old SID B - SID-only robustness training vs New Mixed B - SID and CIFAKE robustness training,0.3451930284500122,True,False,false_positive,New Mixed B - SID and CIFAKE robustness training,efficientnet_b0
mixed_sid_cifake_b,9159a9d4ceb7fccd3eee24c3ddf9600c79c8abf1444cb0646b93ac66fd3b5c44,FAKE/img_14113.jpg,FAKE/img_14113.jpg,SID_Set,,FLUX,1,random_standard_3,,42,0.4977077841758728,0,False,1.4301759843746709,SID_Set,1,42,random_standard_3,3,jpeg -> resize -> crop,jpeg(quality=50) -> resize(scale=0.5) -> crop(fraction=0.8),"[{""order"":1,""transform"":""jpeg"",""parameter_name"":""quality"",""parameter_value"":50},{""order"":2,""transform"":""resize"",""parameter_name"":""scale"",""parameter_value"":0.5},{""order"":3,""transform"":""crop"",""parameter_name"":""fraction"",""parameter_value"":0.8}]",True,False,True,False,False,True,0.997381865978241,1,True,Random standard-3 robustness evaluation — Old SID B - SID-only robustness training vs New Mixed B - SID and CIFAKE robustness training,-0.49967408180236816,True,False,false_negative,New Mixed B - SID and CIFAKE robustness training,efficientnet_b0
mixed_sid_cifake_b,9159a9d4ceb7fccd3eee24c3ddf9600c79c8abf1444cb0646b93ac66fd3b5c44,REAL/img_3328.jpg,REAL/img_3328.jpg,SID_Set,,FLUX,0,random_standard_3,,42,0.9999963045120239,1,False,1.4215754375008771,SID_Set,1,42,random_standard_3,3,blur -> resize -> jpeg,blur(sigma=2.0) -> resize(scale=0.5) -> jpeg(quality=50),"[{""order"":1,""transform"":""blur"",""parameter_name"":""sigma"",""parameter_value"":2.0},{""order"":2,""transform"":""resize"",""parameter_name"":""scale"",""parameter_value"":0.5},{""order"":3,""transform"":""jpeg"",""parameter_name"":""quality"",""parameter_value"":50}]",True,True,True,False,False,False,0.9264559149742126,1,False,Random standard-3 robustness evaluation — Old SID B - SID-only robustness training vs New Mixed B - SID and CIFAKE robustness training,0.07354038953781128,False,False,false_positive,New Mixed B - SID and CIFAKE robustness training,efficientnet_b0
mixed_sid_cifake_b,9159a9d4ceb7fccd3eee24c3ddf9600c79c8abf1444cb0646b93ac66fd3b5c44,FAKE/img_304.jpg,FAKE/img_304.jpg,SID_Set,,FLUX,1,random_standard_3,,42,0.45709338784217834,0,False,1.4198204062516595,SID_Set,1,42,random_standard_3,3,resize -> noise -> blur,resize(scale=0.5) -> noise(sigma=0.05) -> blur(sigma=1.0),"[{""order"":1,""transform"":""resize"",""parameter_name"":""scale"",""parameter_value"":0.5},{""order"":2,""transform"":""noise"",""parameter_name"":""sigma"",""parameter_value"":0.05},{""order"":3,""transform"":""blur"",""parameter_name"":""sigma"",""parameter_value"":1.0}]",False,True,True,True,False,False,0.8638738989830017,1,True,Random standard-3 robustness evaluation — Old SID B - SID-only robustness training vs New Mixed B - SID and CIFAKE robustness training,-0.40678051114082336,True,False,false_negative,New Mixed B - SID and CIFAKE robustness training,efficientnet_b0
mixed_sid_cifake_b,9159a9d4ceb7fccd3eee24c3ddf9600c79c8abf1444cb0646b93ac66fd3b5c44,REAL/img_1242.jpg,REAL/img_1242.jpg,SID_Set,,FLUX,0,random_standard_3,,42,0.9995180368423462,1,False,1.4274047500002496,SID_Set,1,42,random_standard_3,3,noise -> jpeg -> crop,noise(sigma=0.1) -> jpeg(quality=90) -> crop(fraction=0.8),"[{""order"":1,""transform"":""noise"",""parameter_name"":""sigma"",""parameter_value"":0.1},{""order"":2,""transform"":""jpeg"",""parameter_name"":""quality"",""parameter_value"":90},{""order"":3,""transform"":""crop"",""parameter_name"":""fraction"",""parameter_value"":0.8}]",True,False,False,True,False,True,1.7073355258951763e-17,0,True,Random standard-3 robustness evaluation — Old SID B - SID-only robustness training vs New Mixed B - SID and CIFAKE robustness training,0.9995180368423462,True,False,false_positive,New Mixed B - SID and CIFAKE robustness training,efficientnet_b0
mixed_sid_cifake_b,9159a9d4ceb7fccd3eee24c3ddf9600c79c8abf1444cb0646b93ac66fd3b5c44,FAKE/img_10745.jpg,FAKE/img_10745.jpg,SID_Set,,FLUX,1,random_standard_3,,42,0.2690185308456421,0,False,1.4201596875018652,SID_Set,1,42,random_standard_3,3,colour -> crop -> noise,colour(strength=-0.2) -> crop(fraction=0.8) -> noise(sigma=0.02),"[{""order"":1,""transform"":""colour"",""parameter_name"":""strength"",""parameter_value"":-0.2},{""order"":2,""transform"":""crop"",""parameter_name"":""fraction"",""parameter_value"":0.8},{""order"":3,""transform"":""noise"",""parameter_name"":""sigma"",""parameter_value"":0.02}]",False,False,False,True,True,True,0.9861736297607422,1,True,Random standard-3 robustness evaluation — Old SID B - SID-only robustness training vs New Mixed B - SID and CIFAKE robustness training,-0.7171550989151001,True,False,false_negative,New Mixed B - SID and CIFAKE robustness training,efficientnet_b0
mixed_sid_cifake_b,9159a9d4ceb7fccd3eee24c3ddf9600c79c8abf1444cb0646b93ac66fd3b5c44,FAKE/img_12773.jpg,FAKE/img_12773.jpg,SID_Set,,FLUX,1,random_standard_3,,42,0.4740508198738098,0,False,1.419930953122872,SID_Set,1,42,random_standard_3,3,colour -> blur -> jpeg,colour(strength=0.2) -> blur(sigma=0.5) -> jpeg(quality=90),"[{""order"":1,""transform"":""colour"",""parameter_name"":""strength"",""parameter_value"":0.2},{""order"":2,""transform"":""blur"",""parameter_name"":""sigma"",""parameter_value"":0.5},{""order"":3,""transform"":""jpeg"",""parameter_name"":""quality"",""parameter_value"":90}]",True,True,False,False,True,False,0.9259954690933228,1,True,Random standard-3 robustness evaluation — Old SID B - SID-only robustness training vs New Mixed B - SID and CIFAKE robustness training,-0.45194464921951294,True,False,false_negative,New Mixed B - SID and CIFAKE robustness training,efficientnet_b0
mixed_sid_cifake_b,9159a9d4ceb7fccd3eee24c3ddf9600c79c8abf1444cb0646b93ac66fd3b5c44,FAKE/img_14372.jpg,FAKE/img_14372.jpg,SID_Set,,FLUX,1,random_standard_3,,42,0.37279143929481506,0,False,1.419930953122872,SID_Set,1,42,random_standard_3,3,noise -> resize -> colour,noise(sigma=0.1) -> resize(scale=0.25) -> colour(strength=-0.2),"[{""order"":1,""transform"":""noise"",""parameter_name"":""sigma"",""parameter_value"":0.1},{""order"":2,""transform"":""resize"",""parameter_name"":""scale"",""parameter_value"":0.25},{""order"":3,""transform"":""colour"",""parameter_name"":""strength"",""parameter_value"":-0.2}]",False,False,True,True,True,False,0.9999847412109375,1,True,Random standard-3 robustness evaluation — Old SID B - SID-only robustness training vs New Mixed B - SID and CIFAKE robustness training,-0.6271933019161224,True,False,false_negative,New Mixed B - SID and CIFAKE robustness training,efficientnet_b0
mixed_sid_cifake_b,9159a9d4ceb7fccd3eee24c3ddf9600c79c8abf1444cb0646b93ac66fd3b5c44,FAKE/img_10516.jpg,FAKE/img_10516.jpg,SID_Set,,FLUX,1,random_standard_3,,42,0.31779834628105164,0,False,1.4716606874998206,SID_Set,1,42,random_standard_3,3,noise -> colour -> blur,noise(sigma=0.02) -> colour(strength=0.2) -> blur(sigma=2.0),"[{""order"":1,""transform"":""noise"",""parameter_name"":""sigma"",""parameter_value"":0.02},{""order"":2,""transform"":""colour"",""parameter_name"":""strength"",""parameter_value"":0.2},{""order"":3,""transform"":""blur"",""parameter_name"":""sigma"",""parameter_value"":2.0}]",False,True,False,True,True,False,0.8519684076309204,1,True,Random standard-3 robustness evaluation — Old SID B - SID-only robustness training vs New Mixed B - SID and CIFAKE robustness training,-0.5341700613498688,True,False,false_negative,New Mixed B - SID and CIFAKE robustness training,efficientnet_b0
mixed_sid_cifake_b,9159a9d4ceb7fccd3eee24c3ddf9600c79c8abf1444cb0646b93ac66fd3b5c44,FAKE/img_15154.jpg,FAKE/img_15154.jpg,SID_Set,,FLUX,1,random_standard_3,,42,0.005481655243784189,0,False,1.4470705312490395,SID_Set,1,42,random_standard_3,3,noise -> colour -> resize,noise(sigma=0.02) -> colour(strength=-0.2) -> resize(scale=0.5),"[{""order"":1,""transform"":""noise"",""parameter_name"":""sigma"",""parameter_value"":0.02},{""order"":2,""transform"":""colour"",""parameter_name"":""strength"",""parameter_value"":-0.2},{""order"":3,""transform"":""resize"",""parameter_name"":""scale"",""parameter_value"":0.5}]",False,False,True,True,True,False,0.2629113793373108,0,False,Random standard-3 robustness evaluation — Old SID B - SID-only robustness training vs New Mixed B - SID and CIFAKE robustness training,-0.2574297240935266,False,False,false_negative,New Mixed B - SID and CIFAKE robustness training,efficientnet_b0
mixed_sid_cifake_b,9159a9d4ceb7fccd3eee24c3ddf9600c79c8abf1444cb0646b93ac66fd3b5c44,FAKE/img_12935.jpg,FAKE/img_12935.jpg,SID_Set,,FLUX,1,random_standard_3,,42,0.024523591622710228,0,False,1.424964374997728,SID_Set,1,42,random_standard_3,3,noise -> blur -> resize,noise(sigma=0.05) -> blur(sigma=0.5) -> resize(scale=0.5),"[{""order"":1,""transform"":""noise"",""parameter_name"":""sigma"",""parameter_value"":0.05},{""order"":2,""transform"":""blur"",""parameter_name"":""sigma"",""parameter_value"":0.5},{""order"":3,""transform"":""resize"",""parameter_name"":""scale"",""parameter_value"":0.5}]",False,True,True,True,False,False,0.6126285791397095,1,True,Random standard-3 robustness evaluation — Old SID B - SID-only robustness training vs New Mixed B - SID and CIFAKE robustness training,-0.5881049875169992,True,False,false_negative,New Mixed B - SID and CIFAKE robustness training,efficientnet_b0
mixed_sid_cifake_b,9159a9d4ceb7fccd3eee24c3ddf9600c79c8abf1444cb0646b93ac66fd3b5c44,FAKE/img_1576.jpg,FAKE/img_1576.jpg,SID_Set,,FLUX,1,random_standard_3,,42,4.340074156061746e-05,0,False,1.424964374997728,SID_Set,1,42,random_standard_3,3,noise -> blur -> resize,noise(sigma=0.1) -> blur(sigma=2.0) -> resize(scale=0.5),"[{""order"":1,""transform"":""noise"",""parameter_name"":""sigma"",""parameter_value"":0.1},{""order"":2,""transform"":""blur"",""parameter_name"":""sigma"",""parameter_value"":2.0},{""order"":3,""transform"":""resize"",""parameter_name"":""scale"",""parameter_value"":0.5}]",False,True,True,True,False,False,0.0434529148042202,0,False,Random standard-3 robustness evaluation — Old SID B - SID-only robustness training vs New Mixed B - SID and CIFAKE robustness training,-0.04340951406265958,False,False,false_negative,New Mixed B - SID and CIFAKE robustness training,efficientnet_b0
mixed_sid_cifake_b,9159a9d4ceb7fccd3eee24c3ddf9600c79c8abf1444cb0646b93ac66fd3b5c44,FAKE/img_5676.jpg,FAKE/img_5676.jpg,SID_Set,,FLUX,1,random_standard_3,,42,0.43949079513549805,0,False,1.424964374997728,SID_Set,1,42,random_standard_3,3,colour -> jpeg -> resize,colour(strength=-0.2) -> jpeg(quality=90) -> resize(scale=0.25),"[{""order"":1,""transform"":""colour"",""parameter_name"":""strength"",""parameter_value"":-0.2},{""order"":2,""transform"":""jpeg"",""parameter_name"":""quality"",""parameter_value"":90},{""order"":3,""transform"":""resize"",""parameter_name"":""scale"",""parameter_value"":0.25}]",True,False,True,False,True,False,0.2528587281703949,0,False,Random standard-3 robustness evaluation — Old SID B - SID-only robustness training vs New Mixed B - SID and CIFAKE robustness training,0.18663206696510315,False,False,false_negative,New Mixed B - SID and CIFAKE robustness training,efficientnet_b0
mixed_sid_cifake_b,9159a9d4ceb7fccd3eee24c3ddf9600c79c8abf1444cb0646b93ac66fd3b5c44,FAKE/img_6024.jpg,FAKE/img_6024.jpg,SID_Set,,FLUX,1,random_standard_3,,42,0.03921552747488022,0,False,1.424964374997728,SID_Set,1,42,random_standard_3,3,noise -> resize -> jpeg,noise(sigma=0.05) -> resize(scale=0.25) -> jpeg(quality=50),"[{""order"":1,""transform"":""noise"",""parameter_name"":""sigma"",""parameter_value"":0.05},{""order"":2,""transform"":""resize"",""parameter_name"":""scale"",""parameter_value"":0.25},{""order"":3,""transform"":""jpeg"",""parameter_name"":""quality"",""parameter_value"":50}]",True,False,True,True,False,False,0.7492343783378601,1,True,Random standard-3 robustness evaluation — Old SID B - SID-only robustness training vs New Mixed B - SID and CIFAKE robustness training,-0.7100188508629799,True,False,false_negative,New Mixed B - SID and CIFAKE robustness training,efficientnet_b0
mixed_sid_cifake_b,9159a9d4ceb7fccd3eee24c3ddf9600c79c8abf1444cb0646b93ac66fd3b5c44,REAL/img_7216.jpg,REAL/img_7216.jpg,SID_Set,,FLUX,0,random_standard_3,,42,0.5277058482170105,1,False,1.4199160312493575,SID_Set,1,42,random_standard_3,3,noise -> crop -> colour,noise(sigma=0.02) -> crop(fraction=0.8) -> colour(strength=-0.2),"[{""order"":1,""transform"":""noise"",""parameter_name"":""sigma"",""parameter_value"":0.02},{""order"":2,""transform"":""crop"",""parameter_name"":""fraction"",""parameter_value"":0.8},{""order"":3,""transform"":""colour"",""parameter_name"":""strength"",""parameter_value"":-0.2}]",False,False,False,True,True,True,0.646504282951355,1,False,Random standard-3 robustness evaluation — Old SID B - SID-only robustness training vs New Mixed B - SID and CIFAKE robustness training,-0.11879843473434448,False,False,false_positive,New Mixed B - SID and CIFAKE robustness training,efficientnet_b0
mixed_sid_cifake_b,9159a9d4ceb7fccd3eee24c3ddf9600c79c8abf1444cb0646b93ac66fd3b5c44,FAKE/img_4452.jpg,FAKE/img_4452.jpg,SID_Set,,FLUX,1,random_standard_3,,42,0.4124879837036133,0,False,1.4199160312493575,SID_Set,1,42,random_standard_3,3,crop -> noise -> colour,crop(fraction=0.8) -> noise(sigma=0.02) -> colour(strength=-0.2),"[{""order"":1,""transform"":""crop"",""parameter_name"":""fraction"",""parameter_value"":0.8},{""order"":2,""transform"":""noise"",""parameter_name"":""sigma"",""parameter_value"":0.02},{""order"":3,""transform"":""colour"",""parameter_name"":""strength"",""parameter_value"":-0.2}]",False,False,False,True,True,True,0.9957184195518494,1,True,Random standard-3 robustness evaluation — Old SID B - SID-only robustness training vs New Mixed B - SID and CIFAKE robustness training,-0.5832304358482361,True,False,false_negative,New Mixed B - SID and CIFAKE robustness training,efficientnet_b0
mixed_sid_cifake_b,9159a9d4ceb7fccd3eee24c3ddf9600c79c8abf1444cb0646b93ac66fd3b5c44,FAKE/img_7468.jpg,FAKE/img_7468.jpg,SID_Set,,FLUX,1,random_standard_3,,42,0.2715742588043213,0,False,1.4205709375012532,SID_Set,1,42,random_standard_3,3,colour -> resize -> crop,colour(strength=0.2) -> resize(scale=0.25) -> crop(fraction=0.8),"[{""order"":1,""transform"":""colour"",""parameter_name"":""strength"",""parameter_value"":0.2},{""order"":2,""transform"":""resize"",""parameter_name"":""scale"",""parameter_value"":0.25},{""order"":3,""transform"":""crop"",""parameter_name"":""fraction"",""parameter_value"":0.8}]",False,False,True,False,True,True,0.997115969657898,1,True,Random standard-3 robustness evaluation — Old SID B - SID-only robustness training vs New Mixed B - SID and CIFAKE robustness training,-0.7255417108535767,True,False,false_negative,New Mixed B - SID and CIFAKE robustness training,efficientnet_b0
mixed_sid_cifake_b,9159a9d4ceb7fccd3eee24c3ddf9600c79c8abf1444cb0646b93ac66fd3b5c44,REAL/img_8528.jpg,REAL/img_8528.jpg,SID_Set,,FLUX,0,random_standard_3,,42,0.8745598196983337,1,False,1.4583234999996364,SID_Set,1,42,random_standard_3,3,crop -> blur -> jpeg,crop(fraction=0.8) -> blur(sigma=2.0) -> jpeg(quality=90),"[{""order"":1,""transform"":""crop"",""parameter_name"":""fraction"",""parameter_value"":0.8},{""order"":2,""transform"":""blur"",""parameter_name"":""sigma"",""parameter_value"":2.0},{""order"":3,""transform"":""jpeg"",""parameter_name"":""quality"",""parameter_value"":90}]",True,True,False,False,False,True,0.9805907607078552,1,False,Random standard-3 robustness evaluation — Old SID B - SID-only robustness training vs New Mixed B - SID and CIFAKE robustness training,-0.10603094100952148,False,False,false_positive,New Mixed B - SID and CIFAKE robustness training,efficientnet_b0
mixed_sid_cifake_b,9159a9d4ceb7fccd3eee24c3ddf9600c79c8abf1444cb0646b93ac66fd3b5c44,REAL/img_7008.jpg,REAL/img_7008.jpg,SID_Set,,FLUX,0,random_standard_3,,42,0.5050419569015503,1,False,1.4583234999996364,SID_Set,1,42,random_standard_3,3,jpeg -> crop -> colour,jpeg(quality=30) -> crop(fraction=0.8) -> colour(strength=0.2),"[{""order"":1,""transform"":""jpeg"",""parameter_name"":""quality"",""parameter_value"":30},{""order"":2,""transform"":""crop"",""parameter_name"":""fraction"",""parameter_value"":0.8},{""order"":3,""transform"":""colour"",""parameter_name"":""strength"",""parameter_value"":0.2}]",True,False,False,False,True,True,0.7254787087440491,1,False,Random standard-3 robustness evaluation — Old SID B - SID-only robustness training vs New Mixed B - SID and CIFAKE robustness training,-0.22043675184249878,False,False,false_positive,New Mixed B - SID and CIFAKE robustness training,efficientnet_b0
mixed_sid_cifake_b,9159a9d4ceb7fccd3eee24c3ddf9600c79c8abf1444cb0646b93ac66fd3b5c44,REAL/img_15676.jpg,REAL/img_15676.jpg,SID_Set,,FLUX,0,random_standard_3,,42,0.5226142406463623,1,False,1.4527139843778514,SID_Set,1,42,random_standard_3,3,blur -> crop -> noise,blur(sigma=1.0) -> crop(fraction=0.8) -> noise(sigma=0.1),"[{""order"":1,""transform"":""blur"",""parameter_name"":""sigma"",""parameter_value"":1.0},{""order"":2,""transform"":""crop"",""parameter_name"":""fraction"",""parameter_value"":0.8},{""order"":3,""transform"":""noise"",""parameter_name"":""sigma"",""parameter_value"":0.1}]",False,True,False,True,False,True,0.6817418932914734,1,False,Random standard-3 robustness evaluation — Old SID B - SID-only robustness training vs New Mixed B - SID and CIFAKE robustness training,-0.15912765264511108,False,False,false_positive,New Mixed B - SID and CIFAKE robustness training,efficientnet_b0
mixed_sid_cifake_b,9159a9d4ceb7fccd3eee24c3ddf9600c79c8abf1444cb0646b93ac66fd3b5c44,FAKE/img_11134.jpg,FAKE/img_11134.jpg,SID_Set,,FLUX,1,random_standard_3,,42,0.18730105459690094,0,False,1.5122127500006854,SID_Set,1,42,random_standard_3,3,colour -> crop -> blur,colour(strength=0.2) -> crop(fraction=0.8) -> blur(sigma=0.5),"[{""order"":1,""transform"":""colour"",""parameter_name"":""strength"",""parameter_value"":0.2},{""order"":2,""transform"":""crop"",""parameter_name"":""fraction"",""parameter_value"":0.8},{""order"":3,""transform"":""blur"",""parameter_name"":""sigma"",""parameter_value"":0.5}]",False,True,False,False,True,True,0.9999938011169434,1,True,Random standard-3 robustness evaluation — Old SID B - SID-only robustness training vs New Mixed B - SID and CIFAKE robustness training,-0.8126927465200424,True,False,false_negative,New Mixed B - SID and CIFAKE robustness training,efficientnet_b0
mixed_sid_cifake_b,9159a9d4ceb7fccd3eee24c3ddf9600c79c8abf1444cb0646b93ac66fd3b5c44,FAKE/img_12190.jpg,FAKE/img_12190.jpg,SID_Set,,FLUX,1,random_standard_3,,42,0.1447145789861679,0,False,1.5122127500006854,SID_Set,1,42,random_standard_3,3,blur -> noise -> jpeg,blur(sigma=0.5) -> noise(sigma=0.1) -> jpeg(quality=90),"[{""order"":1,""transform"":""blur"",""parameter_name"":""sigma"",""parameter_value"":0.5},{""order"":2,""transform"":""noise"",""parameter_name"":""sigma"",""parameter_value"":0.1},{""order"":3,""transform"":""jpeg"",""parameter_name"":""quality"",""parameter_value"":90}]",True,True,False,True,False,False,0.9910586476325989,1,True,Random standard-3 robustness evaluation — Old SID B - SID-only robustness training vs New Mixed B - SID and CIFAKE robustness training,-0.846344068646431,True,False,false_negative,New Mixed B - SID and CIFAKE robustness training,efficientnet_b0
mixed_sid_cifake_b,9159a9d4ceb7fccd3eee24c3ddf9600c79c8abf1444cb0646b93ac66fd3b5c44,FAKE/img_1144.jpg,FAKE/img_1144.jpg,SID_Set,,FLUX,1,random_standard_3,,42,0.131173238158226,0,False,1.4367192031237153,SID_Set,1,42,random_standard_3,3,jpeg -> crop -> colour,jpeg(quality=50) -> crop(fraction=0.8) -> colour(strength=0.2),"[{""order"":1,""transform"":""jpeg"",""parameter_name"":""quality"",""parameter_value"":50},{""order"":2,""transform"":""crop"",""parameter_name"":""fraction"",""parameter_value"":0.8},{""order"":3,""transform"":""colour"",""parameter_name"":""strength"",""parameter_value"":0.2}]",True,False,False,False,True,True,0.9359210729598999,1,True,Random standard-3 robustness evaluation — Old SID B - SID-only robustness training vs New Mixed B - SID and CIFAKE robustness training,-0.8047478348016739,True,False,false_negative,New Mixed B - SID and CIFAKE robustness training,efficientnet_b0
mixed_sid_cifake_b,9159a9d4ceb7fccd3eee24c3ddf9600c79c8abf1444cb0646b93ac66fd3b5c44,FAKE/img_4274.jpg,FAKE/img_4274.jpg,SID_Set,,FLUX,1,random_standard_3,,42,0.25386345386505127,0,False,1.4410552656229925,SID_Set,1,42,random_standard_3,3,noise -> crop -> colour,noise(sigma=0.1) -> crop(fraction=0.8) -> colour(strength=0.2),"[{""order"":1,""transform"":""noise"",""parameter_name"":""sigma"",""parameter_value"":0.1},{""order"":2,""transform"":""crop"",""parameter_name"":""fraction"",""parameter_value"":0.8},{""order"":3,""transform"":""colour"",""parameter_name"":""strength"",""parameter_value"":0.2}]",False,False,False,True,True,True,1.0,1,True,Random standard-3 robustness evaluation — Old SID B - SID-only robustness training vs New Mixed B - SID and CIFAKE robustness training,-0.7461365461349487,True,False,false_negative,New Mixed B - SID and CIFAKE robustness training,efficientnet_b0
mixed_sid_cifake_b,9159a9d4ceb7fccd3eee24c3ddf9600c79c8abf1444cb0646b93ac66fd3b5c44,REAL/img_759.jpg,REAL/img_759.jpg,SID_Set,,FLUX,0,random_standard_3,,42,0.551629364490509,1,False,1.4203261562499847,SID_Set,1,42,random_standard_3,3,resize -> jpeg -> crop,resize(scale=0.25) -> jpeg(quality=90) -> crop(fraction=0.8),"[{""order"":1,""transform"":""resize"",""parameter_name"":""scale"",""parameter_value"":0.25},{""order"":2,""transform"":""jpeg"",""parameter_name"":""quality"",""parameter_value"":90},{""order"":3,""transform"":""crop"",""parameter_name"":""fraction"",""parameter_value"":0.8}]",True,False,True,False,False,True,0.9560602307319641,1,False,Random standard-3 robustness evaluation — Old SID B - SID-only robustness training vs New Mixed B - SID and CIFAKE robustness training,-0.4044308662414551,False,False,false_positive,New Mixed B - SID and CIFAKE robustness training,efficientnet_b0
mixed_sid_cifake_b,9159a9d4ceb7fccd3eee24c3ddf9600c79c8abf1444cb0646b93ac66fd3b5c44,FAKE/img_14370.jpg,FAKE/img_14370.jpg,SID_Set,,FLUX,1,random_standard_3,,42,0.24512027204036713,0,False,1.4203261562499847,SID_Set,1,42,random_standard_3,3,noise -> crop -> resize,noise(sigma=0.1) -> crop(fraction=0.8) -> resize(scale=0.5),"[{""order"":1,""transform"":""noise"",""parameter_name"":""sigma"",""parameter_value"":0.1},{""order"":2,""transform"":""crop"",""parameter_name"":""fraction"",""parameter_value"":0.8},{""order"":3,""transform"":""resize"",""parameter_name"":""scale"",""parameter_value"":0.5}]",False,False,True,True,False,True,0.9947015047073364,1,True,Random standard-3 robustness evaluation — Old SID B - SID-only robustness training vs New Mixed B - SID and CIFAKE robustness training,-0.7495812326669693,True,False,false_negative,New Mixed B - SID and CIFAKE robustness training,efficientnet_b0
mixed_sid_cifake_b,9159a9d4ceb7fccd3eee24c3ddf9600c79c8abf1444cb0646b93ac66fd3b5c44,FAKE/img_15143.jpg,FAKE/img_15143.jpg,SID_Set,,FLUX,1,random_standard_3,,42,0.08661312609910965,0,False,1.47195382812626,SID_Set,1,42,random_standard_3,3,colour -> crop -> resize,colour(strength=0.2) -> crop(fraction=0.8) -> resize(scale=0.5),"[{""order"":1,""transform"":""colour"",""parameter_name"":""strength"",""parameter_value"":0.2},{""order"":2,""transform"":""crop"",""parameter_name"":""fraction"",""parameter_value"":0.8},{""order"":3,""transform"":""resize"",""parameter_name"":""scale"",""parameter_value"":0.5}]",False,False,True,False,True,True,0.893527626991272,1,True,Random standard-3 robustness evaluation — Old SID B - SID-only robustness training vs New Mixed B - SID and CIFAKE robustness training,-0.8069145008921623,True,False,false_negative,New Mixed B - SID and CIFAKE robustness training,efficientnet_b0
mixed_sid_cifake_b,9159a9d4ceb7fccd3eee24c3ddf9600c79c8abf1444cb0646b93ac66fd3b5c44,FAKE/img_5384.jpg,FAKE/img_5384.jpg,SID_Set,,FLUX,1,random_standard_3,,42,0.37402912974357605,0,False,1.4197183593758211,SID_Set,1,42,random_standard_3,3,blur -> jpeg -> colour,blur(sigma=2.0) -> jpeg(quality=30) -> colour(strength=-0.2),"[{""order"":1,""transform"":""blur"",""parameter_name"":""sigma"",""parameter_value"":2.0},{""order"":2,""transform"":""jpeg"",""parameter_name"":""quality"",""parameter_value"":30},{""order"":3,""transform"":""colour"",""parameter_name"":""strength"",""parameter_value"":-0.2}]",True,True,False,False,True,False,0.9982088804244995,1,True,Random standard-3 robustness evaluation — Old SID B - SID-only robustness training vs New Mixed B - SID and CIFAKE robustness training,-0.6241797506809235,True,False,false_negative,New Mixed B - SID and CIFAKE robustness training,efficientnet_b0
mixed_sid_cifake_b,9159a9d4ceb7fccd3eee24c3ddf9600c79c8abf1444cb0646b93ac66fd3b5c44,REAL/img_7751.jpg,REAL/img_7751.jpg,SID_Set,,FLUX,0,random_standard_3,,42,0.5865137577056885,1,False,1.4364358437504166,SID_Set,1,42,random_standard_3,3,colour -> jpeg -> noise,colour(strength=-0.2) -> jpeg(quality=50) -> noise(sigma=0.02),"[{""order"":1,""transform"":""colour"",""parameter_name"":""strength"",""parameter_value"":-0.2},{""order"":2,""transform"":""jpeg"",""parameter_name"":""quality"",""parameter_value"":50},{""order"":3,""transform"":""noise"",""parameter_name"":""sigma"",""parameter_value"":0.02}]",True,False,False,True,True,False,0.6289790272712708,1,False,Random standard-3 robustness evaluation — Old SID B - SID-only robustness training vs New Mixed B - SID and CIFAKE robustness training,-0.042465269565582275,False,False,false_positive,New Mixed B - SID and CIFAKE robustness training,efficientnet_b0
mixed_sid_cifake_b,9159a9d4ceb7fccd3eee24c3ddf9600c79c8abf1444cb0646b93ac66fd3b5c44,FAKE/img_11337.jpg,FAKE/img_11337.jpg,SID_Set,,FLUX,1,random_standard_3,,42,0.3934262990951538,0,False,1.4198987812505948,SID_Set,1,42,random_standard_3,3,noise -> resize -> crop,noise(sigma=0.1) -> resize(scale=0.25) -> crop(fraction=0.8),"[{""order"":1,""transform"":""noise"",""parameter_name"":""sigma"",""parameter_value"":0.1},{""order"":2,""transform"":""resize"",""parameter_name"":""scale"",""parameter_value"":0.25},{""order"":3,""transform"":""crop"",""parameter_name"":""fraction"",""parameter_value"":0.8}]",False,False,True,True,False,True,0.9998291730880737,1,True,Random standard-3 robustness evaluation — Old SID B - SID-only robustness training vs New Mixed B - SID and CIFAKE robustness training,-0.6064028739929199,True,False,false_negative,New Mixed B - SID and CIFAKE robustness training,efficientnet_b0
mixed_sid_cifake_b,9159a9d4ceb7fccd3eee24c3ddf9600c79c8abf1444cb0646b93ac66fd3b5c44,REAL/img_4237.jpg,REAL/img_4237.jpg,SID_Set,,FLUX,0,random_standard_3,,42,0.5376696586608887,1,False,1.419820265624594,SID_Set,1,42,random_standard_3,3,colour -> noise -> blur,colour(strength=0.2) -> noise(sigma=0.1) -> blur(sigma=2.0),"[{""order"":1,""transform"":""colour"",""parameter_name"":""strength"",""parameter_value"":0.2},{""order"":2,""transform"":""noise"",""parameter_name"":""sigma"",""parameter_value"":0.1},{""order"":3,""transform"":""blur"",""parameter_name"":""sigma"",""parameter_value"":2.0}]",False,True,False,True,True,False,0.44598910212516785,0,True,Random standard-3 robustness evaluation — Old SID B - SID-only robustness training vs New Mixed B - SID and CIFAKE robustness training,0.09168055653572083,True,False,false_positive,New Mixed B - SID and CIFAKE robustness training,efficientnet_b0
mixed_sid_cifake_b,9159a9d4ceb7fccd3eee24c3ddf9600c79c8abf1444cb0646b93ac66fd3b5c44,REAL/img_10812.jpg,REAL/img_10812.jpg,SID_Set,,FLUX,0,random_standard_3,,42,0.615187406539917,1,False,1.4519740156231364,SID_Set,1,42,random_standard_3,3,crop -> jpeg -> colour,crop(fraction=0.8) -> jpeg(quality=30) -> colour(strength=-0.2),"[{""order"":1,""transform"":""crop"",""parameter_name"":""fraction"",""parameter_value"":0.8},{""order"":2,""transform"":""jpeg"",""parameter_name"":""quality"",""parameter_value"":30},{""order"":3,""transform"":""colour"",""parameter_name"":""strength"",""parameter_value"":-0.2}]",True,False,False,False,True,True,0.9350079298019409,1,False,Random standard-3 robustness evaluation — Old SID B - SID-only robustness training vs New Mixed B - SID and CIFAKE robustness training,-0.3198205232620239,False,False,false_positive,New Mixed B - SID and CIFAKE robustness training,efficientnet_b0
mixed_sid_cifake_b,9159a9d4ceb7fccd3eee24c3ddf9600c79c8abf1444cb0646b93ac66fd3b5c44,FAKE/img_16412.jpg,FAKE/img_16412.jpg,SID_Set,,FLUX,1,random_standard_3,,42,0.48969554901123047,0,False,1.4201315937505399,SID_Set,1,42,random_standard_3,3,noise -> jpeg -> resize,noise(sigma=0.05) -> jpeg(quality=30) -> resize(scale=0.5),"[{""order"":1,""transform"":""noise"",""parameter_name"":""sigma"",""parameter_value"":0.05},{""order"":2,""transform"":""jpeg"",""parameter_name"":""quality"",""parameter_value"":30},{""order"":3,""transform"":""resize"",""parameter_name"":""scale"",""parameter_value"":0.5}]",True,False,True,True,False,False,0.9939895868301392,1,True,Random standard-3 robustness evaluation — Old SID B - SID-only robustness training vs New Mixed B - SID and CIFAKE robustness training,-0.5042940378189087,True,False,false_negative,New Mixed B - SID and CIFAKE robustness training,efficientnet_b0
mixed_sid_cifake_b,9159a9d4ceb7fccd3eee24c3ddf9600c79c8abf1444cb0646b93ac66fd3b5c44,FAKE/img_13764.jpg,FAKE/img_13764.jpg,SID_Set,,FLUX,1,random_standard_3,,42,0.19574441015720367,0,False,1.4204599375027271,SID_Set,1,42,random_standard_3,3,colour -> noise -> jpeg,colour(strength=-0.2) -> noise(sigma=0.1) -> jpeg(quality=50),"[{""order"":1,""transform"":""colour"",""parameter_name"":""strength"",""parameter_value"":-0.2},{""order"":2,""transform"":""noise"",""parameter_name"":""sigma"",""parameter_value"":0.1},{""order"":3,""transform"":""jpeg"",""parameter_name"":""quality"",""parameter_value"":50}]",True,False,False,True,True,False,0.9999997615814209,1,True,Random standard-3 robustness evaluation — Old SID B - SID-only robustness training vs New Mixed B - SID and CIFAKE robustness training,-0.8042553514242172,True,False,false_negative,New Mixed B - SID and CIFAKE robustness training,efficientnet_b0
mixed_sid_cifake_b,9159a9d4ceb7fccd3eee24c3ddf9600c79c8abf1444cb0646b93ac66fd3b5c44,REAL/img_7168.jpg,REAL/img_7168.jpg,SID_Set,,FLUX,0,random_standard_3,,42,0.5099045038223267,1,False,1.4209465468759674,SID_Set,1,42,random_standard_3,3,blur -> colour -> resize,blur(sigma=1.0) -> colour(strength=-0.2) -> resize(scale=0.5),"[{""order"":1,""transform"":""blur"",""parameter_name"":""sigma"",""parameter_value"":1.0},{""order"":2,""transform"":""colour"",""parameter_name"":""strength"",""parameter_value"":-0.2},{""order"":3,""transform"":""resize"",""parameter_name"":""scale"",""parameter_value"":0.5}]",False,True,True,False,True,False,0.944058895111084,1,False,Random standard-3 robustness evaluation — Old SID B - SID-only robustness training vs New Mixed B - SID and CIFAKE robustness training,-0.4341543912887573,False,False,false_positive,New Mixed B - SID and CIFAKE robustness training,efficientnet_b0
mixed_sid_cifake_b,9159a9d4ceb7fccd3eee24c3ddf9600c79c8abf1444cb0646b93ac66fd3b5c44,REAL/img_3548.jpg,REAL/img_3548.jpg,SID_Set,,FLUX,0,random_standard_3,,42,0.9658826589584351,1,False,1.41551667187656,SID_Set,1,42,random_standard_3,3,blur -> resize -> jpeg,blur(sigma=2.0) -> resize(scale=0.5) -> jpeg(quality=90),"[{""order"":1,""transform"":""blur"",""parameter_name"":""sigma"",""parameter_value"":2.0},{""order"":2,""transform"":""resize"",""parameter_name"":""scale"",""parameter_value"":0.5},{""order"":3,""transform"":""jpeg"",""parameter_name"":""quality"",""parameter_value"":90}]",True,True,True,False,False,False,0.978095293045044,1,False,Random standard-3 robustness evaluation — Old SID B - SID-only robustness training vs New Mixed B - SID and CIFAKE robustness training,-0.012212634086608887,False,False,false_positive,New Mixed B - SID and CIFAKE robustness training,efficientnet_b0
mixed_sid_cifake_b,9159a9d4ceb7fccd3eee24c3ddf9600c79c8abf1444cb0646b93ac66fd3b5c44,FAKE/img_15734.jpg,FAKE/img_15734.jpg,SID_Set,,FLUX,1,random_standard_3,,42,0.42160072922706604,0,False,1.4199502968743616,SID_Set,1,42,random_standard_3,3,noise -> resize -> colour,noise(sigma=0.1) -> resize(scale=0.5) -> colour(strength=0.2),"[{""order"":1,""transform"":""noise"",""parameter_name"":""sigma"",""parameter_value"":0.1},{""order"":2,""transform"":""resize"",""parameter_name"":""scale"",""parameter_value"":0.5},{""order"":3,""transform"":""colour"",""parameter_name"":""strength"",""parameter_value"":0.2}]",False,False,True,True,True,False,0.9993124008178711,1,True,Random standard-3 robustness evaluation — Old SID B - SID-only robustness training vs New Mixed B - SID and CIFAKE robustness training,-0.577711671590805,True,False,false_negative,New Mixed B - SID and CIFAKE robustness training,efficientnet_b0
mixed_sid_cifake_b,9159a9d4ceb7fccd3eee24c3ddf9600c79c8abf1444cb0646b93ac66fd3b5c44,FAKE/img_12605.jpg,FAKE/img_12605.jpg,SID_Set,,FLUX,1,random_standard_3,,42,0.20352214574813843,0,False,1.4215546406255442,SID_Set,1,42,random_standard_3,3,jpeg -> blur -> crop,jpeg(quality=30) -> blur(sigma=1.0) -> crop(fraction=0.8),"[{""order"":1,""transform"":""jpeg"",""parameter_name"":""quality"",""parameter_value"":30},{""order"":2,""transform"":""blur"",""parameter_name"":""sigma"",""parameter_value"":1.0},{""order"":3,""transform"":""crop"",""parameter_name"":""fraction"",""parameter_value"":0.8}]",True,True,False,False,False,True,0.578194260597229,1,True,Random standard-3 robustness evaluation — Old SID B - SID-only robustness training vs New Mixed B - SID and CIFAKE robustness training,-0.3746721148490906,True,False,false_negative,New Mixed B - SID and CIFAKE robustness training,efficientnet_b0
mixed_sid_cifake_b,9159a9d4ceb7fccd3eee24c3ddf9600c79c8abf1444cb0646b93ac66fd3b5c44,FAKE/img_12460.jpg,FAKE/img_12460.jpg,SID_Set,,FLUX,1,random_standard_3,,42,0.3730408847332001,0,False,1.4193118281227157,SID_Set,1,42,random_standard_3,3,crop -> blur -> colour,crop(fraction=0.8) -> blur(sigma=2.0) -> colour(strength=-0.2),"[{""order"":1,""transform"":""crop"",""parameter_name"":""fraction"",""parameter_value"":0.8},{""order"":2,""transform"":""blur"",""parameter_name"":""sigma"",""parameter_value"":2.0},{""order"":3,""transform"":""colour"",""parameter_name"":""strength"",""parameter_value"":-0.2}]",False,True,False,False,True,True,0.9764362573623657,1,True,Random standard-3 robustness evaluation — Old SID B - SID-only robustness training vs New Mixed B - SID and CIFAKE robustness training,-0.6033953726291656,True,False,false_negative,New Mixed B - SID and CIFAKE robustness training,efficientnet_b0
mixed_sid_cifake_b,9159a9d4ceb7fccd3eee24c3ddf9600c79c8abf1444cb0646b93ac66fd3b5c44,REAL/img_14614.jpg,REAL/img_14614.jpg,SID_Set,,FLUX,0,random_standard_3,,42,0.5701050758361816,1,False,1.420350687499905,SID_Set,1,42,random_standard_3,3,resize -> crop -> colour,resize(scale=0.25) -> crop(fraction=0.8) -> colour(strength=-0.2),"[{""order"":1,""transform"":""resize"",""parameter_name"":""scale"",""parameter_value"":0.25},{""order"":2,""transform"":""crop"",""parameter_name"":""fraction"",""parameter_value"":0.8},{""order"":3,""transform"":""colour"",""parameter_name"":""strength"",""parameter_value"":-0.2}]",False,False,True,False,True,True,0.06139875203371048,0,True,Random standard-3 robustness evaluation — Old SID B - SID-only robustness training vs New Mixed B - SID and CIFAKE robustness training,0.5087063238024712,True,False,false_positive,New Mixed B - SID and CIFAKE robustness training,efficientnet_b0
mixed_sid_cifake_b,9159a9d4ceb7fccd3eee24c3ddf9600c79c8abf1444cb0646b93ac66fd3b5c44,REAL/img_11424.jpg,REAL/img_11424.jpg,SID_Set,,FLUX,0,random_standard_3,,42,0.9988424181938171,1,False,1.420350687499905,SID_Set,1,42,random_standard_3,3,crop -> noise -> colour,crop(fraction=0.8) -> noise(sigma=0.1) -> colour(strength=0.2),"[{""order"":1,""transform"":""crop"",""parameter_name"":""fraction"",""parameter_value"":0.8},{""order"":2,""transform"":""noise"",""parameter_name"":""sigma"",""parameter_value"":0.1},{""order"":3,""transform"":""colour"",""parameter_name"":""strength"",""parameter_value"":0.2}]",False,False,False,True,True,True,7.055931661170689e-08,0,True,Random standard-3 robustness evaluation — Old SID B - SID-only robustness training vs New Mixed B - SID and CIFAKE robustness training,0.9988423476345005,True,False,false_positive,New Mixed B - SID and CIFAKE robustness training,efficientnet_b0
mixed_sid_cifake_b,9159a9d4ceb7fccd3eee24c3ddf9600c79c8abf1444cb0646b93ac66fd3b5c44,FAKE/img_9233.jpg,FAKE/img_9233.jpg,SID_Set,,FLUX,1,random_standard_3,,42,0.30380210280418396,0,False,1.4714581874990529,SID_Set,1,42,random_standard_3,3,colour -> blur -> crop,colour(strength=0.2) -> blur(sigma=1.0) -> crop(fraction=0.8),"[{""order"":1,""transform"":""colour"",""parameter_name"":""strength"",""parameter_value"":0.2},{""order"":2,""transform"":""blur"",""parameter_name"":""sigma"",""parameter_value"":1.0},{""order"":3,""transform"":""crop"",""parameter_name"":""fraction"",""parameter_value"":0.8}]",False,True,False,False,True,True,0.9716418981552124,1,True,Random standard-3 robustness evaluation — Old SID B - SID-only robustness training vs New Mixed B - SID and CIFAKE robustness training,-0.6678397953510284,True,False,false_negative,New Mixed B - SID and CIFAKE robustness training,efficientnet_b0
mixed_sid_cifake_b,9159a9d4ceb7fccd3eee24c3ddf9600c79c8abf1444cb0646b93ac66fd3b5c44,REAL/img_8599.jpg,REAL/img_8599.jpg,SID_Set,,FLUX,0,random_standard_3,,42,0.9287313222885132,1,False,1.4205674687524095,SID_Set,1,42,random_standard_3,3,crop -> colour -> noise,crop(fraction=0.8) -> colour(strength=0.2) -> noise(sigma=0.05),"[{""order"":1,""transform"":""crop"",""parameter_name"":""fraction"",""parameter_value"":0.8},{""order"":2,""transform"":""colour"",""parameter_name"":""strength"",""parameter_value"":0.2},{""order"":3,""transform"":""noise"",""parameter_name"":""sigma"",""parameter_value"":0.05}]",False,False,False,True,True,True,0.7634474039077759,1,False,Random standard-3 robustness evaluation — Old SID B - SID-only robustness training vs New Mixed B - SID and CIFAKE robustness training,0.1652839183807373,False,False,false_positive,New Mixed B - SID and CIFAKE robustness training,efficientnet_b0
mixed_sid_cifake_b,9159a9d4ceb7fccd3eee24c3ddf9600c79c8abf1444cb0646b93ac66fd3b5c44,REAL/img_4645.jpg,REAL/img_4645.jpg,SID_Set,,FLUX,0,random_standard_3,,42,0.6221951246261597,1,False,1.4432620625015602,SID_Set,1,42,random_standard_3,3,noise -> jpeg -> crop,noise(sigma=0.05) -> jpeg(quality=50) -> crop(fraction=0.8),"[{""order"":1,""transform"":""noise"",""parameter_name"":""sigma"",""parameter_value"":0.05},{""order"":2,""transform"":""jpeg"",""parameter_name"":""quality"",""parameter_value"":50},{""order"":3,""transform"":""crop"",""parameter_name"":""fraction"",""parameter_value"":0.8}]",True,False,False,True,False,True,0.0044294376857578754,0,True,Random standard-3 robustness evaluation — Old SID B - SID-only robustness training vs New Mixed B - SID and CIFAKE robustness training,0.6177656869404018,True,False,false_positive,New Mixed B - SID and CIFAKE robustness training,efficientnet_b0
mixed_sid_cifake_b,9159a9d4ceb7fccd3eee24c3ddf9600c79c8abf1444cb0646b93ac66fd3b5c44,REAL/img_8780.jpg,REAL/img_8780.jpg,SID_Set,,FLUX,0,random_standard_3,,42,1.0,1,False,1.4432620625015602,SID_Set,1,42,random_standard_3,3,blur -> noise -> crop,blur(sigma=2.0) -> noise(sigma=0.02) -> crop(fraction=0.8),"[{""order"":1,""transform"":""blur"",""parameter_name"":""sigma"",""parameter_value"":2.0},{""order"":2,""transform"":""noise"",""parameter_name"":""sigma"",""parameter_value"":0.02},{""order"":3,""transform"":""crop"",""parameter_name"":""fraction"",""parameter_value"":0.8}]",False,True,False,True,False,True,0.03793276846408844,0,True,Random standard-3 robustness evaluation — Old SID B - SID-only robustness training vs New Mixed B - SID and CIFAKE robustness training,0.9620672315359116,True,False,false_positive,New Mixed B - SID and CIFAKE robustness training,efficientnet_b0
mixed_sid_cifake_b,9159a9d4ceb7fccd3eee24c3ddf9600c79c8abf1444cb0646b93ac66fd3b5c44,FAKE/img_1361.jpg,FAKE/img_1361.jpg,SID_Set,,FLUX,1,random_standard_3,,42,0.31689953804016113,0,False,1.4515803124979243,SID_Set,1,42,random_standard_3,3,resize -> crop -> jpeg,resize(scale=0.5) -> crop(fraction=0.8) -> jpeg(quality=50),"[{""order"":1,""transform"":""resize"",""parameter_name"":""scale"",""parameter_value"":0.5},{""order"":2,""transform"":""crop"",""parameter_name"":""fraction"",""parameter_value"":0.8},{""order"":3,""transform"":""jpeg"",""parameter_name"":""quality"",""parameter_value"":50}]",True,False,True,False,False,True,0.9982099533081055,1,True,Random standard-3 robustness evaluation — Old SID B - SID-only robustness training vs New Mixed B - SID and CIFAKE robustness training,-0.6813104152679443,True,False,false_negative,New Mixed B - SID and CIFAKE robustness training,efficientnet_b0
mixed_sid_cifake_b,9159a9d4ceb7fccd3eee24c3ddf9600c79c8abf1444cb0646b93ac66fd3b5c44,FAKE/img_13194.jpg,FAKE/img_13194.jpg,SID_Set,,FLUX,1,random_standard_3,,42,0.4107208549976349,0,False,1.4515803124979243,SID_Set,1,42,random_standard_3,3,crop -> colour -> resize,crop(fraction=0.8) -> colour(strength=0.2) -> resize(scale=0.25),"[{""order"":1,""transform"":""crop"",""parameter_name"":""fraction"",""parameter_value"":0.8},{""order"":2,""transform"":""colour"",""parameter_name"":""strength"",""parameter_value"":0.2},{""order"":3,""transform"":""resize"",""parameter_name"":""scale"",""parameter_value"":0.25}]",False,False,True,False,True,True,0.9999886751174927,1,True,Random standard-3 robustness evaluation — Old SID B - SID-only robustness training vs New Mixed B - SID and CIFAKE robustness training,-0.5892678201198578,True,False,false_negative,New Mixed B - SID and CIFAKE robustness training,efficientnet_b0
mixed_sid_cifake_b,9159a9d4ceb7fccd3eee24c3ddf9600c79c8abf1444cb0646b93ac66fd3b5c44,FAKE/img_479.jpg,FAKE/img_479.jpg,SID_Set,,FLUX,1,random_standard_3,,42,0.2957363426685333,0,False,1.4515803124979243,SID_Set,1,42,random_standard_3,3,blur -> crop -> colour,blur(sigma=0.5) -> crop(fraction=0.8) -> colour(strength=-0.2),"[{""order"":1,""transform"":""blur"",""parameter_name"":""sigma"",""parameter_value"":0.5},{""order"":2,""transform"":""crop"",""parameter_name"":""fraction"",""parameter_value"":0.8},{""order"":3,""transform"":""colour"",""parameter_name"":""strength"",""parameter_value"":-0.2}]",False,True,False,False,True,True,0.4102001488208771,0,False,Random standard-3 robustness evaluation — Old SID B - SID-only robustness training vs New Mixed B - SID and CIFAKE robustness training,-0.11446380615234375,False,False,false_negative,New Mixed B - SID and CIFAKE robustness training,efficientnet_b0
mixed_sid_cifake_b,9159a9d4ceb7fccd3eee24c3ddf9600c79c8abf1444cb0646b93ac66fd3b5c44,FAKE/img_7924.jpg,FAKE/img_7924.jpg,SID_Set,,FLUX,1,random_standard_3,,42,0.31665822863578796,0,False,1.4532908281239543,SID_Set,1,42,random_standard_3,3,resize -> colour -> crop,resize(scale=0.5) -> colour(strength=-0.2) -> crop(fraction=0.8),"[{""order"":1,""transform"":""resize"",""parameter_name"":""scale"",""parameter_value"":0.5},{""order"":2,""transform"":""colour"",""parameter_name"":""strength"",""parameter_value"":-0.2},{""order"":3,""transform"":""crop"",""parameter_name"":""fraction"",""parameter_value"":0.8}]",False,False,True,False,True,True,0.9886786341667175,1,True,Random standard-3 robustness evaluation — Old SID B - SID-only robustness training vs New Mixed B - SID and CIFAKE robustness training,-0.6720204055309296,True,False,false_negative,New Mixed B - SID and CIFAKE robustness training,efficientnet_b0
mixed_sid_cifake_b,9159a9d4ceb7fccd3eee24c3ddf9600c79c8abf1444cb0646b93ac66fd3b5c44,FAKE/img_12721.jpg,FAKE/img_12721.jpg,SID_Set,,FLUX,1,random_standard_3,,42,0.49817776679992676,0,False,1.4532908281239543,SID_Set,1,42,random_standard_3,3,crop -> colour -> resize,crop(fraction=0.8) -> colour(strength=-0.2) -> resize(scale=0.25),"[{""order"":1,""transform"":""crop"",""parameter_name"":""fraction"",""parameter_value"":0.8},{""order"":2,""transform"":""colour"",""parameter_name"":""strength"",""parameter_value"":-0.2},{""order"":3,""transform"":""resize"",""parameter_name"":""scale"",""parameter_value"":0.25}]",False,False,True,False,True,True,0.9990383386611938,1,True,Random standard-3 robustness evaluation — Old SID B - SID-only robustness training vs New Mixed B - SID and CIFAKE robustness training,-0.5008605718612671,True,False,false_negative,New Mixed B - SID and CIFAKE robustness training,efficientnet_b0
mixed_sid_cifake_b,9159a9d4ceb7fccd3eee24c3ddf9600c79c8abf1444cb0646b93ac66fd3b5c44,FAKE/img_16529.jpg,FAKE/img_16529.jpg,SID_Set,,FLUX,1,random_standard_3,,42,0.22675418853759766,0,False,1.4208154843764476,SID_Set,1,42,random_standard_3,3,jpeg -> blur -> crop,jpeg(quality=50) -> blur(sigma=1.0) -> crop(fraction=0.8),"[{""order"":1,""transform"":""jpeg"",""parameter_name"":""quality"",""parameter_value"":50},{""order"":2,""transform"":""blur"",""parameter_name"":""sigma"",""parameter_value"":1.0},{""order"":3,""transform"":""crop"",""parameter_name"":""fraction"",""parameter_value"":0.8}]",True,True,False,False,False,True,0.17779263854026794,0,False,Random standard-3 robustness evaluation — Old SID B - SID-only robustness training vs New Mixed B - SID and CIFAKE robustness training,0.04896154999732971,False,False,false_negative,New Mixed B - SID and CIFAKE robustness training,efficientnet_b0
mixed_sid_cifake_b,9159a9d4ceb7fccd3eee24c3ddf9600c79c8abf1444cb0646b93ac66fd3b5c44,FAKE/img_2562.jpg,FAKE/img_2562.jpg,SID_Set,,FLUX,1,random_standard_3,,42,0.4923175275325775,0,False,1.4198669531246821,SID_Set,1,42,random_standard_3,3,jpeg -> noise -> crop,jpeg(quality=50) -> noise(sigma=0.02) -> crop(fraction=0.8),"[{""order"":1,""transform"":""jpeg"",""parameter_name"":""quality"",""parameter_value"":50},{""order"":2,""transform"":""noise"",""parameter_name"":""sigma"",""parameter_value"":0.02},{""order"":3,""transform"":""crop"",""parameter_name"":""fraction"",""parameter_value"":0.8}]",True,False,False,True,False,True,0.997637152671814,1,True,Random standard-3 robustness evaluation — Old SID B - SID-only robustness training vs New Mixed B - SID and CIFAKE robustness training,-0.5053196251392365,True,False,false_negative,New Mixed B - SID and CIFAKE robustness training,efficientnet_b0
mixed_sid_cifake_b,9159a9d4ceb7fccd3eee24c3ddf9600c79c8abf1444cb0646b93ac66fd3b5c44,FAKE/img_1354.jpg,FAKE/img_1354.jpg,SID_Set,,FLUX,1,random_standard_3,,42,0.07846806943416595,0,False,1.4198669531246821,SID_Set,1,42,random_standard_3,3,jpeg -> noise -> crop,jpeg(quality=90) -> noise(sigma=0.1) -> crop(fraction=0.8),"[{""order"":1,""transform"":""jpeg"",""parameter_name"":""quality"",""parameter_value"":90},{""order"":2,""transform"":""noise"",""parameter_name"":""sigma"",""parameter_value"":0.1},{""order"":3,""transform"":""crop"",""parameter_name"":""fraction"",""parameter_value"":0.8}]",True,False,False,True,False,True,0.9999853372573853,1,True,Random standard-3 robustness evaluation — Old SID B - SID-only robustness training vs New Mixed B - SID and CIFAKE robustness training,-0.9215172678232193,True,False,false_negative,New Mixed B - SID and CIFAKE robustness training,efficientnet_b0
mixed_sid_cifake_b,9159a9d4ceb7fccd3eee24c3ddf9600c79c8abf1444cb0646b93ac66fd3b5c44,REAL/img_4037.jpg,REAL/img_4037.jpg,SID_Set,,FLUX,0,random_standard_3,,42,0.7935212254524231,1,False,1.4198669531246821,SID_Set,1,42,random_standard_3,3,resize -> blur -> crop,resize(scale=0.25) -> blur(sigma=1.0) -> crop(fraction=0.8),"[{""order"":1,""transform"":""resize"",""parameter_name"":""scale"",""parameter_value"":0.25},{""order"":2,""transform"":""blur"",""parameter_name"":""sigma"",""parameter_value"":1.0},{""order"":3,""transform"":""crop"",""parameter_name"":""fraction"",""parameter_value"":0.8}]",False,True,True,False,False,True,0.11883609741926193,0,True,Random standard-3 robustness evaluation — Old SID B - SID-only robustness training vs New Mixed B - SID and CIFAKE robustness training,0.6746851280331612,True,False,false_positive,New Mixed B - SID and CIFAKE robustness training,efficientnet_b0
mixed_sid_cifake_b,9159a9d4ceb7fccd3eee24c3ddf9600c79c8abf1444cb0646b93ac66fd3b5c44,REAL/img_6552.jpg,REAL/img_6552.jpg,SID_Set,,FLUX,0,random_standard_3,,42,0.8113101124763489,1,False,1.419868250000178,SID_Set,1,42,random_standard_3,3,colour -> resize -> noise,colour(strength=0.2) -> resize(scale=0.25) -> noise(sigma=0.1),"[{""order"":1,""transform"":""colour"",""parameter_name"":""strength"",""parameter_value"":0.2},{""order"":2,""transform"":""resize"",""parameter_name"":""scale"",""parameter_value"":0.25},{""order"":3,""transform"":""noise"",""parameter_name"":""sigma"",""parameter_value"":0.1}]",False,False,True,True,True,False,0.00360351731069386,0,True,Random standard-3 robustness evaluation — Old SID B - SID-only robustness training vs New Mixed B - SID and CIFAKE robustness training,0.807706595165655,True,False,false_positive,New Mixed B - SID and CIFAKE robustness training,efficientnet_b0
mixed_sid_cifake_b,9159a9d4ceb7fccd3eee24c3ddf9600c79c8abf1444cb0646b93ac66fd3b5c44,REAL/img_8684.jpg,REAL/img_8684.jpg,SID_Set,,FLUX,0,random_standard_3,,42,0.8754292130470276,1,False,1.419868250000178,SID_Set,1,42,random_standard_3,3,resize -> noise -> crop,resize(scale=0.25) -> noise(sigma=0.05) -> crop(fraction=0.8),"[{""order"":1,""transform"":""resize"",""parameter_name"":""scale"",""parameter_value"":0.25},{""order"":2,""transform"":""noise"",""parameter_name"":""sigma"",""parameter_value"":0.05},{""order"":3,""transform"":""crop"",""parameter_name"":""fraction"",""parameter_value"":0.8}]",False,False,True,True,False,True,0.6032043099403381,1,False,Random standard-3 robustness evaluation — Old SID B - SID-only robustness training vs New Mixed B - SID and CIFAKE robustness training,0.27222490310668945,False,False,false_positive,New Mixed B - SID and CIFAKE robustness training,efficientnet_b0
mixed_sid_cifake_b,9159a9d4ceb7fccd3eee24c3ddf9600c79c8abf1444cb0646b93ac66fd3b5c44,REAL/img_3867.jpg,REAL/img_3867.jpg,SID_Set,,FLUX,0,random_standard_3,,42,0.8182681202888489,1,False,1.4201489062521944,SID_Set,1,42,random_standard_3,3,blur -> resize -> colour,blur(sigma=2.0) -> resize(scale=0.25) -> colour(strength=-0.2),"[{""order"":1,""transform"":""blur"",""parameter_name"":""sigma"",""parameter_value"":2.0},{""order"":2,""transform"":""resize"",""parameter_name"":""scale"",""parameter_value"":0.25},{""order"":3,""transform"":""colour"",""parameter_name"":""strength"",""parameter_value"":-0.2}]",False,True,True,False,True,False,0.1524403840303421,0,True,Random standard-3 robustness evaluation — Old SID B - SID-only robustness training vs New Mixed B - SID and CIFAKE robustness training,0.6658277362585068,True,False,false_positive,New Mixed B - SID and CIFAKE robustness training,efficientnet_b0
mixed_sid_cifake_b,9159a9d4ceb7fccd3eee24c3ddf9600c79c8abf1444cb0646b93ac66fd3b5c44,FAKE/img_15462.jpg,FAKE/img_15462.jpg,SID_Set,,FLUX,1,random_standard_3,,42,0.4935453534126282,0,False,1.4201489062521944,SID_Set,1,42,random_standard_3,3,crop -> blur -> colour,crop(fraction=0.8) -> blur(sigma=1.0) -> colour(strength=0.2),"[{""order"":1,""transform"":""crop"",""parameter_name"":""fraction"",""parameter_value"":0.8},{""order"":2,""transform"":""blur"",""parameter_name"":""sigma"",""parameter_value"":1.0},{""order"":3,""transform"":""colour"",""parameter_name"":""strength"",""parameter_value"":0.2}]",False,True,False,False,True,True,0.9998366832733154,1,True,Random standard-3 robustness evaluation — Old SID B - SID-only robustness training vs New Mixed B - SID and CIFAKE robustness training,-0.5062913298606873,True,False,false_negative,New Mixed B - SID and CIFAKE robustness training,efficientnet_b0
mixed_sid_cifake_b,9159a9d4ceb7fccd3eee24c3ddf9600c79c8abf1444cb0646b93ac66fd3b5c44,FAKE/img_4940.jpg,FAKE/img_4940.jpg,SID_Set,,FLUX,1,random_standard_3,,42,0.3656432032585144,0,False,1.4211863124984347,SID_Set,1,42,random_standard_3,3,colour -> crop -> jpeg,colour(strength=0.2) -> crop(fraction=0.8) -> jpeg(quality=90),"[{""order"":1,""transform"":""colour"",""parameter_name"":""strength"",""parameter_value"":0.2},{""order"":2,""transform"":""crop"",""parameter_name"":""fraction"",""parameter_value"":0.8},{""order"":3,""transform"":""jpeg"",""parameter_name"":""quality"",""parameter_value"":90}]",True,False,False,False,True,True,0.9115412831306458,1,True,Random standard-3 robustness evaluation — Old SID B - SID-only robustness training vs New Mixed B - SID and CIFAKE robustness training,-0.5458980798721313,True,False,false_negative,New Mixed B - SID and CIFAKE robustness training,efficientnet_b0
old_sid_b,918083148a04149dd2209ae21810aa4279583e57f687b4b63d9300a5aae64d55,FAKE/img_13780.jpg,FAKE/img_13780.jpg,SID_Set,,FLUX,1,random_standard_3,,43,0.13353464007377625,0,False,1.4380969531231358,SID_Set,2,43,random_standard_3,3,jpeg -> blur -> noise,jpeg(quality=50) -> blur(sigma=1.0) -> noise(sigma=0.1),"[{""order"":1,""transform"":""jpeg"",""parameter_name"":""quality"",""parameter_value"":50},{""order"":2,""transform"":""blur"",""parameter_name"":""sigma"",""parameter_value"":1.0},{""order"":3,""transform"":""noise"",""parameter_name"":""sigma"",""parameter_value"":0.1}]",True,True,False,True,False,False,0.9145621061325073,1,True,Random standard-3 robustness evaluation — Old SID B - SID-only robustness training vs New Mixed B - SID and CIFAKE robustness training,-0.7810274660587311,True,False,false_negative,Old SID B - SID-only robustness training,efficientnet_b0
old_sid_b,918083148a04149dd2209ae21810aa4279583e57f687b4b63d9300a5aae64d55,REAL/img_16326.jpg,REAL/img_16326.jpg,SID_Set,,FLUX,0,random_standard_3,,43,0.9559207558631897,1,False,1.4272579062506452,SID_Set,2,43,random_standard_3,3,noise -> blur -> resize,noise(sigma=0.05) -> blur(sigma=1.0) -> resize(scale=0.5),"[{""order"":1,""transform"":""noise"",""parameter_name"":""sigma"",""parameter_value"":0.05},{""order"":2,""transform"":""blur"",""parameter_name"":""sigma"",""parameter_value"":1.0},{""order"":3,""transform"":""resize"",""parameter_name"":""scale"",""parameter_value"":0.5}]",False,True,True,True,False,False,0.9791862368583679,1,False,Random standard-3 robustness evaluation — Old SID B - SID-only robustness training vs New Mixed B - SID and CIFAKE robustness training,-0.023265480995178223,False,False,false_positive,Old SID B - SID-only robustness training,efficientnet_b0
old_sid_b,918083148a04149dd2209ae21810aa4279583e57f687b4b63d9300a5aae64d55,REAL/img_8969.jpg,REAL/img_8969.jpg,SID_Set,,FLUX,0,random_standard_3,,43,0.6114832758903503,1,False,1.4272579062506452,SID_Set,2,43,random_standard_3,3,crop -> colour -> resize,crop(fraction=0.8) -> colour(strength=0.2) -> resize(scale=0.25),"[{""order"":1,""transform"":""crop"",""parameter_name"":""fraction"",""parameter_value"":0.8},{""order"":2,""transform"":""colour"",""parameter_name"":""strength"",""parameter_value"":0.2},{""order"":3,""transform"":""resize"",""parameter_name"":""scale"",""parameter_value"":0.25}]",False,False,True,False,True,True,0.03786492720246315,0,True,Random standard-3 robustness evaluation — Old SID B - SID-only robustness training vs New Mixed B - SID and CIFAKE robustness training,0.5736183486878872,True,False,false_positive,Old SID B - SID-only robustness training,efficientnet_b0
old_sid_b,918083148a04149dd2209ae21810aa4279583e57f687b4b63d9300a5aae64d55,REAL/img_15936.jpg,REAL/img_15936.jpg,SID_Set,,FLUX,0,random_standard_3,,43,0.6528554558753967,1,False,1.3925386249979965,SID_Set,2,43,random_standard_3,3,colour -> blur -> noise,colour(strength=-0.2) -> blur(sigma=1.0) -> noise(sigma=0.05),"[{""order"":1,""transform"":""colour"",""parameter_name"":""strength"",""parameter_value"":-0.2},{""order"":2,""transform"":""blur"",""parameter_name"":""sigma"",""parameter_value"":1.0},{""order"":3,""transform"":""noise"",""parameter_name"":""sigma"",""parameter_value"":0.05}]",False,True,False,True,True,False,0.006438313517719507,0,True,Random standard-3 robustness evaluation — Old SID B - SID-only robustness training vs New Mixed B - SID and CIFAKE robustness training,0.6464171423576772,True,False,false_positive,Old SID B - SID-only robustness training,efficientnet_b0
old_sid_b,918083148a04149dd2209ae21810aa4279583e57f687b4b63d9300a5aae64d55,FAKE/img_8920.jpg,FAKE/img_8920.jpg,SID_Set,,FLUX,1,random_standard_3,,43,0.48326513171195984,0,False,1.3003907187538744,SID_Set,2,43,random_standard_3,3,colour -> crop -> blur,colour(strength=-0.2) -> crop(fraction=0.8) -> blur(sigma=2.0),"[{""order"":1,""transform"":""colour"",""parameter_name"":""strength"",""parameter_value"":-0.2},{""order"":2,""transform"":""crop"",""parameter_name"":""fraction"",""parameter_value"":0.8},{""order"":3,""transform"":""blur"",""parameter_name"":""sigma"",""parameter_value"":2.0}]",False,True,False,False,True,True,0.9983888864517212,1,True,Random standard-3 robustness evaluation — Old SID B - SID-only robustness training vs New Mixed B - SID and CIFAKE robustness training,-0.5151237547397614,True,False,false_negative,Old SID B - SID-only robustness training,efficientnet_b0
old_sid_b,918083148a04149dd2209ae21810aa4279583e57f687b4b63d9300a5aae64d55,FAKE/img_5791.jpg,FAKE/img_5791.jpg,SID_Set,,FLUX,1,random_standard_3,,43,0.007425823714584112,0,False,1.4197445781221063,SID_Set,2,43,random_standard_3,3,blur -> crop -> jpeg,blur(sigma=0.5) -> crop(fraction=0.8) -> jpeg(quality=90),"[{""order"":1,""transform"":""blur"",""parameter_name"":""sigma"",""parameter_value"":0.5},{""order"":2,""transform"":""crop"",""parameter_name"":""fraction"",""parameter_value"":0.8},{""order"":3,""transform"":""jpeg"",""parameter_name"":""quality"",""parameter_value"":90}]",True,True,False,False,False,True,0.0035398853942751884,0,False,Random standard-3 robustness evaluation — Old SID B - SID-only robustness training vs New Mixed B - SID and CIFAKE robustness training,0.0038859383203089237,False,False,false_negative,Old SID B - SID-only robustness training,efficientnet_b0
old_sid_b,918083148a04149dd2209ae21810aa4279583e57f687b4b63d9300a5aae64d55,FAKE/img_11044.jpg,FAKE/img_11044.jpg,SID_Set,,FLUX,1,random_standard_3,,43,0.020277440547943115,0,False,1.3086329062517166,SID_Set,2,43,random_standard_3,3,resize -> jpeg -> crop,resize(scale=0.5) -> jpeg(quality=30) -> crop(fraction=0.8),"[{""order"":1,""transform"":""resize"",""parameter_name"":""scale"",""parameter_value"":0.5},{""order"":2,""transform"":""jpeg"",""parameter_name"":""quality"",""parameter_value"":30},{""order"":3,""transform"":""crop"",""parameter_name"":""fraction"",""parameter_value"":0.8}]",True,False,True,False,False,True,0.9986322522163391,1,True,Random standard-3 robustness evaluation — Old SID B - SID-only robustness training vs New Mixed B - SID and CIFAKE robustness training,-0.978354811668396,True,False,false_negative,Old SID B - SID-only robustness training,efficientnet_b0
old_sid_b,918083148a04149dd2209ae21810aa4279583e57f687b4b63d9300a5aae64d55,FAKE/img_5338.jpg,FAKE/img_5338.jpg,SID_Set,,FLUX,1,random_standard_3,,43,0.059235505759716034,0,False,1.3569553281200797,SID_Set,2,43,random_standard_3,3,jpeg -> resize -> blur,jpeg(quality=30) -> resize(scale=0.25) -> blur(sigma=2.0),"[{""order"":1,""transform"":""jpeg"",""parameter_name"":""quality"",""parameter_value"":30},{""order"":2,""transform"":""resize"",""parameter_name"":""scale"",""parameter_value"":0.25},{""order"":3,""transform"":""blur"",""parameter_name"":""sigma"",""parameter_value"":2.0}]",True,True,True,False,False,False,0.5877166390419006,1,True,Random standard-3 robustness evaluation — Old SID B - SID-only robustness training vs New Mixed B - SID and CIFAKE robustness training,-0.5284811332821846,True,False,false_negative,Old SID B - SID-only robustness training,efficientnet_b0
old_sid_b,918083148a04149dd2209ae21810aa4279583e57f687b4b63d9300a5aae64d55,REAL/img_11947.jpg,REAL/img_11947.jpg,SID_Set,,FLUX,0,random_standard_3,,43,0.9211635589599609,1,False,1.3569553281200797,SID_Set,2,43,random_standard_3,3,jpeg -> noise -> blur,jpeg(quality=90) -> noise(sigma=0.05) -> blur(sigma=0.5),"[{""order"":1,""transform"":""jpeg"",""parameter_name"":""quality"",""parameter_value"":90},{""order"":2,""transform"":""noise"",""parameter_name"":""sigma"",""parameter_value"":0.05},{""order"":3,""transform"":""blur"",""parameter_name"":""sigma"",""parameter_value"":0.5}]",True,True,False,True,False,False,0.7449929714202881,1,False,Random standard-3 robustness evaluation — Old SID B - SID-only robustness training vs New Mixed B - SID and CIFAKE robustness training,0.17617058753967285,False,False,false_positive,Old SID B - SID-only robustness training,efficientnet_b0
old_sid_b,918083148a04149dd2209ae21810aa4279583e57f687b4b63d9300a5aae64d55,FAKE/img_304.jpg,FAKE/img_304.jpg,SID_Set,,FLUX,1,random_standard_3,,43,0.06235590949654579,0,False,1.4198973750012556,SID_Set,2,43,random_standard_3,3,crop -> jpeg -> noise,crop(fraction=0.8) -> jpeg(quality=90) -> noise(sigma=0.05),"[{""order"":1,""transform"":""crop"",""parameter_name"":""fraction"",""parameter_value"":0.8},{""order"":2,""transform"":""jpeg"",""parameter_name"":""quality"",""parameter_value"":90},{""order"":3,""transform"":""noise"",""parameter_name"":""sigma"",""parameter_value"":0.05}]",True,False,False,True,False,True,0.7747717499732971,1,True,Random standard-3 robustness evaluation — Old SID B - SID-only robustness training vs New Mixed B - SID and CIFAKE robustness training,-0.7124158404767513,True,False,false_negative,Old SID B - SID-only robustness training,efficientnet_b0
old_sid_b,918083148a04149dd2209ae21810aa4279583e57f687b4b63d9300a5aae64d55,FAKE/img_10745.jpg,FAKE/img_10745.jpg,SID_Set,,FLUX,1,random_standard_3,,43,0.4382377564907074,0,False,1.4190831718750019,SID_Set,2,43,random_standard_3,3,resize -> jpeg -> crop,resize(scale=0.25) -> jpeg(quality=90) -> crop(fraction=0.8),"[{""order"":1,""transform"":""resize"",""parameter_name"":""scale"",""parameter_value"":0.25},{""order"":2,""transform"":""jpeg"",""parameter_name"":""quality"",""parameter_value"":90},{""order"":3,""transform"":""crop"",""parameter_name"":""fraction"",""parameter_value"":0.8}]",True,False,True,False,False,True,0.5851360559463501,1,True,Random standard-3 robustness evaluation — Old SID B - SID-only robustness training vs New Mixed B - SID and CIFAKE robustness training,-0.1468982994556427,True,False,false_negative,Old SID B - SID-only robustness training,efficientnet_b0
old_sid_b,918083148a04149dd2209ae21810aa4279583e57f687b4b63d9300a5aae64d55,FAKE/img_12773.jpg,FAKE/img_12773.jpg,SID_Set,,FLUX,1,random_standard_3,,43,0.09365584701299667,0,False,1.4640370156300264,SID_Set,2,43,random_standard_3,3,colour -> crop -> jpeg,colour(strength=-0.2) -> crop(fraction=0.8) -> jpeg(quality=70),"[{""order"":1,""transform"":""colour"",""parameter_name"":""strength"",""parameter_value"":-0.2},{""order"":2,""transform"":""crop"",""parameter_name"":""fraction"",""parameter_value"":0.8},{""order"":3,""transform"":""jpeg"",""parameter_name"":""quality"",""parameter_value"":70}]",True,False,False,False,True,True,0.9890535473823547,1,True,Random standard-3 robustness evaluation — Old SID B - SID-only robustness training vs New Mixed B - SID and CIFAKE robustness training,-0.8953977003693581,True,False,false_negative,Old SID B - SID-only robustness training,efficientnet_b0
old_sid_b,918083148a04149dd2209ae21810aa4279583e57f687b4b63d9300a5aae64d55,FAKE/img_11275.jpg,FAKE/img_11275.jpg,SID_Set,,FLUX,1,random_standard_3,,43,0.3420470356941223,0,False,1.4640370156300264,SID_Set,2,43,random_standard_3,3,resize -> colour -> crop,resize(scale=0.5) -> colour(strength=-0.2) -> crop(fraction=0.8),"[{""order"":1,""transform"":""resize"",""parameter_name"":""scale"",""parameter_value"":0.5},{""order"":2,""transform"":""colour"",""parameter_name"":""strength"",""parameter_value"":-0.2},{""order"":3,""transform"":""crop"",""parameter_name"":""fraction"",""parameter_value"":0.8}]",False,False,True,False,True,True,0.9622330069541931,1,True,Random standard-3 robustness evaluation — Old SID B - SID-only robustness training vs New Mixed B - SID and CIFAKE robustness training,-0.6201859712600708,True,False,false_negative,Old SID B - SID-only robustness training,efficientnet_b0
old_sid_b,918083148a04149dd2209ae21810aa4279583e57f687b4b63d9300a5aae64d55,FAKE/img_897.jpg,FAKE/img_897.jpg,SID_Set,,FLUX,1,random_standard_3,,43,0.410907119512558,0,False,1.4708721250045187,SID_Set,2,43,random_standard_3,3,colour -> crop -> blur,colour(strength=0.2) -> crop(fraction=0.8) -> blur(sigma=2.0),"[{""order"":1,""transform"":""colour"",""parameter_name"":""strength"",""parameter_value"":0.2},{""order"":2,""transform"":""crop"",""parameter_name"":""fraction"",""parameter_value"":0.8},{""order"":3,""transform"":""blur"",""parameter_name"":""sigma"",""parameter_value"":2.0}]",False,True,False,False,True,True,0.9998935461044312,1,True,Random standard-3 robustness evaluation — Old SID B - SID-only robustness training vs New Mixed B - SID and CIFAKE robustness training,-0.5889864265918732,True,False,false_negative,Old SID B - SID-only robustness training,efficientnet_b0
old_sid_b,918083148a04149dd2209ae21810aa4279583e57f687b4b63d9300a5aae64d55,FAKE/img_1576.jpg,FAKE/img_1576.jpg,SID_Set,,FLUX,1,random_standard_3,,43,0.0013042321661487222,0,False,1.4197212656270608,SID_Set,2,43,random_standard_3,3,colour -> crop -> resize,colour(strength=-0.2) -> crop(fraction=0.8) -> resize(scale=0.5),"[{""order"":1,""transform"":""colour"",""parameter_name"":""strength"",""parameter_value"":-0.2},{""order"":2,""transform"":""crop"",""parameter_name"":""fraction"",""parameter_value"":0.8},{""order"":3,""transform"":""resize"",""parameter_name"":""scale"",""parameter_value"":0.5}]",False,False,True,False,True,True,0.0226239413022995,0,False,Random standard-3 robustness evaluation — Old SID B - SID-only robustness training vs New Mixed B - SID and CIFAKE robustness training,-0.021319709136150777,False,False,false_negative,Old SID B - SID-only robustness training,efficientnet_b0
old_sid_b,918083148a04149dd2209ae21810aa4279583e57f687b4b63d9300a5aae64d55,FAKE/img_1660.jpg,FAKE/img_1660.jpg,SID_Set,,FLUX,1,random_standard_3,,43,0.41744673252105713,0,False,1.4197212656270608,SID_Set,2,43,random_standard_3,3,resize -> noise -> blur,resize(scale=0.25) -> noise(sigma=0.1) -> blur(sigma=1.0),"[{""order"":1,""transform"":""resize"",""parameter_name"":""scale"",""parameter_value"":0.25},{""order"":2,""transform"":""noise"",""parameter_name"":""sigma"",""parameter_value"":0.1},{""order"":3,""transform"":""blur"",""parameter_name"":""sigma"",""parameter_value"":1.0}]",False,True,True,True,False,False,0.8495797514915466,1,True,Random standard-3 robustness evaluation — Old SID B - SID-only robustness training vs New Mixed B - SID and CIFAKE robustness training,-0.4321330189704895,True,False,false_negative,Old SID B - SID-only robustness training,efficientnet_b0
old_sid_b,918083148a04149dd2209ae21810aa4279583e57f687b4b63d9300a5aae64d55,FAKE/img_8758.jpg,FAKE/img_8758.jpg,SID_Set,,FLUX,1,random_standard_3,,43,0.47715315222740173,0,False,1.4364110624995874,SID_Set,2,43,random_standard_3,3,colour -> noise -> jpeg,colour(strength=0.2) -> noise(sigma=0.05) -> jpeg(quality=70),"[{""order"":1,""transform"":""colour"",""parameter_name"":""strength"",""parameter_value"":0.2},{""order"":2,""transform"":""noise"",""parameter_name"":""sigma"",""parameter_value"":0.05},{""order"":3,""transform"":""jpeg"",""parameter_name"":""quality"",""parameter_value"":70}]",True,False,False,True,True,False,0.9977340698242188,1,True,Random standard-3 robustness evaluation — Old SID B - SID-only robustness training vs New Mixed B - SID and CIFAKE robustness training,-0.520580917596817,True,False,false_negative,Old SID B - SID-only robustness training,efficientnet_b0
old_sid_b,918083148a04149dd2209ae21810aa4279583e57f687b4b63d9300a5aae64d55,REAL/img_10836.jpg,REAL/img_10836.jpg,SID_Set,,FLUX,0,random_standard_3,,43,0.9671894311904907,1,False,1.4364110624995874,SID_Set,2,43,random_standard_3,3,resize -> colour -> crop,resize(scale=0.5) -> colour(strength=-0.2) -> crop(fraction=0.8),"[{""order"":1,""transform"":""resize"",""parameter_name"":""scale"",""parameter_value"":0.5},{""order"":2,""transform"":""colour"",""parameter_name"":""strength"",""parameter_value"":-0.2},{""order"":3,""transform"":""crop"",""parameter_name"":""fraction"",""parameter_value"":0.8}]",False,False,True,False,True,True,0.03565986081957817,0,True,Random standard-3 robustness evaluation — Old SID B - SID-only robustness training vs New Mixed B - SID and CIFAKE robustness training,0.9315295703709126,True,False,false_positive,Old SID B - SID-only robustness training,efficientnet_b0
old_sid_b,918083148a04149dd2209ae21810aa4279583e57f687b4b63d9300a5aae64d55,FAKE/img_6882.jpg,FAKE/img_6882.jpg,SID_Set,,FLUX,1,random_standard_3,,43,0.43879392743110657,0,False,1.4375817031222482,SID_Set,2,43,random_standard_3,3,noise -> resize -> blur,noise(sigma=0.1) -> resize(scale=0.25) -> blur(sigma=2.0),"[{""order"":1,""transform"":""noise"",""parameter_name"":""sigma"",""parameter_value"":0.1},{""order"":2,""transform"":""resize"",""parameter_name"":""scale"",""parameter_value"":0.25},{""order"":3,""transform"":""blur"",""parameter_name"":""sigma"",""parameter_value"":2.0}]",False,True,True,True,False,False,0.9994730353355408,1,True,Random standard-3 robustness evaluation — Old SID B - SID-only robustness training vs New Mixed B - SID and CIFAKE robustness training,-0.5606791079044342,True,False,false_negative,Old SID B - SID-only robustness training,efficientnet_b0
old_sid_b,918083148a04149dd2209ae21810aa4279583e57f687b4b63d9300a5aae64d55,FAKE/img_15497.jpg,FAKE/img_15497.jpg,SID_Set,,FLUX,1,random_standard_3,,43,0.4213266968727112,0,False,1.369591687499394,SID_Set,2,43,random_standard_3,3,jpeg -> resize -> crop,jpeg(quality=70) -> resize(scale=0.5) -> crop(fraction=0.8),"[{""order"":1,""transform"":""jpeg"",""parameter_name"":""quality"",""parameter_value"":70},{""order"":2,""transform"":""resize"",""parameter_name"":""scale"",""parameter_value"":0.5},{""order"":3,""transform"":""crop"",""parameter_name"":""fraction"",""parameter_value"":0.8}]",True,False,True,False,False,True,0.9293304681777954,1,True,Random standard-3 robustness evaluation — Old SID B - SID-only robustness training vs New Mixed B - SID and CIFAKE robustness training,-0.5080037713050842,True,False,false_negative,Old SID B - SID-only robustness training,efficientnet_b0
old_sid_b,918083148a04149dd2209ae21810aa4279583e57f687b4b63d9300a5aae64d55,FAKE/img_12048.jpg,FAKE/img_12048.jpg,SID_Set,,FLUX,1,random_standard_3,,43,0.06802867352962494,0,False,1.4260510156276496,SID_Set,2,43,random_standard_3,3,noise -> resize -> crop,noise(sigma=0.1) -> resize(scale=0.25) -> crop(fraction=0.8),"[{""order"":1,""transform"":""noise"",""parameter_name"":""sigma"",""parameter_value"":0.1},{""order"":2,""transform"":""resize"",""parameter_name"":""scale"",""parameter_value"":0.25},{""order"":3,""transform"":""crop"",""parameter_name"":""fraction"",""parameter_value"":0.8}]",False,False,True,True,False,True,0.9995754361152649,1,True,Random standard-3 robustness evaluation — Old SID B - SID-only robustness training vs New Mixed B - SID and CIFAKE robustness training,-0.93154676258564,True,False,false_negative,Old SID B - SID-only robustness training,efficientnet_b0
old_sid_b,918083148a04149dd2209ae21810aa4279583e57f687b4b63d9300a5aae64d55,FAKE/img_15143.jpg,FAKE/img_15143.jpg,SID_Set,,FLUX,1,random_standard_3,,43,0.42824995517730713,0,False,1.4436600937486332,SID_Set,2,43,random_standard_3,3,resize -> colour -> jpeg,resize(scale=0.5) -> colour(strength=0.2) -> jpeg(quality=50),"[{""order"":1,""transform"":""resize"",""parameter_name"":""scale"",""parameter_value"":0.5},{""order"":2,""transform"":""colour"",""parameter_name"":""strength"",""parameter_value"":0.2},{""order"":3,""transform"":""jpeg"",""parameter_name"":""quality"",""parameter_value"":50}]",True,False,True,False,True,False,0.9793041944503784,1,True,Random standard-3 robustness evaluation — Old SID B - SID-only robustness training vs New Mixed B - SID and CIFAKE robustness training,-0.5510542392730713,True,False,false_negative,Old SID B - SID-only robustness training,efficientnet_b0
old_sid_b,918083148a04149dd2209ae21810aa4279583e57f687b4b63d9300a5aae64d55,FAKE/img_1615.jpg,FAKE/img_1615.jpg,SID_Set,,FLUX,1,random_standard_3,,43,0.03345565125346184,0,False,1.4196499218783742,SID_Set,2,43,random_standard_3,3,jpeg -> colour -> blur,jpeg(quality=30) -> colour(strength=-0.2) -> blur(sigma=0.5),"[{""order"":1,""transform"":""jpeg"",""parameter_name"":""quality"",""parameter_value"":30},{""order"":2,""transform"":""colour"",""parameter_name"":""strength"",""parameter_value"":-0.2},{""order"":3,""transform"":""blur"",""parameter_name"":""sigma"",""parameter_value"":0.5}]",True,True,False,False,True,False,0.8247297406196594,1,True,Random standard-3 robustness evaluation — Old SID B - SID-only robustness training vs New Mixed B - SID and CIFAKE robustness training,-0.7912740893661976,True,False,false_negative,Old SID B - SID-only robustness training,efficientnet_b0
old_sid_b,918083148a04149dd2209ae21810aa4279583e57f687b4b63d9300a5aae64d55,FAKE/img_5890.jpg,FAKE/img_5890.jpg,SID_Set,,FLUX,1,random_standard_3,,43,0.40151965618133545,0,False,1.4368421093777783,SID_Set,2,43,random_standard_3,3,crop -> jpeg -> noise,crop(fraction=0.8) -> jpeg(quality=90) -> noise(sigma=0.02),"[{""order"":1,""transform"":""crop"",""parameter_name"":""fraction"",""parameter_value"":0.8},{""order"":2,""transform"":""jpeg"",""parameter_name"":""quality"",""parameter_value"":90},{""order"":3,""transform"":""noise"",""parameter_name"":""sigma"",""parameter_value"":0.02}]",True,False,False,True,False,True,0.9809457659721375,1,True,Random standard-3 robustness evaluation — Old SID B - SID-only robustness training vs New Mixed B - SID and CIFAKE robustness training,-0.579426109790802,True,False,false_negative,Old SID B - SID-only robustness training,efficientnet_b0
old_sid_b,918083148a04149dd2209ae21810aa4279583e57f687b4b63d9300a5aae64d55,FAKE/img_16180.jpg,FAKE/img_16180.jpg,SID_Set,,FLUX,1,random_standard_3,,43,0.0052564372308552265,0,False,1.420431812505285,SID_Set,2,43,random_standard_3,3,blur -> crop -> jpeg,blur(sigma=0.5) -> crop(fraction=0.8) -> jpeg(quality=70),"[{""order"":1,""transform"":""blur"",""parameter_name"":""sigma"",""parameter_value"":0.5},{""order"":2,""transform"":""crop"",""parameter_name"":""fraction"",""parameter_value"":0.8},{""order"":3,""transform"":""jpeg"",""parameter_name"":""quality"",""parameter_value"":70}]",True,True,False,False,False,True,0.8345484137535095,1,True,Random standard-3 robustness evaluation — Old SID B - SID-only robustness training vs New Mixed B - SID and CIFAKE robustness training,-0.8292919765226543,True,False,false_negative,Old SID B - SID-only robustness training,efficientnet_b0
old_sid_b,918083148a04149dd2209ae21810aa4279583e57f687b4b63d9300a5aae64d55,FAKE/img_9598.jpg,FAKE/img_9598.jpg,SID_Set,,FLUX,1,random_standard_3,,43,0.2268332690000534,0,False,1.420431812505285,SID_Set,2,43,random_standard_3,3,blur -> colour -> crop,blur(sigma=2.0) -> colour(strength=-0.2) -> crop(fraction=0.8),"[{""order"":1,""transform"":""blur"",""parameter_name"":""sigma"",""parameter_value"":2.0},{""order"":2,""transform"":""colour"",""parameter_name"":""strength"",""parameter_value"":-0.2},{""order"":3,""transform"":""crop"",""parameter_name"":""fraction"",""parameter_value"":0.8}]",False,True,False,False,True,True,0.9995336532592773,1,True,Random standard-3 robustness evaluation — Old SID B - SID-only robustness training vs New Mixed B - SID and CIFAKE robustness training,-0.7727003842592239,True,False,false_negative,Old SID B - SID-only robustness training,efficientnet_b0
old_sid_b,918083148a04149dd2209ae21810aa4279583e57f687b4b63d9300a5aae64d55,FAKE/img_142.jpg,FAKE/img_142.jpg,SID_Set,,FLUX,1,random_standard_3,,43,0.20970933139324188,0,False,1.4199092187539009,SID_Set,2,43,random_standard_3,3,noise -> crop -> colour,noise(sigma=0.1) -> crop(fraction=0.8) -> colour(strength=-0.2),"[{""order"":1,""transform"":""noise"",""parameter_name"":""sigma"",""parameter_value"":0.1},{""order"":2,""transform"":""crop"",""parameter_name"":""fraction"",""parameter_value"":0.8},{""order"":3,""transform"":""colour"",""parameter_name"":""strength"",""parameter_value"":-0.2}]",False,False,False,True,True,True,0.9878837466239929,1,True,Random standard-3 robustness evaluation — Old SID B - SID-only robustness training vs New Mixed B - SID and CIFAKE robustness training,-0.778174415230751,True,False,false_negative,Old SID B - SID-only robustness training,efficientnet_b0
old_sid_b,918083148a04149dd2209ae21810aa4279583e57f687b4b63d9300a5aae64d55,FAKE/img_722.jpg,FAKE/img_722.jpg,SID_Set,,FLUX,1,random_standard_3,,43,0.17908574640750885,0,False,1.4264268281252157,SID_Set,2,43,random_standard_3,3,colour -> jpeg -> crop,colour(strength=-0.2) -> jpeg(quality=30) -> crop(fraction=0.8),"[{""order"":1,""transform"":""colour"",""parameter_name"":""strength"",""parameter_value"":-0.2},{""order"":2,""transform"":""jpeg"",""parameter_name"":""quality"",""parameter_value"":30},{""order"":3,""transform"":""crop"",""parameter_name"":""fraction"",""parameter_value"":0.8}]",True,False,False,False,True,True,0.9984484910964966,1,True,Random standard-3 robustness evaluation — Old SID B - SID-only robustness training vs New Mixed B - SID and CIFAKE robustness training,-0.8193627446889877,True,False,false_negative,Old SID B - SID-only robustness training,efficientnet_b0
old_sid_b,918083148a04149dd2209ae21810aa4279583e57f687b4b63d9300a5aae64d55,FAKE/img_4479.jpg,FAKE/img_4479.jpg,SID_Set,,FLUX,1,random_standard_3,,43,0.4044007658958435,0,False,1.4109398750008495,SID_Set,2,43,random_standard_3,3,crop -> colour -> resize,crop(fraction=0.8) -> colour(strength=0.2) -> resize(scale=0.25),"[{""order"":1,""transform"":""crop"",""parameter_name"":""fraction"",""parameter_value"":0.8},{""order"":2,""transform"":""colour"",""parameter_name"":""strength"",""parameter_value"":0.2},{""order"":3,""transform"":""resize"",""parameter_name"":""scale"",""parameter_value"":0.25}]",False,False,True,False,True,True,0.9997839331626892,1,True,Random standard-3 robustness evaluation — Old SID B - SID-only robustness training vs New Mixed B - SID and CIFAKE robustness training,-0.5953831672668457,True,False,false_negative,Old SID B - SID-only robustness training,efficientnet_b0
old_sid_b,918083148a04149dd2209ae21810aa4279583e57f687b4b63d9300a5aae64d55,FAKE/img_10072.jpg,FAKE/img_10072.jpg,SID_Set,,FLUX,1,random_standard_3,,43,0.008270698599517345,0,False,1.4205046406203792,SID_Set,2,43,random_standard_3,3,noise -> jpeg -> colour,noise(sigma=0.05) -> jpeg(quality=30) -> colour(strength=0.2),"[{""order"":1,""transform"":""noise"",""parameter_name"":""sigma"",""parameter_value"":0.05},{""order"":2,""transform"":""jpeg"",""parameter_name"":""quality"",""parameter_value"":30},{""order"":3,""transform"":""colour"",""parameter_name"":""strength"",""parameter_value"":0.2}]",True,False,False,True,True,False,0.998342752456665,1,True,Random standard-3 robustness evaluation — Old SID B - SID-only robustness training vs New Mixed B - SID and CIFAKE robustness training,-0.9900720538571477,True,False,false_negative,Old SID B - SID-only robustness training,efficientnet_b0
old_sid_b,918083148a04149dd2209ae21810aa4279583e57f687b4b63d9300a5aae64d55,FAKE/img_3487.jpg,FAKE/img_3487.jpg,SID_Set,,FLUX,1,random_standard_3,,43,0.47083598375320435,0,False,1.4033460781206486,SID_Set,2,43,random_standard_3,3,blur -> colour -> noise,blur(sigma=2.0) -> colour(strength=0.2) -> noise(sigma=0.02),"[{""order"":1,""transform"":""blur"",""parameter_name"":""sigma"",""parameter_value"":2.0},{""order"":2,""transform"":""colour"",""parameter_name"":""strength"",""parameter_value"":0.2},{""order"":3,""transform"":""noise"",""parameter_name"":""sigma"",""parameter_value"":0.02}]",False,True,False,True,True,False,0.9615530371665955,1,True,Random standard-3 robustness evaluation — Old SID B - SID-only robustness training vs New Mixed B - SID and CIFAKE robustness training,-0.4907170534133911,True,False,false_negative,Old SID B - SID-only robustness training,efficientnet_b0
old_sid_b,918083148a04149dd2209ae21810aa4279583e57f687b4b63d9300a5aae64d55,FAKE/img_11867.jpg,FAKE/img_11867.jpg,SID_Set,,FLUX,1,random_standard_3,,43,0.18942983448505402,0,False,1.4300026718814252,SID_Set,2,43,random_standard_3,3,colour -> resize -> jpeg,colour(strength=-0.2) -> resize(scale=0.25) -> jpeg(quality=90),"[{""order"":1,""transform"":""colour"",""parameter_name"":""strength"",""parameter_value"":-0.2},{""order"":2,""transform"":""resize"",""parameter_name"":""scale"",""parameter_value"":0.25},{""order"":3,""transform"":""jpeg"",""parameter_name"":""quality"",""parameter_value"":90}]",True,False,True,False,True,False,0.9282142519950867,1,True,Random standard-3 robustness evaluation — Old SID B - SID-only robustness training vs New Mixed B - SID and CIFAKE robustness training,-0.7387844175100327,True,False,false_negative,Old SID B - SID-only robustness training,efficientnet_b0
old_sid_b,918083148a04149dd2209ae21810aa4279583e57f687b4b63d9300a5aae64d55,FAKE/img_4126.jpg,FAKE/img_4126.jpg,SID_Set,,FLUX,1,random_standard_3,,43,0.17003759741783142,0,False,1.4200044531236244,SID_Set,2,43,random_standard_3,3,jpeg -> colour -> noise,jpeg(quality=30) -> colour(strength=-0.2) -> noise(sigma=0.05),"[{""order"":1,""transform"":""jpeg"",""parameter_name"":""quality"",""parameter_value"":30},{""order"":2,""transform"":""colour"",""parameter_name"":""strength"",""parameter_value"":-0.2},{""order"":3,""transform"":""noise"",""parameter_name"":""sigma"",""parameter_value"":0.05}]",True,False,False,True,True,False,0.9440560340881348,1,True,Random standard-3 robustness evaluation — Old SID B - SID-only robustness training vs New Mixed B - SID and CIFAKE robustness training,-0.7740184366703033,True,False,false_negative,Old SID B - SID-only robustness training,efficientnet_b0
old_sid_b,918083148a04149dd2209ae21810aa4279583e57f687b4b63d9300a5aae64d55,FAKE/img_5666.jpg,FAKE/img_5666.jpg,SID_Set,,FLUX,1,random_standard_3,,43,0.10042764246463776,0,False,1.4200044531236244,SID_Set,2,43,random_standard_3,3,colour -> blur -> crop,colour(strength=0.2) -> blur(sigma=2.0) -> crop(fraction=0.8),"[{""order"":1,""transform"":""colour"",""parameter_name"":""strength"",""parameter_value"":0.2},{""order"":2,""transform"":""blur"",""parameter_name"":""sigma"",""parameter_value"":2.0},{""order"":3,""transform"":""crop"",""parameter_name"":""fraction"",""parameter_value"":0.8}]",False,True,False,False,True,True,0.9998506307601929,1,True,Random standard-3 robustness evaluation — Old SID B - SID-only robustness training vs New Mixed B - SID and CIFAKE robustness training,-0.8994229882955551,True,False,false_negative,Old SID B - SID-only robustness training,efficientnet_b0
old_sid_b,918083148a04149dd2209ae21810aa4279583e57f687b4b63d9300a5aae64d55,REAL/img_14614.jpg,REAL/img_14614.jpg,SID_Set,,FLUX,0,random_standard_3,,43,0.6768412590026855,1,False,1.4198434531280668,SID_Set,2,43,random_standard_3,3,jpeg -> crop -> noise,jpeg(quality=70) -> crop(fraction=0.8) -> noise(sigma=0.05),"[{""order"":1,""transform"":""jpeg"",""parameter_name"":""quality"",""parameter_value"":70},{""order"":2,""transform"":""crop"",""parameter_name"":""fraction"",""parameter_value"":0.8},{""order"":3,""transform"":""noise"",""parameter_name"":""sigma"",""parameter_value"":0.05}]",True,False,False,True,False,True,0.23128482699394226,0,True,Random standard-3 robustness evaluation — Old SID B - SID-only robustness training vs New Mixed B - SID and CIFAKE robustness training,0.4455564320087433,True,False,false_positive,Old SID B - SID-only robustness training,efficientnet_b0
old_sid_b,918083148a04149dd2209ae21810aa4279583e57f687b4b63d9300a5aae64d55,FAKE/img_10955.jpg,FAKE/img_10955.jpg,SID_Set,,FLUX,1,random_standard_3,,43,0.39573246240615845,0,False,1.4198434531280668,SID_Set,2,43,random_standard_3,3,crop -> jpeg -> colour,crop(fraction=0.8) -> jpeg(quality=30) -> colour(strength=0.2),"[{""order"":1,""transform"":""crop"",""parameter_name"":""fraction"",""parameter_value"":0.8},{""order"":2,""transform"":""jpeg"",""parameter_name"":""quality"",""parameter_value"":30},{""order"":3,""transform"":""colour"",""parameter_name"":""strength"",""parameter_value"":0.2}]",True,False,False,False,True,True,0.9965997338294983,1,True,Random standard-3 robustness evaluation — Old SID B - SID-only robustness training vs New Mixed B - SID and CIFAKE robustness training,-0.6008672714233398,True,False,false_negative,Old SID B - SID-only robustness training,efficientnet_b0
old_sid_b,918083148a04149dd2209ae21810aa4279583e57f687b4b63d9300a5aae64d55,FAKE/img_4362.jpg,FAKE/img_4362.jpg,SID_Set,,FLUX,1,random_standard_3,,43,0.10567774623632431,0,False,1.4191520468713748,SID_Set,2,43,random_standard_3,3,colour -> crop -> noise,colour(strength=-0.2) -> crop(fraction=0.8) -> noise(sigma=0.1),"[{""order"":1,""transform"":""colour"",""parameter_name"":""strength"",""parameter_value"":-0.2},{""order"":2,""transform"":""crop"",""parameter_name"":""fraction"",""parameter_value"":0.8},{""order"":3,""transform"":""noise"",""parameter_name"":""sigma"",""parameter_value"":0.1}]",False,False,False,True,True,True,0.9992324113845825,1,True,Random standard-3 robustness evaluation — Old SID B - SID-only robustness training vs New Mixed B - SID and CIFAKE robustness training,-0.8935546651482582,True,False,false_negative,Old SID B - SID-only robustness training,efficientnet_b0
old_sid_b,918083148a04149dd2209ae21810aa4279583e57f687b4b63d9300a5aae64d55,FAKE/img_10039.jpg,FAKE/img_10039.jpg,SID_Set,,FLUX,1,random_standard_3,,43,0.1819877326488495,0,False,1.452943390624739,SID_Set,2,43,random_standard_3,3,resize -> crop -> noise,resize(scale=0.5) -> crop(fraction=0.8) -> noise(sigma=0.1),"[{""order"":1,""transform"":""resize"",""parameter_name"":""scale"",""parameter_value"":0.5},{""order"":2,""transform"":""crop"",""parameter_name"":""fraction"",""parameter_value"":0.8},{""order"":3,""transform"":""noise"",""parameter_name"":""sigma"",""parameter_value"":0.1}]",False,False,True,True,False,True,0.9867699146270752,1,True,Random standard-3 robustness evaluation — Old SID B - SID-only robustness training vs New Mixed B - SID and CIFAKE robustness training,-0.8047821819782257,True,False,false_negative,Old SID B - SID-only robustness training,efficientnet_b0
old_sid_b,918083148a04149dd2209ae21810aa4279583e57f687b4b63d9300a5aae64d55,FAKE/img_1361.jpg,FAKE/img_1361.jpg,SID_Set,,FLUX,1,random_standard_3,,43,0.17297403514385223,0,False,1.4317784218746965,SID_Set,2,43,random_standard_3,3,jpeg -> crop -> resize,jpeg(quality=30) -> crop(fraction=0.8) -> resize(scale=0.25),"[{""order"":1,""transform"":""jpeg"",""parameter_name"":""quality"",""parameter_value"":30},{""order"":2,""transform"":""crop"",""parameter_name"":""fraction"",""parameter_value"":0.8},{""order"":3,""transform"":""resize"",""parameter_name"":""scale"",""parameter_value"":0.25}]",True,False,True,False,False,True,0.9551105499267578,1,True,Random standard-3 robustness evaluation — Old SID B - SID-only robustness training vs New Mixed B - SID and CIFAKE robustness training,-0.7821365147829056,True,False,false_negative,Old SID B - SID-only robustness training,efficientnet_b0
old_sid_b,918083148a04149dd2209ae21810aa4279583e57f687b4b63d9300a5aae64d55,FAKE/img_14799.jpg,FAKE/img_14799.jpg,SID_Set,,FLUX,1,random_standard_3,,43,0.20207740366458893,0,False,1.4317784218746965,SID_Set,2,43,random_standard_3,3,colour -> resize -> jpeg,colour(strength=0.2) -> resize(scale=0.5) -> jpeg(quality=30),"[{""order"":1,""transform"":""colour"",""parameter_name"":""strength"",""parameter_value"":0.2},{""order"":2,""transform"":""resize"",""parameter_name"":""scale"",""parameter_value"":0.5},{""order"":3,""transform"":""jpeg"",""parameter_name"":""quality"",""parameter_value"":30}]",True,False,True,False,True,False,0.8943628072738647,1,True,Random standard-3 robustness evaluation — Old SID B - SID-only robustness training vs New Mixed B - SID and CIFAKE robustness training,-0.6922854036092758,True,False,false_negative,Old SID B - SID-only robustness training,efficientnet_b0
old_sid_b,918083148a04149dd2209ae21810aa4279583e57f687b4b63d9300a5aae64d55,FAKE/img_479.jpg,FAKE/img_479.jpg,SID_Set,,FLUX,1,random_standard_3,,43,0.19283296167850494,0,False,1.4317784218746965,SID_Set,2,43,random_standard_3,3,noise -> jpeg -> crop,noise(sigma=0.02) -> jpeg(quality=30) -> crop(fraction=0.8),"[{""order"":1,""transform"":""noise"",""parameter_name"":""sigma"",""parameter_value"":0.02},{""order"":2,""transform"":""jpeg"",""parameter_name"":""quality"",""parameter_value"":30},{""order"":3,""transform"":""crop"",""parameter_name"":""fraction"",""parameter_value"":0.8}]",True,False,False,True,False,True,0.7612101435661316,1,True,Random standard-3 robustness evaluation — Old SID B - SID-only robustness training vs New Mixed B - SID and CIFAKE robustness training,-0.5683771818876266,True,False,false_negative,Old SID B - SID-only robustness training,efficientnet_b0
old_sid_b,918083148a04149dd2209ae21810aa4279583e57f687b4b63d9300a5aae64d55,FAKE/img_447.jpg,FAKE/img_447.jpg,SID_Set,,FLUX,1,random_standard_3,,43,0.20584532618522644,0,False,1.4283906562511106,SID_Set,2,43,random_standard_3,3,noise -> crop -> resize,noise(sigma=0.1) -> crop(fraction=0.8) -> resize(scale=0.5),"[{""order"":1,""transform"":""noise"",""parameter_name"":""sigma"",""parameter_value"":0.1},{""order"":2,""transform"":""crop"",""parameter_name"":""fraction"",""parameter_value"":0.8},{""order"":3,""transform"":""resize"",""parameter_name"":""scale"",""parameter_value"":0.5}]",False,False,True,True,False,True,0.9992434978485107,1,True,Random standard-3 robustness evaluation — Old SID B - SID-only robustness training vs New Mixed B - SID and CIFAKE robustness training,-0.7933981716632843,True,False,false_negative,Old SID B - SID-only robustness training,efficientnet_b0
old_sid_b,918083148a04149dd2209ae21810aa4279583e57f687b4b63d9300a5aae64d55,FAKE/img_2550.jpg,FAKE/img_2550.jpg,SID_Set,,FLUX,1,random_standard_3,,43,0.016005219891667366,0,False,1.4200297031266018,SID_Set,2,43,random_standard_3,3,resize -> jpeg -> crop,resize(scale=0.25) -> jpeg(quality=50) -> crop(fraction=0.8),"[{""order"":1,""transform"":""resize"",""parameter_name"":""scale"",""parameter_value"":0.25},{""order"":2,""transform"":""jpeg"",""parameter_name"":""quality"",""parameter_value"":50},{""order"":3,""transform"":""crop"",""parameter_name"":""fraction"",""parameter_value"":0.8}]",True,False,True,False,False,True,0.9986993074417114,1,True,Random standard-3 robustness evaluation — Old SID B - SID-only robustness training vs New Mixed B - SID and CIFAKE robustness training,-0.9826940875500441,True,False,false_negative,Old SID B - SID-only robustness training,efficientnet_b0
old_sid_b,918083148a04149dd2209ae21810aa4279583e57f687b4b63d9300a5aae64d55,FAKE/img_6997.jpg,FAKE/img_6997.jpg,SID_Set,,FLUX,1,random_standard_3,,43,0.29626306891441345,0,False,1.4200217968749484,SID_Set,2,43,random_standard_3,3,noise -> blur -> colour,noise(sigma=0.05) -> blur(sigma=2.0) -> colour(strength=0.2),"[{""order"":1,""transform"":""noise"",""parameter_name"":""sigma"",""parameter_value"":0.05},{""order"":2,""transform"":""blur"",""parameter_name"":""sigma"",""parameter_value"":2.0},{""order"":3,""transform"":""colour"",""parameter_name"":""strength"",""parameter_value"":0.2}]",False,True,False,True,True,False,0.999560534954071,1,True,Random standard-3 robustness evaluation — Old SID B - SID-only robustness training vs New Mixed B - SID and CIFAKE robustness training,-0.7032974660396576,True,False,false_negative,Old SID B - SID-only robustness training,efficientnet_b0
old_sid_b,918083148a04149dd2209ae21810aa4279583e57f687b4b63d9300a5aae64d55,REAL/img_3867.jpg,REAL/img_3867.jpg,SID_Set,,FLUX,0,random_standard_3,,43,0.603018581867218,1,False,1.4203069999965123,SID_Set,2,43,random_standard_3,3,crop -> noise -> colour,crop(fraction=0.8) -> noise(sigma=0.1) -> colour(strength=-0.2),"[{""order"":1,""transform"":""crop"",""parameter_name"":""fraction"",""parameter_value"":0.8},{""order"":2,""transform"":""noise"",""parameter_name"":""sigma"",""parameter_value"":0.1},{""order"":3,""transform"":""colour"",""parameter_name"":""strength"",""parameter_value"":-0.2}]",False,False,False,True,True,True,0.2983188331127167,0,True,Random standard-3 robustness evaluation — Old SID B - SID-only robustness training vs New Mixed B - SID and CIFAKE robustness training,0.30469974875450134,True,False,false_positive,Old SID B - SID-only robustness training,efficientnet_b0
old_sid_b,918083148a04149dd2209ae21810aa4279583e57f687b4b63d9300a5aae64d55,FAKE/img_2715.jpg,FAKE/img_2715.jpg,SID_Set,,FLUX,1,random_standard_3,,43,0.008920974098145962,0,False,1.4203069999965123,SID_Set,2,43,random_standard_3,3,noise -> crop -> blur,noise(sigma=0.1) -> crop(fraction=0.8) -> blur(sigma=2.0),"[{""order"":1,""transform"":""noise"",""parameter_name"":""sigma"",""parameter_value"":0.1},{""order"":2,""transform"":""crop"",""parameter_name"":""fraction"",""parameter_value"":0.8},{""order"":3,""transform"":""blur"",""parameter_name"":""sigma"",""parameter_value"":2.0}]",False,True,False,True,False,True,0.9931715726852417,1,True,Random standard-3 robustness evaluation — Old SID B - SID-only robustness training vs New Mixed B - SID and CIFAKE robustness training,-0.9842505985870957,True,False,false_negative,Old SID B - SID-only robustness training,efficientnet_b0
old_sid_b,918083148a04149dd2209ae21810aa4279583e57f687b4b63d9300a5aae64d55,FAKE/img_675.jpg,FAKE/img_675.jpg,SID_Set,,FLUX,1,random_standard_3,,43,0.3641645312309265,0,False,1.4516768281254144,SID_Set,2,43,random_standard_3,3,blur -> noise -> crop,blur(sigma=2.0) -> noise(sigma=0.1) -> crop(fraction=0.8),"[{""order"":1,""transform"":""blur"",""parameter_name"":""sigma"",""parameter_value"":2.0},{""order"":2,""transform"":""noise"",""parameter_name"":""sigma"",""parameter_value"":0.1},{""order"":3,""transform"":""crop"",""parameter_name"":""fraction"",""parameter_value"":0.8}]",False,True,False,True,False,True,0.9999897480010986,1,True,Random standard-3 robustness evaluation — Old SID B - SID-only robustness training vs New Mixed B - SID and CIFAKE robustness training,-0.6358252167701721,True,False,false_negative,Old SID B - SID-only robustness training,efficientnet_b0
old_sid_b,918083148a04149dd2209ae21810aa4279583e57f687b4b63d9300a5aae64d55,FAKE/img_5103.jpg,FAKE/img_5103.jpg,SID_Set,,FLUX,1,random_standard_3,,43,0.29432213306427,0,False,1.4206820312523405,SID_Set,2,43,random_standard_3,3,colour -> jpeg -> noise,colour(strength=0.2) -> jpeg(quality=50) -> noise(sigma=0.05),"[{""order"":1,""transform"":""colour"",""parameter_name"":""strength"",""parameter_value"":0.2},{""order"":2,""transform"":""jpeg"",""parameter_name"":""quality"",""parameter_value"":50},{""order"":3,""transform"":""noise"",""parameter_name"":""sigma"",""parameter_value"":0.05}]",True,False,False,True,True,False,0.9945849776268005,1,True,Random standard-3 robustness evaluation — Old SID B - SID-only robustness training vs New Mixed B - SID and CIFAKE robustness training,-0.7002628445625305,True,False,false_negative,Old SID B - SID-only robustness training,efficientnet_b0
old_sid_b,918083148a04149dd2209ae21810aa4279583e57f687b4b63d9300a5aae64d55,FAKE/img_4940.jpg,FAKE/img_4940.jpg,SID_Set,,FLUX,1,random_standard_3,,43,0.3257814943790436,0,False,1.4202605468724983,SID_Set,2,43,random_standard_3,3,jpeg -> resize -> noise,jpeg(quality=50) -> resize(scale=0.5) -> noise(sigma=0.1),"[{""order"":1,""transform"":""jpeg"",""parameter_name"":""quality"",""parameter_value"":50},{""order"":2,""transform"":""resize"",""parameter_name"":""scale"",""parameter_value"":0.5},{""order"":3,""transform"":""noise"",""parameter_name"":""sigma"",""parameter_value"":0.1}]",True,False,True,True,False,False,0.9802786111831665,1,True,Random standard-3 robustness evaluation — Old SID B - SID-only robustness training vs New Mixed B - SID and CIFAKE robustness training,-0.6544971168041229,True,False,false_negative,Old SID B - SID-only robustness training,efficientnet_b0
old_sid_b,918083148a04149dd2209ae21810aa4279583e57f687b4b63d9300a5aae64d55,FAKE/img_10507.jpg,FAKE/img_10507.jpg,SID_Set,,FLUX,1,random_standard_3,,43,0.1948336511850357,0,False,1.4202605468724983,SID_Set,2,43,random_standard_3,3,jpeg -> crop -> resize,jpeg(quality=50) -> crop(fraction=0.8) -> resize(scale=0.25),"[{""order"":1,""transform"":""jpeg"",""parameter_name"":""quality"",""parameter_value"":50},{""order"":2,""transform"":""crop"",""parameter_name"":""fraction"",""parameter_value"":0.8},{""order"":3,""transform"":""resize"",""parameter_name"":""scale"",""parameter_value"":0.25}]",True,False,True,False,False,True,0.9740376472473145,1,True,Random standard-3 robustness evaluation — Old SID B - SID-only robustness training vs New Mixed B - SID and CIFAKE robustness training,-0.7792039960622787,True,False,false_negative,Old SID B - SID-only robustness training,efficientnet_b0
mixed_sid_cifake_b,9159a9d4ceb7fccd3eee24c3ddf9600c79c8abf1444cb0646b93ac66fd3b5c44,FAKE/img_16480.jpg,FAKE/img_16480.jpg,SID_Set,,FLUX,1,random_standard_3,,43,0.49352800846099854,0,False,1.4583075156267,SID_Set,2,43,random_standard_3,3,crop -> noise -> resize,crop(fraction=0.8) -> noise(sigma=0.05) -> resize(scale=0.25),"[{""order"":1,""transform"":""crop"",""parameter_name"":""fraction"",""parameter_value"":0.8},{""order"":2,""transform"":""noise"",""parameter_name"":""sigma"",""parameter_value"":0.05},{""order"":3,""transform"":""resize"",""parameter_name"":""scale"",""parameter_value"":0.25}]",False,False,True,True,False,True,0.9901013374328613,1,True,Random standard-3 robustness evaluation — Old SID B - SID-only robustness training vs New Mixed B - SID and CIFAKE robustness training,-0.4965733289718628,True,False,false_negative,New Mixed B - SID and CIFAKE robustness training,efficientnet_b0
mixed_sid_cifake_b,9159a9d4ceb7fccd3eee24c3ddf9600c79c8abf1444cb0646b93ac66fd3b5c44,FAKE/img_13780.jpg,FAKE/img_13780.jpg,SID_Set,,FLUX,1,random_standard_3,,43,0.06584783643484116,0,False,1.4583075156267,SID_Set,2,43,random_standard_3,3,jpeg -> blur -> noise,jpeg(quality=50) -> blur(sigma=1.0) -> noise(sigma=0.1),"[{""order"":1,""transform"":""jpeg"",""parameter_name"":""quality"",""parameter_value"":50},{""order"":2,""transform"":""blur"",""parameter_name"":""sigma"",""parameter_value"":1.0},{""order"":3,""transform"":""noise"",""parameter_name"":""sigma"",""parameter_value"":0.1}]",True,True,False,True,False,False,0.14670106768608093,0,False,Random standard-3 robustness evaluation — Old SID B - SID-only robustness training vs New Mixed B - SID and CIFAKE robustness training,-0.08085323125123978,False,False,false_negative,New Mixed B - SID and CIFAKE robustness training,efficientnet_b0
mixed_sid_cifake_b,9159a9d4ceb7fccd3eee24c3ddf9600c79c8abf1444cb0646b93ac66fd3b5c44,FAKE/img_6889.jpg,FAKE/img_6889.jpg,SID_Set,,FLUX,1,random_standard_3,,43,0.19451570510864258,0,False,1.418646984376437,SID_Set,2,43,random_standard_3,3,noise -> jpeg -> colour,noise(sigma=0.02) -> jpeg(quality=50) -> colour(strength=0.2),"[{""order"":1,""transform"":""noise"",""parameter_name"":""sigma"",""parameter_value"":0.02},{""order"":2,""transform"":""jpeg"",""parameter_name"":""quality"",""parameter_value"":50},{""order"":3,""transform"":""colour"",""parameter_name"":""strength"",""parameter_value"":0.2}]",True,False,False,True,True,False,0.8409308195114136,1,True,Random standard-3 robustness evaluation — Old SID B - SID-only robustness training vs New Mixed B - SID and CIFAKE robustness training,-0.646415114402771,True,False,false_negative,New Mixed B - SID and CIFAKE robustness training,efficientnet_b0
mixed_sid_cifake_b,9159a9d4ceb7fccd3eee24c3ddf9600c79c8abf1444cb0646b93ac66fd3b5c44,REAL/img_14520.jpg,REAL/img_14520.jpg,SID_Set,,FLUX,0,random_standard_3,,43,0.5511358380317688,1,False,1.418646984376437,SID_Set,2,43,random_standard_3,3,colour -> noise -> crop,colour(strength=0.2) -> noise(sigma=0.05) -> crop(fraction=0.8),"[{""order"":1,""transform"":""colour"",""parameter_name"":""strength"",""parameter_value"":0.2},{""order"":2,""transform"":""noise"",""parameter_name"":""sigma"",""parameter_value"":0.05},{""order"":3,""transform"":""crop"",""parameter_name"":""fraction"",""parameter_value"":0.8}]",False,False,False,True,True,True,0.011741562746465206,0,True,Random standard-3 robustness evaluation — Old SID B - SID-only robustness training vs New Mixed B - SID and CIFAKE robustness training,0.5393942752853036,True,False,false_positive,New Mixed B - SID and CIFAKE robustness training,efficientnet_b0
mixed_sid_cifake_b,9159a9d4ceb7fccd3eee24c3ddf9600c79c8abf1444cb0646b93ac66fd3b5c44,REAL/img_1606.jpg,REAL/img_1606.jpg,SID_Set,,FLUX,0,random_standard_3,,43,0.6307368278503418,1,False,1.4297378437504449,SID_Set,2,43,random_standard_3,3,colour -> jpeg -> noise,colour(strength=-0.2) -> jpeg(quality=70) -> noise(sigma=0.02),"[{""order"":1,""transform"":""colour"",""parameter_name"":""strength"",""parameter_value"":-0.2},{""order"":2,""transform"":""jpeg"",""parameter_name"":""quality"",""parameter_value"":70},{""order"":3,""transform"":""noise"",""parameter_name"":""sigma"",""parameter_value"":0.02}]",True,False,False,True,True,False,0.9832661151885986,1,False,Random standard-3 robustness evaluation — Old SID B - SID-only robustness training vs New Mixed B - SID and CIFAKE robustness training,-0.35252928733825684,False,False,false_positive,New Mixed B - SID and CIFAKE robustness training,efficientnet_b0
mixed_sid_cifake_b,9159a9d4ceb7fccd3eee24c3ddf9600c79c8abf1444cb0646b93ac66fd3b5c44,FAKE/img_3145.jpg,FAKE/img_3145.jpg,SID_Set,,FLUX,1,random_standard_3,,43,0.3544328808784485,0,False,1.4297378437504449,SID_Set,2,43,random_standard_3,3,colour -> resize -> blur,colour(strength=0.2) -> resize(scale=0.25) -> blur(sigma=1.0),"[{""order"":1,""transform"":""colour"",""parameter_name"":""strength"",""parameter_value"":0.2},{""order"":2,""transform"":""resize"",""parameter_name"":""scale"",""parameter_value"":0.25},{""order"":3,""transform"":""blur"",""parameter_name"":""sigma"",""parameter_value"":1.0}]",False,True,True,False,True,False,0.8192870616912842,1,True,Random standard-3 robustness evaluation — Old SID B - SID-only robustness training vs New Mixed B - SID and CIFAKE robustness training,-0.4648541808128357,True,False,false_negative,New Mixed B - SID and CIFAKE robustness training,efficientnet_b0
mixed_sid_cifake_b,9159a9d4ceb7fccd3eee24c3ddf9600c79c8abf1444cb0646b93ac66fd3b5c44,REAL/img_3081.jpg,REAL/img_3081.jpg,SID_Set,,FLUX,0,random_standard_3,,43,0.7733814120292664,1,False,1.4222685156184411,SID_Set,2,43,random_standard_3,3,noise -> blur -> colour,noise(sigma=0.1) -> blur(sigma=1.0) -> colour(strength=-0.2),"[{""order"":1,""transform"":""noise"",""parameter_name"":""sigma"",""parameter_value"":0.1},{""order"":2,""transform"":""blur"",""parameter_name"":""sigma"",""parameter_value"":1.0},{""order"":3,""transform"":""colour"",""parameter_name"":""strength"",""parameter_value"":-0.2}]",False,True,False,True,True,False,0.681145966053009,1,False,Random standard-3 robustness evaluation — Old SID B - SID-only robustness training vs New Mixed B - SID and CIFAKE robustness training,0.09223544597625732,False,False,false_positive,New Mixed B - SID and CIFAKE robustness training,efficientnet_b0
mixed_sid_cifake_b,9159a9d4ceb7fccd3eee24c3ddf9600c79c8abf1444cb0646b93ac66fd3b5c44,REAL/img_7720.jpg,REAL/img_7720.jpg,SID_Set,,FLUX,0,random_standard_3,,43,0.6259952187538147,1,False,1.4222685156184411,SID_Set,2,43,random_standard_3,3,blur -> colour -> resize,blur(sigma=2.0) -> colour(strength=0.2) -> resize(scale=0.25),"[{""order"":1,""transform"":""blur"",""parameter_name"":""sigma"",""parameter_value"":2.0},{""order"":2,""transform"":""colour"",""parameter_name"":""strength"",""parameter_value"":0.2},{""order"":3,""transform"":""resize"",""parameter_name"":""scale"",""parameter_value"":0.25}]",False,True,True,False,True,False,0.03309987857937813,0,True,Random standard-3 robustness evaluation — Old SID B - SID-only robustness training vs New Mixed B - SID and CIFAKE robustness training,0.5928953401744366,True,False,false_positive,New Mixed B - SID and CIFAKE robustness training,efficientnet_b0
mixed_sid_cifake_b,9159a9d4ceb7fccd3eee24c3ddf9600c79c8abf1444cb0646b93ac66fd3b5c44,FAKE/img_7965.jpg,FAKE/img_7965.jpg,SID_Set,,FLUX,1,random_standard_3,,43,0.048609260469675064,0,False,1.4222685156184411,SID_Set,2,43,random_standard_3,3,colour -> resize -> noise,colour(strength=0.2) -> resize(scale=0.5) -> noise(sigma=0.1),"[{""order"":1,""transform"":""colour"",""parameter_name"":""strength"",""parameter_value"":0.2},{""order"":2,""transform"":""resize"",""parameter_name"":""scale"",""parameter_value"":0.5},{""order"":3,""transform"":""noise"",""parameter_name"":""sigma"",""parameter_value"":0.1}]",False,False,True,True,True,False,0.9287010431289673,1,True,Random standard-3 robustness evaluation — Old SID B - SID-only robustness training vs New Mixed B - SID and CIFAKE robustness training,-0.8800917826592922,True,False,false_negative,New Mixed B - SID and CIFAKE robustness training,efficientnet_b0
mixed_sid_cifake_b,9159a9d4ceb7fccd3eee24c3ddf9600c79c8abf1444cb0646b93ac66fd3b5c44,FAKE/img_5791.jpg,FAKE/img_5791.jpg,SID_Set,,FLUX,1,random_standard_3,,43,0.0035815921146422625,0,False,1.420584187499685,SID_Set,2,43,random_standard_3,3,blur -> crop -> jpeg,blur(sigma=0.5) -> crop(fraction=0.8) -> jpeg(quality=90),"[{""order"":1,""transform"":""blur"",""parameter_name"":""sigma"",""parameter_value"":0.5},{""order"":2,""transform"":""crop"",""parameter_name"":""fraction"",""parameter_value"":0.8},{""order"":3,""transform"":""jpeg"",""parameter_name"":""quality"",""parameter_value"":90}]",True,True,False,False,False,True,0.007814875803887844,0,False,Random standard-3 robustness evaluation — Old SID B - SID-only robustness training vs New Mixed B - SID and CIFAKE robustness training,-0.004233283689245582,False,False,false_negative,New Mixed B - SID and CIFAKE robustness training,efficientnet_b0
mixed_sid_cifake_b,9159a9d4ceb7fccd3eee24c3ddf9600c79c8abf1444cb0646b93ac66fd3b5c44,FAKE/img_5601.jpg,FAKE/img_5601.jpg,SID_Set,,FLUX,1,random_standard_3,,43,0.19863790273666382,0,False,1.4205405312495145,SID_Set,2,43,random_standard_3,3,colour -> crop -> noise,colour(strength=-0.2) -> crop(fraction=0.8) -> noise(sigma=0.1),"[{""order"":1,""transform"":""colour"",""parameter_name"":""strength"",""parameter_value"":-0.2},{""order"":2,""transform"":""crop"",""parameter_name"":""fraction"",""parameter_value"":0.8},{""order"":3,""transform"":""noise"",""parameter_name"":""sigma"",""parameter_value"":0.1}]",False,False,False,True,True,True,0.99093097448349,1,True,Random standard-3 robustness evaluation — Old SID B - SID-only robustness training vs New Mixed B - SID and CIFAKE robustness training,-0.7922930717468262,True,False,false_negative,New Mixed B - SID and CIFAKE robustness training,efficientnet_b0
mixed_sid_cifake_b,9159a9d4ceb7fccd3eee24c3ddf9600c79c8abf1444cb0646b93ac66fd3b5c44,FAKE/img_11044.jpg,FAKE/img_11044.jpg,SID_Set,,FLUX,1,random_standard_3,,43,0.3904564678668976,0,False,1.4205405312495145,SID_Set,2,43,random_standard_3,3,resize -> jpeg -> crop,resize(scale=0.5) -> jpeg(quality=30) -> crop(fraction=0.8),"[{""order"":1,""transform"":""resize"",""parameter_name"":""scale"",""parameter_value"":0.5},{""order"":2,""transform"":""jpeg"",""parameter_name"":""quality"",""parameter_value"":30},{""order"":3,""transform"":""crop"",""parameter_name"":""fraction"",""parameter_value"":0.8}]",True,False,True,False,False,True,0.9797666072845459,1,True,Random standard-3 robustness evaluation — Old SID B - SID-only robustness training vs New Mixed B - SID and CIFAKE robustness training,-0.5893101394176483,True,False,false_negative,New Mixed B - SID and CIFAKE robustness training,efficientnet_b0
mixed_sid_cifake_b,9159a9d4ceb7fccd3eee24c3ddf9600c79c8abf1444cb0646b93ac66fd3b5c44,REAL/img_2440.jpg,REAL/img_2440.jpg,SID_Set,,FLUX,0,random_standard_3,,43,0.9876474142074585,1,False,1.4205405312495145,SID_Set,2,43,random_standard_3,3,crop -> resize -> noise,crop(fraction=0.8) -> resize(scale=0.5) -> noise(sigma=0.05),"[{""order"":1,""transform"":""crop"",""parameter_name"":""fraction"",""parameter_value"":0.8},{""order"":2,""transform"":""resize"",""parameter_name"":""scale"",""parameter_value"":0.5},{""order"":3,""transform"":""noise"",""parameter_name"":""sigma"",""parameter_value"":0.05}]",False,False,True,True,False,True,0.39113855361938477,0,True,Random standard-3 robustness evaluation — Old SID B - SID-only robustness training vs New Mixed B - SID and CIFAKE robustness training,0.5965088605880737,True,False,false_positive,New Mixed B - SID and CIFAKE robustness training,efficientnet_b0
mixed_sid_cifake_b,9159a9d4ceb7fccd3eee24c3ddf9600c79c8abf1444cb0646b93ac66fd3b5c44,REAL/img_1545.jpg,REAL/img_1545.jpg,SID_Set,,FLUX,0,random_standard_3,,43,0.8914521932601929,1,False,1.4747840156204006,SID_Set,2,43,random_standard_3,3,resize -> crop -> noise,resize(scale=0.25) -> crop(fraction=0.8) -> noise(sigma=0.05),"[{""order"":1,""transform"":""resize"",""parameter_name"":""scale"",""parameter_value"":0.25},{""order"":2,""transform"":""crop"",""parameter_name"":""fraction"",""parameter_value"":0.8},{""order"":3,""transform"":""noise"",""parameter_name"":""sigma"",""parameter_value"":0.05}]",False,False,True,True,False,True,0.018371503800153732,0,True,Random standard-3 robustness evaluation — Old SID B - SID-only robustness training vs New Mixed B - SID and CIFAKE robustness training,0.8730806894600391,True,False,false_positive,New Mixed B - SID and CIFAKE robustness training,efficientnet_b0
mixed_sid_cifake_b,9159a9d4ceb7fccd3eee24c3ddf9600c79c8abf1444cb0646b93ac66fd3b5c44,FAKE/img_10698.jpg,FAKE/img_10698.jpg,SID_Set,,FLUX,1,random_standard_3,,43,0.22972452640533447,0,False,1.4332597031270211,SID_Set,2,43,random_standard_3,3,blur -> resize -> noise,blur(sigma=2.0) -> resize(scale=0.25) -> noise(sigma=0.05),"[{""order"":1,""transform"":""blur"",""parameter_name"":""sigma"",""parameter_value"":2.0},{""order"":2,""transform"":""resize"",""parameter_name"":""scale"",""parameter_value"":0.25},{""order"":3,""transform"":""noise"",""parameter_name"":""sigma"",""parameter_value"":0.05}]",False,True,True,True,False,False,0.9971171617507935,1,True,Random standard-3 robustness evaluation — Old SID B - SID-only robustness training vs New Mixed B - SID and CIFAKE robustness training,-0.767392635345459,True,False,false_negative,New Mixed B - SID and CIFAKE robustness training,efficientnet_b0
mixed_sid_cifake_b,9159a9d4ceb7fccd3eee24c3ddf9600c79c8abf1444cb0646b93ac66fd3b5c44,FAKE/img_304.jpg,FAKE/img_304.jpg,SID_Set,,FLUX,1,random_standard_3,,43,0.002878876170143485,0,False,1.4201957968751344,SID_Set,2,43,random_standard_3,3,crop -> jpeg -> noise,crop(fraction=0.8) -> jpeg(quality=90) -> noise(sigma=0.05),"[{""order"":1,""transform"":""crop"",""parameter_name"":""fraction"",""parameter_value"":0.8},{""order"":2,""transform"":""jpeg"",""parameter_name"":""quality"",""parameter_value"":90},{""order"":3,""transform"":""noise"",""parameter_name"":""sigma"",""parameter_value"":0.05}]",True,False,False,True,False,True,0.8638738989830017,1,True,Random standard-3 robustness evaluation — Old SID B - SID-only robustness training vs New Mixed B - SID and CIFAKE robustness training,-0.8609950228128582,True,False,false_negative,New Mixed B - SID and CIFAKE robustness training,efficientnet_b0
mixed_sid_cifake_b,9159a9d4ceb7fccd3eee24c3ddf9600c79c8abf1444cb0646b93ac66fd3b5c44,REAL/img_504.jpg,REAL/img_504.jpg,SID_Set,,FLUX,0,random_standard_3,,43,0.9566183090209961,1,False,1.4201957968751344,SID_Set,2,43,random_standard_3,3,resize -> jpeg -> noise,resize(scale=0.25) -> jpeg(quality=90) -> noise(sigma=0.1),"[{""order"":1,""transform"":""resize"",""parameter_name"":""scale"",""parameter_value"":0.25},{""order"":2,""transform"":""jpeg"",""parameter_name"":""quality"",""parameter_value"":90},{""order"":3,""transform"":""noise"",""parameter_name"":""sigma"",""parameter_value"":0.1}]",True,False,True,True,False,False,0.3272336423397064,0,True,Random standard-3 robustness evaluation — Old SID B - SID-only robustness training vs New Mixed B - SID and CIFAKE robustness training,0.6293846666812897,True,False,false_positive,New Mixed B - SID and CIFAKE robustness training,efficientnet_b0
mixed_sid_cifake_b,9159a9d4ceb7fccd3eee24c3ddf9600c79c8abf1444cb0646b93ac66fd3b5c44,FAKE/img_12773.jpg,FAKE/img_12773.jpg,SID_Set,,FLUX,1,random_standard_3,,43,0.07911545038223267,0,False,1.4393634687479562,SID_Set,2,43,random_standard_3,3,colour -> crop -> jpeg,colour(strength=-0.2) -> crop(fraction=0.8) -> jpeg(quality=70),"[{""order"":1,""transform"":""colour"",""parameter_name"":""strength"",""parameter_value"":-0.2},{""order"":2,""transform"":""crop"",""parameter_name"":""fraction"",""parameter_value"":0.8},{""order"":3,""transform"":""jpeg"",""parameter_name"":""quality"",""parameter_value"":70}]",True,False,False,False,True,True,0.9259954690933228,1,True,Random standard-3 robustness evaluation — Old SID B - SID-only robustness training vs New Mixed B - SID and CIFAKE robustness training,-0.8468800187110901,True,False,false_negative,New Mixed B - SID and CIFAKE robustness training,efficientnet_b0
mixed_sid_cifake_b,9159a9d4ceb7fccd3eee24c3ddf9600c79c8abf1444cb0646b93ac66fd3b5c44,FAKE/img_11897.jpg,FAKE/img_11897.jpg,SID_Set,,FLUX,1,random_standard_3,,43,0.4419056177139282,0,False,1.4393634687479562,SID_Set,2,43,random_standard_3,3,colour -> crop -> noise,colour(strength=-0.2) -> crop(fraction=0.8) -> noise(sigma=0.1),"[{""order"":1,""transform"":""colour"",""parameter_name"":""strength"",""parameter_value"":-0.2},{""order"":2,""transform"":""crop"",""parameter_name"":""fraction"",""parameter_value"":0.8},{""order"":3,""transform"":""noise"",""parameter_name"":""sigma"",""parameter_value"":0.1}]",False,False,False,True,True,True,1.0,1,True,Random standard-3 robustness evaluation — Old SID B - SID-only robustness training vs New Mixed B - SID and CIFAKE robustness training,-0.5580943822860718,True,False,false_negative,New Mixed B - SID and CIFAKE robustness training,efficientnet_b0
mixed_sid_cifake_b,9159a9d4ceb7fccd3eee24c3ddf9600c79c8abf1444cb0646b93ac66fd3b5c44,FAKE/img_10516.jpg,FAKE/img_10516.jpg,SID_Set,,FLUX,1,random_standard_3,,43,0.11202216893434525,0,False,1.4396091718751336,SID_Set,2,43,random_standard_3,3,noise -> colour -> jpeg,noise(sigma=0.1) -> colour(strength=-0.2) -> jpeg(quality=70),"[{""order"":1,""transform"":""noise"",""parameter_name"":""sigma"",""parameter_value"":0.1},{""order"":2,""transform"":""colour"",""parameter_name"":""strength"",""parameter_value"":-0.2},{""order"":3,""transform"":""jpeg"",""parameter_name"":""quality"",""parameter_value"":70}]",True,False,False,True,True,False,0.8519684076309204,1,True,Random standard-3 robustness evaluation — Old SID B - SID-only robustness training vs New Mixed B - SID and CIFAKE robustness training,-0.7399462386965752,True,False,false_negative,New Mixed B - SID and CIFAKE robustness training,efficientnet_b0
mixed_sid_cifake_b,9159a9d4ceb7fccd3eee24c3ddf9600c79c8abf1444cb0646b93ac66fd3b5c44,FAKE/img_15154.jpg,FAKE/img_15154.jpg,SID_Set,,FLUX,1,random_standard_3,,43,0.08776181191205978,0,False,1.4487589374994059,SID_Set,2,43,random_standard_3,3,crop -> blur -> noise,crop(fraction=0.8) -> blur(sigma=2.0) -> noise(sigma=0.1),"[{""order"":1,""transform"":""crop"",""parameter_name"":""fraction"",""parameter_value"":0.8},{""order"":2,""transform"":""blur"",""parameter_name"":""sigma"",""parameter_value"":2.0},{""order"":3,""transform"":""noise"",""parameter_name"":""sigma"",""parameter_value"":0.1}]",False,True,False,True,False,True,0.2629113793373108,0,False,Random standard-3 robustness evaluation — Old SID B - SID-only robustness training vs New Mixed B - SID and CIFAKE robustness training,-0.175149567425251,False,False,false_negative,New Mixed B - SID and CIFAKE robustness training,efficientnet_b0
mixed_sid_cifake_b,9159a9d4ceb7fccd3eee24c3ddf9600c79c8abf1444cb0646b93ac66fd3b5c44,FAKE/img_12935.jpg,FAKE/img_12935.jpg,SID_Set,,FLUX,1,random_standard_3,,43,0.4228730797767639,0,False,1.4338129999984517,SID_Set,2,43,random_standard_3,3,crop -> resize -> colour,crop(fraction=0.8) -> resize(scale=0.25) -> colour(strength=-0.2),"[{""order"":1,""transform"":""crop"",""parameter_name"":""fraction"",""parameter_value"":0.8},{""order"":2,""transform"":""resize"",""parameter_name"":""scale"",""parameter_value"":0.25},{""order"":3,""transform"":""colour"",""parameter_name"":""strength"",""parameter_value"":-0.2}]",False,False,True,False,True,True,0.6126285791397095,1,True,Random standard-3 robustness evaluation — Old SID B - SID-only robustness training vs New Mixed B - SID and CIFAKE robustness training,-0.18975549936294556,True,False,false_negative,New Mixed B - SID and CIFAKE robustness training,efficientnet_b0
mixed_sid_cifake_b,9159a9d4ceb7fccd3eee24c3ddf9600c79c8abf1444cb0646b93ac66fd3b5c44,FAKE/img_1576.jpg,FAKE/img_1576.jpg,SID_Set,,FLUX,1,random_standard_3,,43,0.0003873638343065977,0,False,1.4338129999984517,SID_Set,2,43,random_standard_3,3,colour -> crop -> resize,colour(strength=-0.2) -> crop(fraction=0.8) -> resize(scale=0.5),"[{""order"":1,""transform"":""colour"",""parameter_name"":""strength"",""parameter_value"":-0.2},{""order"":2,""transform"":""crop"",""parameter_name"":""fraction"",""parameter_value"":0.8},{""order"":3,""transform"":""resize"",""parameter_name"":""scale"",""parameter_value"":0.5}]",False,False,True,False,True,True,0.0434529148042202,0,False,Random standard-3 robustness evaluation — Old SID B - SID-only robustness training vs New Mixed B - SID and CIFAKE robustness training,-0.0430655509699136,False,False,false_negative,New Mixed B - SID and CIFAKE robustness training,efficientnet_b0
mixed_sid_cifake_b,9159a9d4ceb7fccd3eee24c3ddf9600c79c8abf1444cb0646b93ac66fd3b5c44,FAKE/img_5676.jpg,FAKE/img_5676.jpg,SID_Set,,FLUX,1,random_standard_3,,43,0.4349309504032135,0,False,1.4338129999984517,SID_Set,2,43,random_standard_3,3,jpeg -> colour -> crop,jpeg(quality=70) -> colour(strength=-0.2) -> crop(fraction=0.8),"[{""order"":1,""transform"":""jpeg"",""parameter_name"":""quality"",""parameter_value"":70},{""order"":2,""transform"":""colour"",""parameter_name"":""strength"",""parameter_value"":-0.2},{""order"":3,""transform"":""crop"",""parameter_name"":""fraction"",""parameter_value"":0.8}]",True,False,False,False,True,True,0.2528587281703949,0,False,Random standard-3 robustness evaluation — Old SID B - SID-only robustness training vs New Mixed B - SID and CIFAKE robustness training,0.1820722222328186,False,False,false_negative,New Mixed B - SID and CIFAKE robustness training,efficientnet_b0
mixed_sid_cifake_b,9159a9d4ceb7fccd3eee24c3ddf9600c79c8abf1444cb0646b93ac66fd3b5c44,FAKE/img_6024.jpg,FAKE/img_6024.jpg,SID_Set,,FLUX,1,random_standard_3,,43,0.164558544754982,0,False,1.4338129999984517,SID_Set,2,43,random_standard_3,3,resize -> blur -> noise,resize(scale=0.5) -> blur(sigma=1.0) -> noise(sigma=0.05),"[{""order"":1,""transform"":""resize"",""parameter_name"":""scale"",""parameter_value"":0.5},{""order"":2,""transform"":""blur"",""parameter_name"":""sigma"",""parameter_value"":1.0},{""order"":3,""transform"":""noise"",""parameter_name"":""sigma"",""parameter_value"":0.05}]",False,True,True,True,False,False,0.7492343783378601,1,True,Random standard-3 robustness evaluation — Old SID B - SID-only robustness training vs New Mixed B - SID and CIFAKE robustness training,-0.5846758335828781,True,False,false_negative,New Mixed B - SID and CIFAKE robustness training,efficientnet_b0
mixed_sid_cifake_b,9159a9d4ceb7fccd3eee24c3ddf9600c79c8abf1444cb0646b93ac66fd3b5c44,REAL/img_7216.jpg,REAL/img_7216.jpg,SID_Set,,FLUX,0,random_standard_3,,43,0.7672825455665588,1,False,1.4181117656235642,SID_Set,2,43,random_standard_3,3,noise -> resize -> blur,noise(sigma=0.1) -> resize(scale=0.5) -> blur(sigma=1.0),"[{""order"":1,""transform"":""noise"",""parameter_name"":""sigma"",""parameter_value"":0.1},{""order"":2,""transform"":""resize"",""parameter_name"":""scale"",""parameter_value"":0.5},{""order"":3,""transform"":""blur"",""parameter_name"":""sigma"",""parameter_value"":1.0}]",False,True,True,True,False,False,0.646504282951355,1,False,Random standard-3 robustness evaluation — Old SID B - SID-only robustness training vs New Mixed B - SID and CIFAKE robustness training,0.12077826261520386,False,False,false_positive,New Mixed B - SID and CIFAKE robustness training,efficientnet_b0
mixed_sid_cifake_b,9159a9d4ceb7fccd3eee24c3ddf9600c79c8abf1444cb0646b93ac66fd3b5c44,REAL/img_4620.jpg,REAL/img_4620.jpg,SID_Set,,FLUX,0,random_standard_3,,43,0.9576537013053894,1,False,1.4194951249990595,SID_Set,2,43,random_standard_3,3,resize -> blur -> crop,resize(scale=0.25) -> blur(sigma=1.0) -> crop(fraction=0.8),"[{""order"":1,""transform"":""resize"",""parameter_name"":""scale"",""parameter_value"":0.25},{""order"":2,""transform"":""blur"",""parameter_name"":""sigma"",""parameter_value"":1.0},{""order"":3,""transform"":""crop"",""parameter_name"":""fraction"",""parameter_value"":0.8}]",False,True,True,False,False,True,0.8987182378768921,1,False,Random standard-3 robustness evaluation — Old SID B - SID-only robustness training vs New Mixed B - SID and CIFAKE robustness training,0.058935463428497314,False,False,false_positive,New Mixed B - SID and CIFAKE robustness training,efficientnet_b0
mixed_sid_cifake_b,9159a9d4ceb7fccd3eee24c3ddf9600c79c8abf1444cb0646b93ac66fd3b5c44,REAL/img_7008.jpg,REAL/img_7008.jpg,SID_Set,,FLUX,0,random_standard_3,,43,0.7683666348457336,1,False,1.469483640626379,SID_Set,2,43,random_standard_3,3,colour -> jpeg -> crop,colour(strength=0.2) -> jpeg(quality=90) -> crop(fraction=0.8),"[{""order"":1,""transform"":""colour"",""parameter_name"":""strength"",""parameter_value"":0.2},{""order"":2,""transform"":""jpeg"",""parameter_name"":""quality"",""parameter_value"":90},{""order"":3,""transform"":""crop"",""parameter_name"":""fraction"",""parameter_value"":0.8}]",True,False,False,False,True,True,0.7254787087440491,1,False,Random standard-3 robustness evaluation — Old SID B - SID-only robustness training vs New Mixed B - SID and CIFAKE robustness training,0.04288792610168457,False,False,false_positive,New Mixed B - SID and CIFAKE robustness training,efficientnet_b0
mixed_sid_cifake_b,9159a9d4ceb7fccd3eee24c3ddf9600c79c8abf1444cb0646b93ac66fd3b5c44,FAKE/img_9867.jpg,FAKE/img_9867.jpg,SID_Set,,FLUX,1,random_standard_3,,43,0.24547404050827026,0,False,1.4201922187524474,SID_Set,2,43,random_standard_3,3,colour -> jpeg -> crop,colour(strength=-0.2) -> jpeg(quality=70) -> crop(fraction=0.8),"[{""order"":1,""transform"":""colour"",""parameter_name"":""strength"",""parameter_value"":-0.2},{""order"":2,""transform"":""jpeg"",""parameter_name"":""quality"",""parameter_value"":70},{""order"":3,""transform"":""crop"",""parameter_name"":""fraction"",""parameter_value"":0.8}]",True,False,False,False,True,True,0.9950815439224243,1,True,Random standard-3 robustness evaluation — Old SID B - SID-only robustness training vs New Mixed B - SID and CIFAKE robustness training,-0.749607503414154,True,False,false_negative,New Mixed B - SID and CIFAKE robustness training,efficientnet_b0
mixed_sid_cifake_b,9159a9d4ceb7fccd3eee24c3ddf9600c79c8abf1444cb0646b93ac66fd3b5c44,FAKE/img_6546.jpg,FAKE/img_6546.jpg,SID_Set,,FLUX,1,random_standard_3,,43,0.4648125469684601,0,False,1.4197085937510678,SID_Set,2,43,random_standard_3,3,colour -> blur -> crop,colour(strength=-0.2) -> blur(sigma=0.5) -> crop(fraction=0.8),"[{""order"":1,""transform"":""colour"",""parameter_name"":""strength"",""parameter_value"":-0.2},{""order"":2,""transform"":""blur"",""parameter_name"":""sigma"",""parameter_value"":0.5},{""order"":3,""transform"":""crop"",""parameter_name"":""fraction"",""parameter_value"":0.8}]",False,True,False,False,True,True,0.912154495716095,1,True,Random standard-3 robustness evaluation — Old SID B - SID-only robustness training vs New Mixed B - SID and CIFAKE robustness training,-0.4473419487476349,True,False,false_negative,New Mixed B - SID and CIFAKE robustness training,efficientnet_b0
mixed_sid_cifake_b,9159a9d4ceb7fccd3eee24c3ddf9600c79c8abf1444cb0646b93ac66fd3b5c44,FAKE/img_12190.jpg,FAKE/img_12190.jpg,SID_Set,,FLUX,1,random_standard_3,,43,0.3785710632801056,0,False,1.4197085937510678,SID_Set,2,43,random_standard_3,3,blur -> jpeg -> crop,blur(sigma=1.0) -> jpeg(quality=70) -> crop(fraction=0.8),"[{""order"":1,""transform"":""blur"",""parameter_name"":""sigma"",""parameter_value"":1.0},{""order"":2,""transform"":""jpeg"",""parameter_name"":""quality"",""parameter_value"":70},{""order"":3,""transform"":""crop"",""parameter_name"":""fraction"",""parameter_value"":0.8}]",True,True,False,False,False,True,0.9910586476325989,1,True,Random standard-3 robustness evaluation — Old SID B - SID-only robustness training vs New Mixed B - SID and CIFAKE robustness training,-0.6124875843524933,True,False,false_negative,New Mixed B - SID and CIFAKE robustness training,efficientnet_b0
mixed_sid_cifake_b,9159a9d4ceb7fccd3eee24c3ddf9600c79c8abf1444cb0646b93ac66fd3b5c44,FAKE/img_12048.jpg,FAKE/img_12048.jpg,SID_Set,,FLUX,1,random_standard_3,,43,0.4381183981895447,0,False,1.4196941874971003,SID_Set,2,43,random_standard_3,3,noise -> resize -> crop,noise(sigma=0.1) -> resize(scale=0.25) -> crop(fraction=0.8),"[{""order"":1,""transform"":""noise"",""parameter_name"":""sigma"",""parameter_value"":0.1},{""order"":2,""transform"":""resize"",""parameter_name"":""scale"",""parameter_value"":0.25},{""order"":3,""transform"":""crop"",""parameter_name"":""fraction"",""parameter_value"":0.8}]",False,False,True,True,False,True,0.9997939467430115,1,True,Random standard-3 robustness evaluation — Old SID B - SID-only robustness training vs New Mixed B - SID and CIFAKE robustness training,-0.5616755485534668,True,False,false_negative,New Mixed B - SID and CIFAKE robustness training,efficientnet_b0
mixed_sid_cifake_b,9159a9d4ceb7fccd3eee24c3ddf9600c79c8abf1444cb0646b93ac66fd3b5c44,REAL/img_759.jpg,REAL/img_759.jpg,SID_Set,,FLUX,0,random_standard_3,,43,0.6676452159881592,1,False,1.4190992343756648,SID_Set,2,43,random_standard_3,3,colour -> crop -> resize,colour(strength=0.2) -> crop(fraction=0.8) -> resize(scale=0.5),"[{""order"":1,""transform"":""colour"",""parameter_name"":""strength"",""parameter_value"":0.2},{""order"":2,""transform"":""crop"",""parameter_name"":""fraction"",""parameter_value"":0.8},{""order"":3,""transform"":""resize"",""parameter_name"":""scale"",""parameter_value"":0.5}]",False,False,True,False,True,True,0.9560602307319641,1,False,Random standard-3 robustness evaluation — Old SID B - SID-only robustness training vs New Mixed B - SID and CIFAKE robustness training,-0.28841501474380493,False,False,false_positive,New Mixed B - SID and CIFAKE robustness training,efficientnet_b0
mixed_sid_cifake_b,9159a9d4ceb7fccd3eee24c3ddf9600c79c8abf1444cb0646b93ac66fd3b5c44,FAKE/img_14407.jpg,FAKE/img_14407.jpg,SID_Set,,FLUX,1,random_standard_3,,43,0.2196861207485199,0,False,1.4190992343756648,SID_Set,2,43,random_standard_3,3,crop -> noise -> colour,crop(fraction=0.8) -> noise(sigma=0.02) -> colour(strength=-0.2),"[{""order"":1,""transform"":""crop"",""parameter_name"":""fraction"",""parameter_value"":0.8},{""order"":2,""transform"":""noise"",""parameter_name"":""sigma"",""parameter_value"":0.02},{""order"":3,""transform"":""colour"",""parameter_name"":""strength"",""parameter_value"":-0.2}]",False,False,False,True,True,True,0.9815207123756409,1,True,Random standard-3 robustness evaluation — Old SID B - SID-only robustness training vs New Mixed B - SID and CIFAKE robustness training,-0.761834591627121,True,False,false_negative,New Mixed B - SID and CIFAKE robustness training,efficientnet_b0
mixed_sid_cifake_b,9159a9d4ceb7fccd3eee24c3ddf9600c79c8abf1444cb0646b93ac66fd3b5c44,FAKE/img_15143.jpg,FAKE/img_15143.jpg,SID_Set,,FLUX,1,random_standard_3,,43,0.030076978728175163,0,False,1.419732218749914,SID_Set,2,43,random_standard_3,3,resize -> colour -> jpeg,resize(scale=0.5) -> colour(strength=0.2) -> jpeg(quality=50),"[{""order"":1,""transform"":""resize"",""parameter_name"":""scale"",""parameter_value"":0.5},{""order"":2,""transform"":""colour"",""parameter_name"":""strength"",""parameter_value"":0.2},{""order"":3,""transform"":""jpeg"",""parameter_name"":""quality"",""parameter_value"":50}]",True,False,True,False,True,False,0.893527626991272,1,True,Random standard-3 robustness evaluation — Old SID B - SID-only robustness training vs New Mixed B - SID and CIFAKE robustness training,-0.8634506482630968,True,False,false_negative,New Mixed B - SID and CIFAKE robustness training,efficientnet_b0
mixed_sid_cifake_b,9159a9d4ceb7fccd3eee24c3ddf9600c79c8abf1444cb0646b93ac66fd3b5c44,REAL/img_16160.jpg,REAL/img_16160.jpg,SID_Set,,FLUX,0,random_standard_3,,43,0.5227590799331665,1,False,1.4504684687466352,SID_Set,2,43,random_standard_3,3,resize -> crop -> noise,resize(scale=0.25) -> crop(fraction=0.8) -> noise(sigma=0.05),"[{""order"":1,""transform"":""resize"",""parameter_name"":""scale"",""parameter_value"":0.25},{""order"":2,""transform"":""crop"",""parameter_name"":""fraction"",""parameter_value"":0.8},{""order"":3,""transform"":""noise"",""parameter_name"":""sigma"",""parameter_value"":0.05}]",False,False,True,True,False,True,0.009216961450874805,0,True,Random standard-3 robustness evaluation — Old SID B - SID-only robustness training vs New Mixed B - SID and CIFAKE robustness training,0.5135421184822917,True,False,false_positive,New Mixed B - SID and CIFAKE robustness training,efficientnet_b0
mixed_sid_cifake_b,9159a9d4ceb7fccd3eee24c3ddf9600c79c8abf1444cb0646b93ac66fd3b5c44,FAKE/img_5384.jpg,FAKE/img_5384.jpg,SID_Set,,FLUX,1,random_standard_3,,43,0.007489937357604504,0,False,1.4468142343773138,SID_Set,2,43,random_standard_3,3,noise -> jpeg -> crop,noise(sigma=0.1) -> jpeg(quality=30) -> crop(fraction=0.8),"[{""order"":1,""transform"":""noise"",""parameter_name"":""sigma"",""parameter_value"":0.1},{""order"":2,""transform"":""jpeg"",""parameter_name"":""quality"",""parameter_value"":30},{""order"":3,""transform"":""crop"",""parameter_name"":""fraction"",""parameter_value"":0.8}]",True,False,False,True,False,True,0.9982088804244995,1,True,Random standard-3 robustness evaluation — Old SID B - SID-only robustness training vs New Mixed B - SID and CIFAKE robustness training,-0.990718943066895,True,False,false_negative,New Mixed B - SID and CIFAKE robustness training,efficientnet_b0
mixed_sid_cifake_b,9159a9d4ceb7fccd3eee24c3ddf9600c79c8abf1444cb0646b93ac66fd3b5c44,FAKE/img_5689.jpg,FAKE/img_5689.jpg,SID_Set,,FLUX,1,random_standard_3,,43,0.3716495633125305,0,False,1.419352656249373,SID_Set,2,43,random_standard_3,3,crop -> jpeg -> blur,crop(fraction=0.8) -> jpeg(quality=30) -> blur(sigma=1.0),"[{""order"":1,""transform"":""crop"",""parameter_name"":""fraction"",""parameter_value"":0.8},{""order"":2,""transform"":""jpeg"",""parameter_name"":""quality"",""parameter_value"":30},{""order"":3,""transform"":""blur"",""parameter_name"":""sigma"",""parameter_value"":1.0}]",True,True,False,False,False,True,0.9751548767089844,1,True,Random standard-3 robustness evaluation — Old SID B - SID-only robustness training vs New Mixed B - SID and CIFAKE robustness training,-0.6035053133964539,True,False,false_negative,New Mixed B - SID and CIFAKE robustness training,efficientnet_b0
mixed_sid_cifake_b,9159a9d4ceb7fccd3eee24c3ddf9600c79c8abf1444cb0646b93ac66fd3b5c44,FAKE/img_4991.jpg,FAKE/img_4991.jpg,SID_Set,,FLUX,1,random_standard_3,,43,0.3843306005001068,0,False,1.4198629531207985,SID_Set,2,43,random_standard_3,3,noise -> jpeg -> crop,noise(sigma=0.1) -> jpeg(quality=30) -> crop(fraction=0.8),"[{""order"":1,""transform"":""noise"",""parameter_name"":""sigma"",""parameter_value"":0.1},{""order"":2,""transform"":""jpeg"",""parameter_name"":""quality"",""parameter_value"":30},{""order"":3,""transform"":""crop"",""parameter_name"":""fraction"",""parameter_value"":0.8}]",True,False,False,True,False,True,0.9995126724243164,1,True,Random standard-3 robustness evaluation — Old SID B - SID-only robustness training vs New Mixed B - SID and CIFAKE robustness training,-0.6151820719242096,True,False,false_negative,New Mixed B - SID and CIFAKE robustness training,efficientnet_b0
mixed_sid_cifake_b,9159a9d4ceb7fccd3eee24c3ddf9600c79c8abf1444cb0646b93ac66fd3b5c44,FAKE/img_4183.jpg,FAKE/img_4183.jpg,SID_Set,,FLUX,1,random_standard_3,,43,0.4896477460861206,0,False,1.4198629531207985,SID_Set,2,43,random_standard_3,3,blur -> crop -> colour,blur(sigma=0.5) -> crop(fraction=0.8) -> colour(strength=0.2),"[{""order"":1,""transform"":""blur"",""parameter_name"":""sigma"",""parameter_value"":0.5},{""order"":2,""transform"":""crop"",""parameter_name"":""fraction"",""parameter_value"":0.8},{""order"":3,""transform"":""colour"",""parameter_name"":""strength"",""parameter_value"":0.2}]",False,True,False,False,True,True,0.999942421913147,1,True,Random standard-3 robustness evaluation — Old SID B - SID-only robustness training vs New Mixed B - SID and CIFAKE robustness training,-0.5102946758270264,True,False,false_negative,New Mixed B - SID and CIFAKE robustness training,efficientnet_b0
mixed_sid_cifake_b,9159a9d4ceb7fccd3eee24c3ddf9600c79c8abf1444cb0646b93ac66fd3b5c44,FAKE/img_4446.jpg,FAKE/img_4446.jpg,SID_Set,,FLUX,1,random_standard_3,,43,0.3428531885147095,0,False,1.4194037343813193,SID_Set,2,43,random_standard_3,3,blur -> noise -> crop,blur(sigma=2.0) -> noise(sigma=0.1) -> crop(fraction=0.8),"[{""order"":1,""transform"":""blur"",""parameter_name"":""sigma"",""parameter_value"":2.0},{""order"":2,""transform"":""noise"",""parameter_name"":""sigma"",""parameter_value"":0.1},{""order"":3,""transform"":""crop"",""parameter_name"":""fraction"",""parameter_value"":0.8}]",False,True,False,True,False,True,0.9999984502792358,1,True,Random standard-3 robustness evaluation — Old SID B - SID-only robustness training vs New Mixed B - SID and CIFAKE robustness training,-0.6571452617645264,True,False,false_negative,New Mixed B - SID and CIFAKE robustness training,efficientnet_b0
mixed_sid_cifake_b,9159a9d4ceb7fccd3eee24c3ddf9600c79c8abf1444cb0646b93ac66fd3b5c44,FAKE/img_9598.jpg,FAKE/img_9598.jpg,SID_Set,,FLUX,1,random_standard_3,,43,0.07122263312339783,0,False,1.4195496406230745,SID_Set,2,43,random_standard_3,3,blur -> colour -> crop,blur(sigma=2.0) -> colour(strength=-0.2) -> crop(fraction=0.8),"[{""order"":1,""transform"":""blur"",""parameter_name"":""sigma"",""parameter_value"":2.0},{""order"":2,""transform"":""colour"",""parameter_name"":""strength"",""parameter_value"":-0.2},{""order"":3,""transform"":""crop"",""parameter_name"":""fraction"",""parameter_value"":0.8}]",False,True,False,False,True,True,0.9995637536048889,1,True,Random standard-3 robustness evaluation — Old SID B - SID-only robustness training vs New Mixed B - SID and CIFAKE robustness training,-0.9283411204814911,True,False,false_negative,New Mixed B - SID and CIFAKE robustness training,efficientnet_b0
mixed_sid_cifake_b,9159a9d4ceb7fccd3eee24c3ddf9600c79c8abf1444cb0646b93ac66fd3b5c44,REAL/img_10812.jpg,REAL/img_10812.jpg,SID_Set,,FLUX,0,random_standard_3,,43,0.7787470817565918,1,False,1.4207018593737075,SID_Set,2,43,random_standard_3,3,noise -> blur -> jpeg,noise(sigma=0.02) -> blur(sigma=0.5) -> jpeg(quality=70),"[{""order"":1,""transform"":""noise"",""parameter_name"":""sigma"",""parameter_value"":0.02},{""order"":2,""transform"":""blur"",""parameter_name"":""sigma"",""parameter_value"":0.5},{""order"":3,""transform"":""jpeg"",""parameter_name"":""quality"",""parameter_value"":70}]",True,True,False,True,False,False,0.9350079298019409,1,False,Random standard-3 robustness evaluation — Old SID B - SID-only robustness training vs New Mixed B - SID and CIFAKE robustness training,-0.15626084804534912,False,False,false_positive,New Mixed B - SID and CIFAKE robustness training,efficientnet_b0
mixed_sid_cifake_b,9159a9d4ceb7fccd3eee24c3ddf9600c79c8abf1444cb0646b93ac66fd3b5c44,REAL/img_5646.jpg,REAL/img_5646.jpg,SID_Set,,FLUX,0,random_standard_3,,43,1.0,1,False,1.4207018593737075,SID_Set,2,43,random_standard_3,3,jpeg -> blur -> noise,jpeg(quality=70) -> blur(sigma=1.0) -> noise(sigma=0.1),"[{""order"":1,""transform"":""jpeg"",""parameter_name"":""quality"",""parameter_value"":70},{""order"":2,""transform"":""blur"",""parameter_name"":""sigma"",""parameter_value"":1.0},{""order"":3,""transform"":""noise"",""parameter_name"":""sigma"",""parameter_value"":0.1}]",True,True,False,True,False,False,1.2487038247854798e-07,0,True,Random standard-3 robustness evaluation — Old SID B - SID-only robustness training vs New Mixed B - SID and CIFAKE robustness training,0.9999998751296175,True,False,false_positive,New Mixed B - SID and CIFAKE robustness training,efficientnet_b0
mixed_sid_cifake_b,9159a9d4ceb7fccd3eee24c3ddf9600c79c8abf1444cb0646b93ac66fd3b5c44,FAKE/img_722.jpg,FAKE/img_722.jpg,SID_Set,,FLUX,1,random_standard_3,,43,0.12234161049127579,0,False,1.4195176718700964,SID_Set,2,43,random_standard_3,3,colour -> jpeg -> crop,colour(strength=-0.2) -> jpeg(quality=30) -> crop(fraction=0.8),"[{""order"":1,""transform"":""colour"",""parameter_name"":""strength"",""parameter_value"":-0.2},{""order"":2,""transform"":""jpeg"",""parameter_name"":""quality"",""parameter_value"":30},{""order"":3,""transform"":""crop"",""parameter_name"":""fraction"",""parameter_value"":0.8}]",True,False,False,False,True,True,0.9992026686668396,1,True,Random standard-3 robustness evaluation — Old SID B - SID-only robustness training vs New Mixed B - SID and CIFAKE robustness training,-0.8768610581755638,True,False,false_negative,New Mixed B - SID and CIFAKE robustness training,efficientnet_b0
mixed_sid_cifake_b,9159a9d4ceb7fccd3eee24c3ddf9600c79c8abf1444cb0646b93ac66fd3b5c44,FAKE/img_4178.jpg,FAKE/img_4178.jpg,SID_Set,,FLUX,1,random_standard_3,,43,0.3755902945995331,0,False,1.421474937494338,SID_Set,2,43,random_standard_3,3,colour -> noise -> blur,colour(strength=-0.2) -> noise(sigma=0.1) -> blur(sigma=0.5),"[{""order"":1,""transform"":""colour"",""parameter_name"":""strength"",""parameter_value"":-0.2},{""order"":2,""transform"":""noise"",""parameter_name"":""sigma"",""parameter_value"":0.1},{""order"":3,""transform"":""blur"",""parameter_name"":""sigma"",""parameter_value"":0.5}]",False,True,False,True,True,False,1.0,1,True,Random standard-3 robustness evaluation — Old SID B - SID-only robustness training vs New Mixed B - SID and CIFAKE robustness training,-0.6244097054004669,True,False,false_negative,New Mixed B - SID and CIFAKE robustness training,efficientnet_b0
mixed_sid_cifake_b,9159a9d4ceb7fccd3eee24c3ddf9600c79c8abf1444cb0646b93ac66fd3b5c44,FAKE/img_10072.jpg,FAKE/img_10072.jpg,SID_Set,,FLUX,1,random_standard_3,,43,0.21944111585617065,0,False,1.4201000156290888,SID_Set,2,43,random_standard_3,3,noise -> jpeg -> colour,noise(sigma=0.05) -> jpeg(quality=30) -> colour(strength=0.2),"[{""order"":1,""transform"":""noise"",""parameter_name"":""sigma"",""parameter_value"":0.05},{""order"":2,""transform"":""jpeg"",""parameter_name"":""quality"",""parameter_value"":30},{""order"":3,""transform"":""colour"",""parameter_name"":""strength"",""parameter_value"":0.2}]",True,False,False,True,True,False,0.997531533241272,1,True,Random standard-3 robustness evaluation — Old SID B - SID-only robustness training vs New Mixed B - SID and CIFAKE robustness training,-0.7780904173851013,True,False,false_negative,New Mixed B - SID and CIFAKE robustness training,efficientnet_b0
mixed_sid_cifake_b,9159a9d4ceb7fccd3eee24c3ddf9600c79c8abf1444cb0646b93ac66fd3b5c44,REAL/img_3548.jpg,REAL/img_3548.jpg,SID_Set,,FLUX,0,random_standard_3,,43,0.5930735468864441,1,False,1.42002271875441,SID_Set,2,43,random_standard_3,3,crop -> jpeg -> resize,crop(fraction=0.8) -> jpeg(quality=70) -> resize(scale=0.25),"[{""order"":1,""transform"":""crop"",""parameter_name"":""fraction"",""parameter_value"":0.8},{""order"":2,""transform"":""jpeg"",""parameter_name"":""quality"",""parameter_value"":70},{""order"":3,""transform"":""resize"",""parameter_name"":""scale"",""parameter_value"":0.25}]",True,False,True,False,False,True,0.978095293045044,1,False,Random standard-3 robustness evaluation — Old SID B - SID-only robustness training vs New Mixed B - SID and CIFAKE robustness training,-0.38502174615859985,False,False,false_positive,New Mixed B - SID and CIFAKE robustness training,efficientnet_b0
mixed_sid_cifake_b,9159a9d4ceb7fccd3eee24c3ddf9600c79c8abf1444cb0646b93ac66fd3b5c44,FAKE/img_12605.jpg,FAKE/img_12605.jpg,SID_Set,,FLUX,1,random_standard_3,,43,0.1008111909031868,0,False,1.4718271250018233,SID_Set,2,43,random_standard_3,3,resize -> blur -> jpeg,resize(scale=0.5) -> blur(sigma=2.0) -> jpeg(quality=50),"[{""order"":1,""transform"":""resize"",""parameter_name"":""scale"",""parameter_value"":0.5},{""order"":2,""transform"":""blur"",""parameter_name"":""sigma"",""parameter_value"":2.0},{""order"":3,""transform"":""jpeg"",""parameter_name"":""quality"",""parameter_value"":50}]",True,True,True,False,False,False,0.578194260597229,1,True,Random standard-3 robustness evaluation — Old SID B - SID-only robustness training vs New Mixed B - SID and CIFAKE robustness training,-0.4773830696940422,True,False,false_negative,New Mixed B - SID and CIFAKE robustness training,efficientnet_b0
mixed_sid_cifake_b,9159a9d4ceb7fccd3eee24c3ddf9600c79c8abf1444cb0646b93ac66fd3b5c44,FAKE/img_10570.jpg,FAKE/img_10570.jpg,SID_Set,,FLUX,1,random_standard_3,,43,0.4947669804096222,0,False,1.4718271250018233,SID_Set,2,43,random_standard_3,3,colour -> noise -> blur,colour(strength=0.2) -> noise(sigma=0.02) -> blur(sigma=2.0),"[{""order"":1,""transform"":""colour"",""parameter_name"":""strength"",""parameter_value"":0.2},{""order"":2,""transform"":""noise"",""parameter_name"":""sigma"",""parameter_value"":0.02},{""order"":3,""transform"":""blur"",""parameter_name"":""sigma"",""parameter_value"":2.0}]",False,True,False,True,True,False,0.9825201630592346,1,True,Random standard-3 robustness evaluation — Old SID B - SID-only robustness training vs New Mixed B - SID and CIFAKE robustness training,-0.4877531826496124,True,False,false_negative,New Mixed B - SID and CIFAKE robustness training,efficientnet_b0
mixed_sid_cifake_b,9159a9d4ceb7fccd3eee24c3ddf9600c79c8abf1444cb0646b93ac66fd3b5c44,FAKE/img_4126.jpg,FAKE/img_4126.jpg,SID_Set,,FLUX,1,random_standard_3,,43,0.32483598589897156,0,False,1.4718271250018233,SID_Set,2,43,random_standard_3,3,jpeg -> colour -> noise,jpeg(quality=30) -> colour(strength=-0.2) -> noise(sigma=0.05),"[{""order"":1,""transform"":""jpeg"",""parameter_name"":""quality"",""parameter_value"":30},{""order"":2,""transform"":""colour"",""parameter_name"":""strength"",""parameter_value"":-0.2},{""order"":3,""transform"":""noise"",""parameter_name"":""sigma"",""parameter_value"":0.05}]",True,False,False,True,True,False,0.9982383251190186,1,True,Random standard-3 robustness evaluation — Old SID B - SID-only robustness training vs New Mixed B - SID and CIFAKE robustness training,-0.673402339220047,True,False,false_negative,New Mixed B - SID and CIFAKE robustness training,efficientnet_b0
mixed_sid_cifake_b,9159a9d4ceb7fccd3eee24c3ddf9600c79c8abf1444cb0646b93ac66fd3b5c44,FAKE/img_9233.jpg,FAKE/img_9233.jpg,SID_Set,,FLUX,1,random_standard_3,,43,0.1993749737739563,0,False,1.4299773906216728,SID_Set,2,43,random_standard_3,3,noise -> crop -> blur,noise(sigma=0.02) -> crop(fraction=0.8) -> blur(sigma=2.0),"[{""order"":1,""transform"":""noise"",""parameter_name"":""sigma"",""parameter_value"":0.02},{""order"":2,""transform"":""crop"",""parameter_name"":""fraction"",""parameter_value"":0.8},{""order"":3,""transform"":""blur"",""parameter_name"":""sigma"",""parameter_value"":2.0}]",False,True,False,True,False,True,0.9716418981552124,1,True,Random standard-3 robustness evaluation — Old SID B - SID-only robustness training vs New Mixed B - SID and CIFAKE robustness training,-0.7722669243812561,True,False,false_negative,New Mixed B - SID and CIFAKE robustness training,efficientnet_b0
mixed_sid_cifake_b,9159a9d4ceb7fccd3eee24c3ddf9600c79c8abf1444cb0646b93ac66fd3b5c44,REAL/img_10048.jpg,REAL/img_10048.jpg,SID_Set,,FLUX,0,random_standard_3,,43,0.6143333911895752,1,False,1.4299773906216728,SID_Set,2,43,random_standard_3,3,blur -> crop -> noise,blur(sigma=1.0) -> crop(fraction=0.8) -> noise(sigma=0.1),"[{""order"":1,""transform"":""blur"",""parameter_name"":""sigma"",""parameter_value"":1.0},{""order"":2,""transform"":""crop"",""parameter_name"":""fraction"",""parameter_value"":0.8},{""order"":3,""transform"":""noise"",""parameter_name"":""sigma"",""parameter_value"":0.1}]",False,True,False,True,False,True,0.9853718876838684,1,False,Random standard-3 robustness evaluation — Old SID B - SID-only robustness training vs New Mixed B - SID and CIFAKE robustness training,-0.3710384964942932,False,False,false_positive,New Mixed B - SID and CIFAKE robustness training,efficientnet_b0
mixed_sid_cifake_b,9159a9d4ceb7fccd3eee24c3ddf9600c79c8abf1444cb0646b93ac66fd3b5c44,FAKE/img_10170.jpg,FAKE/img_10170.jpg,SID_Set,,FLUX,1,random_standard_3,,43,0.18476952612400055,0,False,1.4565391250016546,SID_Set,2,43,random_standard_3,3,jpeg -> noise -> colour,jpeg(quality=30) -> noise(sigma=0.1) -> colour(strength=0.2),"[{""order"":1,""transform"":""jpeg"",""parameter_name"":""quality"",""parameter_value"":30},{""order"":2,""transform"":""noise"",""parameter_name"":""sigma"",""parameter_value"":0.1},{""order"":3,""transform"":""colour"",""parameter_name"":""strength"",""parameter_value"":0.2}]",True,False,False,True,True,False,0.9957494735717773,1,True,Random standard-3 robustness evaluation — Old SID B - SID-only robustness training vs New Mixed B - SID and CIFAKE robustness training,-0.8109799474477768,True,False,false_negative,New Mixed B - SID and CIFAKE robustness training,efficientnet_b0
mixed_sid_cifake_b,9159a9d4ceb7fccd3eee24c3ddf9600c79c8abf1444cb0646b93ac66fd3b5c44,REAL/img_8599.jpg,REAL/img_8599.jpg,SID_Set,,FLUX,0,random_standard_3,,43,0.7879976630210876,1,False,1.4206659218771733,SID_Set,2,43,random_standard_3,3,resize -> noise -> jpeg,resize(scale=0.5) -> noise(sigma=0.02) -> jpeg(quality=30),"[{""order"":1,""transform"":""resize"",""parameter_name"":""scale"",""parameter_value"":0.5},{""order"":2,""transform"":""noise"",""parameter_name"":""sigma"",""parameter_value"":0.02},{""order"":3,""transform"":""jpeg"",""parameter_name"":""quality"",""parameter_value"":30}]",True,False,True,True,False,False,0.7634474039077759,1,False,Random standard-3 robustness evaluation — Old SID B - SID-only robustness training vs New Mixed B - SID and CIFAKE robustness training,0.024550259113311768,False,False,false_positive,New Mixed B - SID and CIFAKE robustness training,efficientnet_b0
mixed_sid_cifake_b,9159a9d4ceb7fccd3eee24c3ddf9600c79c8abf1444cb0646b93ac66fd3b5c44,REAL/img_4645.jpg,REAL/img_4645.jpg,SID_Set,,FLUX,0,random_standard_3,,43,0.716189444065094,1,False,1.4160705312491473,SID_Set,2,43,random_standard_3,3,crop -> jpeg -> blur,crop(fraction=0.8) -> jpeg(quality=30) -> blur(sigma=0.5),"[{""order"":1,""transform"":""crop"",""parameter_name"":""fraction"",""parameter_value"":0.8},{""order"":2,""transform"":""jpeg"",""parameter_name"":""quality"",""parameter_value"":30},{""order"":3,""transform"":""blur"",""parameter_name"":""sigma"",""parameter_value"":0.5}]",True,True,False,False,False,True,0.0044294376857578754,0,True,Random standard-3 robustness evaluation — Old SID B - SID-only robustness training vs New Mixed B - SID and CIFAKE robustness training,0.7117600063793361,True,False,false_positive,New Mixed B - SID and CIFAKE robustness training,efficientnet_b0
mixed_sid_cifake_b,9159a9d4ceb7fccd3eee24c3ddf9600c79c8abf1444cb0646b93ac66fd3b5c44,REAL/img_8780.jpg,REAL/img_8780.jpg,SID_Set,,FLUX,0,random_standard_3,,43,0.9999995231628418,1,False,1.4160705312491473,SID_Set,2,43,random_standard_3,3,blur -> resize -> crop,blur(sigma=2.0) -> resize(scale=0.5) -> crop(fraction=0.8),"[{""order"":1,""transform"":""blur"",""parameter_name"":""sigma"",""parameter_value"":2.0},{""order"":2,""transform"":""resize"",""parameter_name"":""scale"",""parameter_value"":0.5},{""order"":3,""transform"":""crop"",""parameter_name"":""fraction"",""parameter_value"":0.8}]",False,True,True,False,False,True,0.03793276846408844,0,True,Random standard-3 robustness evaluation — Old SID B - SID-only robustness training vs New Mixed B - SID and CIFAKE robustness training,0.9620667546987534,True,False,false_positive,New Mixed B - SID and CIFAKE robustness training,efficientnet_b0
mixed_sid_cifake_b,9159a9d4ceb7fccd3eee24c3ddf9600c79c8abf1444cb0646b93ac66fd3b5c44,FAKE/img_1361.jpg,FAKE/img_1361.jpg,SID_Set,,FLUX,1,random_standard_3,,43,0.09943978488445282,0,False,1.4201143906262814,SID_Set,2,43,random_standard_3,3,jpeg -> crop -> resize,jpeg(quality=30) -> crop(fraction=0.8) -> resize(scale=0.25),"[{""order"":1,""transform"":""jpeg"",""parameter_name"":""quality"",""parameter_value"":30},{""order"":2,""transform"":""crop"",""parameter_name"":""fraction"",""parameter_value"":0.8},{""order"":3,""transform"":""resize"",""parameter_name"":""scale"",""parameter_value"":0.25}]",True,False,True,False,False,True,0.9982099533081055,1,True,Random standard-3 robustness evaluation — Old SID B - SID-only robustness training vs New Mixed B - SID and CIFAKE robustness training,-0.8987701684236526,True,False,false_negative,New Mixed B - SID and CIFAKE robustness training,efficientnet_b0
mixed_sid_cifake_b,9159a9d4ceb7fccd3eee24c3ddf9600c79c8abf1444cb0646b93ac66fd3b5c44,FAKE/img_479.jpg,FAKE/img_479.jpg,SID_Set,,FLUX,1,random_standard_3,,43,0.18985065817832947,0,False,1.4201143906262814,SID_Set,2,43,random_standard_3,3,noise -> jpeg -> crop,noise(sigma=0.02) -> jpeg(quality=30) -> crop(fraction=0.8),"[{""order"":1,""transform"":""noise"",""parameter_name"":""sigma"",""parameter_value"":0.02},{""order"":2,""transform"":""jpeg"",""parameter_name"":""quality"",""parameter_value"":30},{""order"":3,""transform"":""crop"",""parameter_name"":""fraction"",""parameter_value"":0.8}]",True,False,False,True,False,True,0.4102001488208771,0,False,Random standard-3 robustness evaluation — Old SID B - SID-only robustness training vs New Mixed B - SID and CIFAKE robustness training,-0.2203494906425476,False,False,false_negative,New Mixed B - SID and CIFAKE robustness training,efficientnet_b0
mixed_sid_cifake_b,9159a9d4ceb7fccd3eee24c3ddf9600c79c8abf1444cb0646b93ac66fd3b5c44,FAKE/img_16529.jpg,FAKE/img_16529.jpg,SID_Set,,FLUX,1,random_standard_3,,43,0.40727677941322327,0,False,1.4535312187433647,SID_Set,2,43,random_standard_3,3,blur -> noise -> resize,blur(sigma=2.0) -> noise(sigma=0.1) -> resize(scale=0.25),"[{""order"":1,""transform"":""blur"",""parameter_name"":""sigma"",""parameter_value"":2.0},{""order"":2,""transform"":""noise"",""parameter_name"":""sigma"",""parameter_value"":0.1},{""order"":3,""transform"":""resize"",""parameter_name"":""scale"",""parameter_value"":0.25}]",False,True,True,True,False,False,0.17779263854026794,0,False,Random standard-3 robustness evaluation — Old SID B - SID-only robustness training vs New Mixed B - SID and CIFAKE robustness training,0.22948414087295532,False,False,false_negative,New Mixed B - SID and CIFAKE robustness training,efficientnet_b0
mixed_sid_cifake_b,9159a9d4ceb7fccd3eee24c3ddf9600c79c8abf1444cb0646b93ac66fd3b5c44,FAKE/img_2851.jpg,FAKE/img_2851.jpg,SID_Set,,FLUX,1,random_standard_3,,43,0.3140195906162262,0,False,1.4326620625055853,SID_Set,2,43,random_standard_3,3,noise -> crop -> colour,noise(sigma=0.1) -> crop(fraction=0.8) -> colour(strength=-0.2),"[{""order"":1,""transform"":""noise"",""parameter_name"":""sigma"",""parameter_value"":0.1},{""order"":2,""transform"":""crop"",""parameter_name"":""fraction"",""parameter_value"":0.8},{""order"":3,""transform"":""colour"",""parameter_name"":""strength"",""parameter_value"":-0.2}]",False,False,False,True,True,True,1.0,1,True,Random standard-3 robustness evaluation — Old SID B - SID-only robustness training vs New Mixed B - SID and CIFAKE robustness training,-0.6859804093837738,True,False,false_negative,New Mixed B - SID and CIFAKE robustness training,efficientnet_b0
mixed_sid_cifake_b,9159a9d4ceb7fccd3eee24c3ddf9600c79c8abf1444cb0646b93ac66fd3b5c44,REAL/img_2934.jpg,REAL/img_2934.jpg,SID_Set,,FLUX,0,random_standard_3,,43,0.7594771385192871,1,False,1.4204000624999935,SID_Set,2,43,random_standard_3,3,noise -> colour -> jpeg,noise(sigma=0.02) -> colour(strength=0.2) -> jpeg(quality=50),"[{""order"":1,""transform"":""noise"",""parameter_name"":""sigma"",""parameter_value"":0.02},{""order"":2,""transform"":""colour"",""parameter_name"":""strength"",""parameter_value"":0.2},{""order"":3,""transform"":""jpeg"",""parameter_name"":""quality"",""parameter_value"":50}]",True,False,False,True,True,False,0.7979865074157715,1,False,Random standard-3 robustness evaluation — Old SID B - SID-only robustness training vs New Mixed B - SID and CIFAKE robustness training,-0.038509368896484375,False,False,false_positive,New Mixed B - SID and CIFAKE robustness training,efficientnet_b0
mixed_sid_cifake_b,9159a9d4ceb7fccd3eee24c3ddf9600c79c8abf1444cb0646b93ac66fd3b5c44,FAKE/img_2562.jpg,FAKE/img_2562.jpg,SID_Set,,FLUX,1,random_standard_3,,43,0.4791025221347809,0,False,1.4204000624999935,SID_Set,2,43,random_standard_3,3,crop -> noise -> blur,crop(fraction=0.8) -> noise(sigma=0.05) -> blur(sigma=1.0),"[{""order"":1,""transform"":""crop"",""parameter_name"":""fraction"",""parameter_value"":0.8},{""order"":2,""transform"":""noise"",""parameter_name"":""sigma"",""parameter_value"":0.05},{""order"":3,""transform"":""blur"",""parameter_name"":""sigma"",""parameter_value"":1.0}]",False,True,False,True,False,True,0.997637152671814,1,True,Random standard-3 robustness evaluation — Old SID B - SID-only robustness training vs New Mixed B - SID and CIFAKE robustness training,-0.5185346305370331,True,False,false_negative,New Mixed B - SID and CIFAKE robustness training,efficientnet_b0
mixed_sid_cifake_b,9159a9d4ceb7fccd3eee24c3ddf9600c79c8abf1444cb0646b93ac66fd3b5c44,REAL/img_8684.jpg,REAL/img_8684.jpg,SID_Set,,FLUX,0,random_standard_3,,43,0.8862946033477783,1,False,1.4202984218769643,SID_Set,2,43,random_standard_3,3,colour -> blur -> jpeg,colour(strength=-0.2) -> blur(sigma=2.0) -> jpeg(quality=30),"[{""order"":1,""transform"":""colour"",""parameter_name"":""strength"",""parameter_value"":-0.2},{""order"":2,""transform"":""blur"",""parameter_name"":""sigma"",""parameter_value"":2.0},{""order"":3,""transform"":""jpeg"",""parameter_name"":""quality"",""parameter_value"":30}]",True,True,False,False,True,False,0.6032043099403381,1,False,Random standard-3 robustness evaluation — Old SID B - SID-only robustness training vs New Mixed B - SID and CIFAKE robustness training,0.2830902934074402,False,False,false_positive,New Mixed B - SID and CIFAKE robustness training,efficientnet_b0
mixed_sid_cifake_b,9159a9d4ceb7fccd3eee24c3ddf9600c79c8abf1444cb0646b93ac66fd3b5c44,FAKE/img_12348.jpg,FAKE/img_12348.jpg,SID_Set,,FLUX,1,random_standard_3,,43,0.49524813890457153,0,False,1.4202984218769643,SID_Set,2,43,random_standard_3,3,jpeg -> noise -> crop,jpeg(quality=70) -> noise(sigma=0.05) -> crop(fraction=0.8),"[{""order"":1,""transform"":""jpeg"",""parameter_name"":""quality"",""parameter_value"":70},{""order"":2,""transform"":""noise"",""parameter_name"":""sigma"",""parameter_value"":0.05},{""order"":3,""transform"":""crop"",""parameter_name"":""fraction"",""parameter_value"":0.8}]",True,False,False,True,False,True,1.0,1,True,Random standard-3 robustness evaluation — Old SID B - SID-only robustness training vs New Mixed B - SID and CIFAKE robustness training,-0.5047518610954285,True,False,false_negative,New Mixed B - SID and CIFAKE robustness training,efficientnet_b0
mixed_sid_cifake_b,9159a9d4ceb7fccd3eee24c3ddf9600c79c8abf1444cb0646b93ac66fd3b5c44,REAL/img_3867.jpg,REAL/img_3867.jpg,SID_Set,,FLUX,0,random_standard_3,,43,0.7593593597412109,1,False,1.4622530624990304,SID_Set,2,43,random_standard_3,3,crop -> noise -> colour,crop(fraction=0.8) -> noise(sigma=0.1) -> colour(strength=-0.2),"[{""order"":1,""transform"":""crop"",""parameter_name"":""fraction"",""parameter_value"":0.8},{""order"":2,""transform"":""noise"",""parameter_name"":""sigma"",""parameter_value"":0.1},{""order"":3,""transform"":""colour"",""parameter_name"":""strength"",""parameter_value"":-0.2}]",False,False,False,True,True,True,0.1524403840303421,0,True,Random standard-3 robustness evaluation — Old SID B - SID-only robustness training vs New Mixed B - SID and CIFAKE robustness training,0.6069189757108688,True,False,false_positive,New Mixed B - SID and CIFAKE robustness training,efficientnet_b0
mixed_sid_cifake_b,9159a9d4ceb7fccd3eee24c3ddf9600c79c8abf1444cb0646b93ac66fd3b5c44,FAKE/img_2715.jpg,FAKE/img_2715.jpg,SID_Set,,FLUX,1,random_standard_3,,43,0.014493394643068314,0,False,1.4622530624990304,SID_Set,2,43,random_standard_3,3,noise -> crop -> blur,noise(sigma=0.1) -> crop(fraction=0.8) -> blur(sigma=2.0),"[{""order"":1,""transform"":""noise"",""parameter_name"":""sigma"",""parameter_value"":0.1},{""order"":2,""transform"":""crop"",""parameter_name"":""fraction"",""parameter_value"":0.8},{""order"":3,""transform"":""blur"",""parameter_name"":""sigma"",""parameter_value"":2.0}]",False,True,False,True,False,True,0.9600524306297302,1,True,Random standard-3 robustness evaluation — Old SID B - SID-only robustness training vs New Mixed B - SID and CIFAKE robustness training,-0.9455590359866619,True,False,false_negative,New Mixed B - SID and CIFAKE robustness training,efficientnet_b0
mixed_sid_cifake_b,9159a9d4ceb7fccd3eee24c3ddf9600c79c8abf1444cb0646b93ac66fd3b5c44,REAL/img_1424.jpg,REAL/img_1424.jpg,SID_Set,,FLUX,0,random_standard_3,,43,0.53732830286026,1,False,1.4202475781246449,SID_Set,2,43,random_standard_3,3,colour -> noise -> crop,colour(strength=0.2) -> noise(sigma=0.02) -> crop(fraction=0.8),"[{""order"":1,""transform"":""colour"",""parameter_name"":""strength"",""parameter_value"":0.2},{""order"":2,""transform"":""noise"",""parameter_name"":""sigma"",""parameter_value"":0.02},{""order"":3,""transform"":""crop"",""parameter_name"":""fraction"",""parameter_value"":0.8}]",False,False,False,True,True,True,0.09305301308631897,0,True,Random standard-3 robustness evaluation — Old SID B - SID-only robustness training vs New Mixed B - SID and CIFAKE robustness training,0.44427528977394104,True,False,false_positive,New Mixed B - SID and CIFAKE robustness training,efficientnet_b0
mixed_sid_cifake_b,9159a9d4ceb7fccd3eee24c3ddf9600c79c8abf1444cb0646b93ac66fd3b5c44,REAL/img_13926.jpg,REAL/img_13926.jpg,SID_Set,,FLUX,0,random_standard_3,,43,0.8805265426635742,1,False,1.4202475781246449,SID_Set,2,43,random_standard_3,3,resize -> blur -> jpeg,resize(scale=0.25) -> blur(sigma=1.0) -> jpeg(quality=90),"[{""order"":1,""transform"":""resize"",""parameter_name"":""scale"",""parameter_value"":0.25},{""order"":2,""transform"":""blur"",""parameter_name"":""sigma"",""parameter_value"":1.0},{""order"":3,""transform"":""jpeg"",""parameter_name"":""quality"",""parameter_value"":90}]",True,True,True,False,False,False,0.36554139852523804,0,True,Random standard-3 robustness evaluation — Old SID B - SID-only robustness training vs New Mixed B - SID and CIFAKE robustness training,0.5149851441383362,True,False,false_positive,New Mixed B - SID and CIFAKE robustness training,efficientnet_b0
mixed_sid_cifake_b,9159a9d4ceb7fccd3eee24c3ddf9600c79c8abf1444cb0646b93ac66fd3b5c44,REAL/img_8761.jpg,REAL/img_8761.jpg,SID_Set,,FLUX,0,random_standard_3,,43,0.534116804599762,1,False,1.4204735156226889,SID_Set,2,43,random_standard_3,3,resize -> crop -> blur,resize(scale=0.25) -> crop(fraction=0.8) -> blur(sigma=1.0),"[{""order"":1,""transform"":""resize"",""parameter_name"":""scale"",""parameter_value"":0.25},{""order"":2,""transform"":""crop"",""parameter_name"":""fraction"",""parameter_value"":0.8},{""order"":3,""transform"":""blur"",""parameter_name"":""sigma"",""parameter_value"":1.0}]",False,True,True,False,False,True,0.06141987815499306,0,True,Random standard-3 robustness evaluation — Old SID B - SID-only robustness training vs New Mixed B - SID and CIFAKE robustness training,0.4726969264447689,True,False,false_positive,New Mixed B - SID and CIFAKE robustness training,efficientnet_b0
mixed_sid_cifake_b,9159a9d4ceb7fccd3eee24c3ddf9600c79c8abf1444cb0646b93ac66fd3b5c44,FAKE/img_2684.jpg,FAKE/img_2684.jpg,SID_Set,,FLUX,1,random_standard_3,,43,0.49596863985061646,0,False,1.4633467812501522,SID_Set,2,43,random_standard_3,3,colour -> noise -> blur,colour(strength=-0.2) -> noise(sigma=0.05) -> blur(sigma=2.0),"[{""order"":1,""transform"":""colour"",""parameter_name"":""strength"",""parameter_value"":-0.2},{""order"":2,""transform"":""noise"",""parameter_name"":""sigma"",""parameter_value"":0.05},{""order"":3,""transform"":""blur"",""parameter_name"":""sigma"",""parameter_value"":2.0}]",False,True,False,True,True,False,1.0,1,True,Random standard-3 robustness evaluation — Old SID B - SID-only robustness training vs New Mixed B - SID and CIFAKE robustness training,-0.5040313601493835,True,False,false_negative,New Mixed B - SID and CIFAKE robustness training,efficientnet_b0
mixed_sid_cifake_b,9159a9d4ceb7fccd3eee24c3ddf9600c79c8abf1444cb0646b93ac66fd3b5c44,FAKE/img_3546.jpg,FAKE/img_3546.jpg,SID_Set,,FLUX,1,random_standard_3,,43,0.2642386257648468,0,False,1.4633467812501522,SID_Set,2,43,random_standard_3,3,colour -> jpeg -> noise,colour(strength=-0.2) -> jpeg(quality=50) -> noise(sigma=0.05),"[{""order"":1,""transform"":""colour"",""parameter_name"":""strength"",""parameter_value"":-0.2},{""order"":2,""transform"":""jpeg"",""parameter_name"":""quality"",""parameter_value"":50},{""order"":3,""transform"":""noise"",""parameter_name"":""sigma"",""parameter_value"":0.05}]",True,False,False,True,True,False,0.9999265670776367,1,True,Random standard-3 robustness evaluation — Old SID B - SID-only robustness training vs New Mixed B - SID and CIFAKE robustness training,-0.7356879413127899,True,False,false_negative,New Mixed B - SID and CIFAKE robustness training,efficientnet_b0
mixed_sid_cifake_b,9159a9d4ceb7fccd3eee24c3ddf9600c79c8abf1444cb0646b93ac66fd3b5c44,FAKE/img_4940.jpg,FAKE/img_4940.jpg,SID_Set,,FLUX,1,random_standard_3,,43,0.48240920901298523,0,False,1.4195410468715863,SID_Set,2,43,random_standard_3,3,jpeg -> resize -> noise,jpeg(quality=50) -> resize(scale=0.5) -> noise(sigma=0.1),"[{""order"":1,""transform"":""jpeg"",""parameter_name"":""quality"",""parameter_value"":50},{""order"":2,""transform"":""resize"",""parameter_name"":""scale"",""parameter_value"":0.5},{""order"":3,""transform"":""noise"",""parameter_name"":""sigma"",""parameter_value"":0.1}]",True,False,True,True,False,False,0.9115412831306458,1,True,Random standard-3 robustness evaluation — Old SID B - SID-only robustness training vs New Mixed B - SID and CIFAKE robustness training,-0.4291320741176605,True,False,false_negative,New Mixed B - SID and CIFAKE robustness training,efficientnet_b0
old_sid_b,918083148a04149dd2209ae21810aa4279583e57f687b4b63d9300a5aae64d55,REAL/img_1606.jpg,REAL/img_1606.jpg,SID_Set,,FLUX,0,random_standard_3,,44,0.5983149409294128,1,False,1.4341797187498173,SID_Set,3,44,random_standard_3,3,jpeg -> resize -> blur,jpeg(quality=90) -> resize(scale=0.25) -> blur(sigma=2.0),"[{""order"":1,""transform"":""jpeg"",""parameter_name"":""quality"",""parameter_value"":90},{""order"":2,""transform"":""resize"",""parameter_name"":""scale"",""parameter_value"":0.25},{""order"":3,""transform"":""blur"",""parameter_name"":""sigma"",""parameter_value"":2.0}]",True,True,True,False,False,False,0.6543200612068176,1,False,Random standard-3 robustness evaluation — Old SID B - SID-only robustness training vs New Mixed B - SID and CIFAKE robustness training,-0.056005120277404785,False,False,false_positive,Old SID B - SID-only robustness training,efficientnet_b0
old_sid_b,918083148a04149dd2209ae21810aa4279583e57f687b4b63d9300a5aae64d55,FAKE/img_3145.jpg,FAKE/img_3145.jpg,SID_Set,,FLUX,1,random_standard_3,,44,0.013370336033403873,0,False,1.4341797187498173,SID_Set,3,44,random_standard_3,3,jpeg -> noise -> crop,jpeg(quality=30) -> noise(sigma=0.1) -> crop(fraction=0.8),"[{""order"":1,""transform"":""jpeg"",""parameter_name"":""quality"",""parameter_value"":30},{""order"":2,""transform"":""noise"",""parameter_name"":""sigma"",""parameter_value"":0.1},{""order"":3,""transform"":""crop"",""parameter_name"":""fraction"",""parameter_value"":0.8}]",True,False,False,True,False,True,0.9815183281898499,1,True,Random standard-3 robustness evaluation — Old SID B - SID-only robustness training vs New Mixed B - SID and CIFAKE robustness training,-0.968147992156446,True,False,false_negative,Old SID B - SID-only robustness training,efficientnet_b0
old_sid_b,918083148a04149dd2209ae21810aa4279583e57f687b4b63d9300a5aae64d55,FAKE/img_14024.jpg,FAKE/img_14024.jpg,SID_Set,,FLUX,1,random_standard_3,,44,0.484718382358551,0,False,1.4198990468727857,SID_Set,3,44,random_standard_3,3,noise -> crop -> colour,noise(sigma=0.1) -> crop(fraction=0.8) -> colour(strength=-0.2),"[{""order"":1,""transform"":""noise"",""parameter_name"":""sigma"",""parameter_value"":0.1},{""order"":2,""transform"":""crop"",""parameter_name"":""fraction"",""parameter_value"":0.8},{""order"":3,""transform"":""colour"",""parameter_name"":""strength"",""parameter_value"":-0.2}]",False,False,False,True,True,True,0.9993603825569153,1,True,Random standard-3 robustness evaluation — Old SID B - SID-only robustness training vs New Mixed B - SID and CIFAKE robustness training,-0.5146420001983643,True,False,false_negative,Old SID B - SID-only robustness training,efficientnet_b0
old_sid_b,918083148a04149dd2209ae21810aa4279583e57f687b4b63d9300a5aae64d55,FAKE/img_7965.jpg,FAKE/img_7965.jpg,SID_Set,,FLUX,1,random_standard_3,,44,0.11296072602272034,0,False,1.4636709062543218,SID_Set,3,44,random_standard_3,3,crop -> noise -> resize,crop(fraction=0.8) -> noise(sigma=0.05) -> resize(scale=0.25),"[{""order"":1,""transform"":""crop"",""parameter_name"":""fraction"",""parameter_value"":0.8},{""order"":2,""transform"":""noise"",""parameter_name"":""sigma"",""parameter_value"":0.05},{""order"":3,""transform"":""resize"",""parameter_name"":""scale"",""parameter_value"":0.25}]",False,False,True,True,False,True,0.9856573939323425,1,True,Random standard-3 robustness evaluation — Old SID B - SID-only robustness training vs New Mixed B - SID and CIFAKE robustness training,-0.8726966679096222,True,False,false_negative,Old SID B - SID-only robustness training,efficientnet_b0
old_sid_b,918083148a04149dd2209ae21810aa4279583e57f687b4b63d9300a5aae64d55,FAKE/img_5791.jpg,FAKE/img_5791.jpg,SID_Set,,FLUX,1,random_standard_3,,44,0.006495546083897352,0,False,1.4405359374976001,SID_Set,3,44,random_standard_3,3,resize -> blur -> crop,resize(scale=0.5) -> blur(sigma=1.0) -> crop(fraction=0.8),"[{""order"":1,""transform"":""resize"",""parameter_name"":""scale"",""parameter_value"":0.5},{""order"":2,""transform"":""blur"",""parameter_name"":""sigma"",""parameter_value"":1.0},{""order"":3,""transform"":""crop"",""parameter_name"":""fraction"",""parameter_value"":0.8}]",False,True,True,False,False,True,0.0035398853942751884,0,False,Random standard-3 robustness evaluation — Old SID B - SID-only robustness training vs New Mixed B - SID and CIFAKE robustness training,0.0029556606896221638,False,False,false_negative,Old SID B - SID-only robustness training,efficientnet_b0
old_sid_b,918083148a04149dd2209ae21810aa4279583e57f687b4b63d9300a5aae64d55,FAKE/img_10469.jpg,FAKE/img_10469.jpg,SID_Set,,FLUX,1,random_standard_3,,44,0.4094235301017761,0,False,1.4218439375000003,SID_Set,3,44,random_standard_3,3,crop -> blur -> jpeg,crop(fraction=0.8) -> blur(sigma=2.0) -> jpeg(quality=50),"[{""order"":1,""transform"":""crop"",""parameter_name"":""fraction"",""parameter_value"":0.8},{""order"":2,""transform"":""blur"",""parameter_name"":""sigma"",""parameter_value"":2.0},{""order"":3,""transform"":""jpeg"",""parameter_name"":""quality"",""parameter_value"":50}]",True,True,False,False,False,True,0.9983012676239014,1,True,Random standard-3 robustness evaluation — Old SID B - SID-only robustness training vs New Mixed B - SID and CIFAKE robustness training,-0.5888777375221252,True,False,false_negative,Old SID B - SID-only robustness training,efficientnet_b0
old_sid_b,918083148a04149dd2209ae21810aa4279583e57f687b4b63d9300a5aae64d55,FAKE/img_5338.jpg,FAKE/img_5338.jpg,SID_Set,,FLUX,1,random_standard_3,,44,0.2473103255033493,0,False,1.4232881562534772,SID_Set,3,44,random_standard_3,3,jpeg -> blur -> resize,jpeg(quality=90) -> blur(sigma=1.0) -> resize(scale=0.25),"[{""order"":1,""transform"":""jpeg"",""parameter_name"":""quality"",""parameter_value"":90},{""order"":2,""transform"":""blur"",""parameter_name"":""sigma"",""parameter_value"":1.0},{""order"":3,""transform"":""resize"",""parameter_name"":""scale"",""parameter_value"":0.25}]",True,True,True,False,False,False,0.5877166390419006,1,True,Random standard-3 robustness evaluation — Old SID B - SID-only robustness training vs New Mixed B - SID and CIFAKE robustness training,-0.34040631353855133,True,False,false_negative,Old SID B - SID-only robustness training,efficientnet_b0
old_sid_b,918083148a04149dd2209ae21810aa4279583e57f687b4b63d9300a5aae64d55,FAKE/img_9811.jpg,FAKE/img_9811.jpg,SID_Set,,FLUX,1,random_standard_3,,44,0.004020671360194683,0,False,1.4226818593741086,SID_Set,3,44,random_standard_3,3,noise -> jpeg -> crop,noise(sigma=0.1) -> jpeg(quality=30) -> crop(fraction=0.8),"[{""order"":1,""transform"":""noise"",""parameter_name"":""sigma"",""parameter_value"":0.1},{""order"":2,""transform"":""jpeg"",""parameter_name"":""quality"",""parameter_value"":30},{""order"":3,""transform"":""crop"",""parameter_name"":""fraction"",""parameter_value"":0.8}]",True,False,False,True,False,True,0.999517560005188,1,True,Random standard-3 robustness evaluation — Old SID B - SID-only robustness training vs New Mixed B - SID and CIFAKE robustness training,-0.9954968886449933,True,False,false_negative,Old SID B - SID-only robustness training,efficientnet_b0
old_sid_b,918083148a04149dd2209ae21810aa4279583e57f687b4b63d9300a5aae64d55,FAKE/img_304.jpg,FAKE/img_304.jpg,SID_Set,,FLUX,1,random_standard_3,,44,0.045628417283296585,0,False,1.4200090156251122,SID_Set,3,44,random_standard_3,3,resize -> crop -> noise,resize(scale=0.5) -> crop(fraction=0.8) -> noise(sigma=0.1),"[{""order"":1,""transform"":""resize"",""parameter_name"":""scale"",""parameter_value"":0.5},{""order"":2,""transform"":""crop"",""parameter_name"":""fraction"",""parameter_value"":0.8},{""order"":3,""transform"":""noise"",""parameter_name"":""sigma"",""parameter_value"":0.1}]",False,False,True,True,False,True,0.7747717499732971,1,True,Random standard-3 robustness evaluation — Old SID B - SID-only robustness training vs New Mixed B - SID and CIFAKE robustness training,-0.7291433326900005,True,False,false_negative,Old SID B - SID-only robustness training,efficientnet_b0
old_sid_b,918083148a04149dd2209ae21810aa4279583e57f687b4b63d9300a5aae64d55,FAKE/img_10745.jpg,FAKE/img_10745.jpg,SID_Set,,FLUX,1,random_standard_3,,44,0.361870676279068,0,False,1.448207828126158,SID_Set,3,44,random_standard_3,3,blur -> resize -> colour,blur(sigma=2.0) -> resize(scale=0.25) -> colour(strength=0.2),"[{""order"":1,""transform"":""blur"",""parameter_name"":""sigma"",""parameter_value"":2.0},{""order"":2,""transform"":""resize"",""parameter_name"":""scale"",""parameter_value"":0.25},{""order"":3,""transform"":""colour"",""parameter_name"":""strength"",""parameter_value"":0.2}]",False,True,True,False,True,False,0.5851360559463501,1,True,Random standard-3 robustness evaluation — Old SID B - SID-only robustness training vs New Mixed B - SID and CIFAKE robustness training,-0.2232653796672821,True,False,false_negative,Old SID B - SID-only robustness training,efficientnet_b0
old_sid_b,918083148a04149dd2209ae21810aa4279583e57f687b4b63d9300a5aae64d55,FAKE/img_12773.jpg,FAKE/img_12773.jpg,SID_Set,,FLUX,1,random_standard_3,,44,0.06433240324258804,0,False,1.4202620312531167,SID_Set,3,44,random_standard_3,3,crop -> colour -> noise,crop(fraction=0.8) -> colour(strength=-0.2) -> noise(sigma=0.1),"[{""order"":1,""transform"":""crop"",""parameter_name"":""fraction"",""parameter_value"":0.8},{""order"":2,""transform"":""colour"",""parameter_name"":""strength"",""parameter_value"":-0.2},{""order"":3,""transform"":""noise"",""parameter_name"":""sigma"",""parameter_value"":0.1}]",False,False,False,True,True,True,0.9890535473823547,1,True,Random standard-3 robustness evaluation — Old SID B - SID-only robustness training vs New Mixed B - SID and CIFAKE robustness training,-0.9247211441397667,True,False,false_negative,Old SID B - SID-only robustness training,efficientnet_b0
old_sid_b,918083148a04149dd2209ae21810aa4279583e57f687b4b63d9300a5aae64d55,FAKE/img_11275.jpg,FAKE/img_11275.jpg,SID_Set,,FLUX,1,random_standard_3,,44,0.18377408385276794,0,False,1.4202620312531167,SID_Set,3,44,random_standard_3,3,colour -> resize -> crop,colour(strength=0.2) -> resize(scale=0.5) -> crop(fraction=0.8),"[{""order"":1,""transform"":""colour"",""parameter_name"":""strength"",""parameter_value"":0.2},{""order"":2,""transform"":""resize"",""parameter_name"":""scale"",""parameter_value"":0.5},{""order"":3,""transform"":""crop"",""parameter_name"":""fraction"",""parameter_value"":0.8}]",False,False,True,False,True,True,0.9622330069541931,1,True,Random standard-3 robustness evaluation — Old SID B - SID-only robustness training vs New Mixed B - SID and CIFAKE robustness training,-0.7784589231014252,True,False,false_negative,Old SID B - SID-only robustness training,efficientnet_b0
old_sid_b,918083148a04149dd2209ae21810aa4279583e57f687b4b63d9300a5aae64d55,FAKE/img_12184.jpg,FAKE/img_12184.jpg,SID_Set,,FLUX,1,random_standard_3,,44,0.189360111951828,0,False,1.419754234376569,SID_Set,3,44,random_standard_3,3,colour -> crop -> noise,colour(strength=-0.2) -> crop(fraction=0.8) -> noise(sigma=0.1),"[{""order"":1,""transform"":""colour"",""parameter_name"":""strength"",""parameter_value"":-0.2},{""order"":2,""transform"":""crop"",""parameter_name"":""fraction"",""parameter_value"":0.8},{""order"":3,""transform"":""noise"",""parameter_name"":""sigma"",""parameter_value"":0.1}]",False,False,False,True,True,True,0.9961721301078796,1,True,Random standard-3 robustness evaluation — Old SID B - SID-only robustness training vs New Mixed B - SID and CIFAKE robustness training,-0.8068120181560516,True,False,false_negative,Old SID B - SID-only robustness training,efficientnet_b0
old_sid_b,918083148a04149dd2209ae21810aa4279583e57f687b4b63d9300a5aae64d55,FAKE/img_15343.jpg,FAKE/img_15343.jpg,SID_Set,,FLUX,1,random_standard_3,,44,0.38390129804611206,0,False,1.419754234376569,SID_Set,3,44,random_standard_3,3,noise -> blur -> colour,noise(sigma=0.1) -> blur(sigma=2.0) -> colour(strength=-0.2),"[{""order"":1,""transform"":""noise"",""parameter_name"":""sigma"",""parameter_value"":0.1},{""order"":2,""transform"":""blur"",""parameter_name"":""sigma"",""parameter_value"":2.0},{""order"":3,""transform"":""colour"",""parameter_name"":""strength"",""parameter_value"":-0.2}]",False,True,False,True,True,False,0.9977232813835144,1,True,Random standard-3 robustness evaluation — Old SID B - SID-only robustness training vs New Mixed B - SID and CIFAKE robustness training,-0.6138219833374023,True,False,false_negative,Old SID B - SID-only robustness training,efficientnet_b0
old_sid_b,918083148a04149dd2209ae21810aa4279583e57f687b4b63d9300a5aae64d55,FAKE/img_1576.jpg,FAKE/img_1576.jpg,SID_Set,,FLUX,1,random_standard_3,,44,0.005323575809597969,0,False,1.4578286093751558,SID_Set,3,44,random_standard_3,3,jpeg -> resize -> crop,jpeg(quality=70) -> resize(scale=0.25) -> crop(fraction=0.8),"[{""order"":1,""transform"":""jpeg"",""parameter_name"":""quality"",""parameter_value"":70},{""order"":2,""transform"":""resize"",""parameter_name"":""scale"",""parameter_value"":0.25},{""order"":3,""transform"":""crop"",""parameter_name"":""fraction"",""parameter_value"":0.8}]",True,False,True,False,False,True,0.0226239413022995,0,False,Random standard-3 robustness evaluation — Old SID B - SID-only robustness training vs New Mixed B - SID and CIFAKE robustness training,-0.01730036549270153,False,False,false_negative,Old SID B - SID-only robustness training,efficientnet_b0
old_sid_b,918083148a04149dd2209ae21810aa4279583e57f687b4b63d9300a5aae64d55,FAKE/img_1660.jpg,FAKE/img_1660.jpg,SID_Set,,FLUX,1,random_standard_3,,44,0.4750429689884186,0,False,1.4578286093751558,SID_Set,3,44,random_standard_3,3,colour -> blur -> noise,colour(strength=-0.2) -> blur(sigma=0.5) -> noise(sigma=0.02),"[{""order"":1,""transform"":""colour"",""parameter_name"":""strength"",""parameter_value"":-0.2},{""order"":2,""transform"":""blur"",""parameter_name"":""sigma"",""parameter_value"":0.5},{""order"":3,""transform"":""noise"",""parameter_name"":""sigma"",""parameter_value"":0.02}]",False,True,False,True,True,False,0.8495797514915466,1,True,Random standard-3 robustness evaluation — Old SID B - SID-only robustness training vs New Mixed B - SID and CIFAKE robustness training,-0.37453678250312805,True,False,false_negative,Old SID B - SID-only robustness training,efficientnet_b0
old_sid_b,918083148a04149dd2209ae21810aa4279583e57f687b4b63d9300a5aae64d55,FAKE/img_467.jpg,FAKE/img_467.jpg,SID_Set,,FLUX,1,random_standard_3,,44,0.3954113721847534,0,False,1.444816656245962,SID_Set,3,44,random_standard_3,3,jpeg -> colour -> noise,jpeg(quality=30) -> colour(strength=-0.2) -> noise(sigma=0.05),"[{""order"":1,""transform"":""jpeg"",""parameter_name"":""quality"",""parameter_value"":30},{""order"":2,""transform"":""colour"",""parameter_name"":""strength"",""parameter_value"":-0.2},{""order"":3,""transform"":""noise"",""parameter_name"":""sigma"",""parameter_value"":0.05}]",True,False,False,True,True,False,0.9997852444648743,1,True,Random standard-3 robustness evaluation — Old SID B - SID-only robustness training vs New Mixed B - SID and CIFAKE robustness training,-0.6043738722801208,True,False,false_negative,Old SID B - SID-only robustness training,efficientnet_b0
old_sid_b,918083148a04149dd2209ae21810aa4279583e57f687b4b63d9300a5aae64d55,REAL/img_10836.jpg,REAL/img_10836.jpg,SID_Set,,FLUX,0,random_standard_3,,44,0.8739281892776489,1,False,1.444816656245962,SID_Set,3,44,random_standard_3,3,colour -> noise -> resize,colour(strength=-0.2) -> noise(sigma=0.1) -> resize(scale=0.5),"[{""order"":1,""transform"":""colour"",""parameter_name"":""strength"",""parameter_value"":-0.2},{""order"":2,""transform"":""noise"",""parameter_name"":""sigma"",""parameter_value"":0.1},{""order"":3,""transform"":""resize"",""parameter_name"":""scale"",""parameter_value"":0.5}]",False,False,True,True,True,False,0.03565986081957817,0,True,Random standard-3 robustness evaluation — Old SID B - SID-only robustness training vs New Mixed B - SID and CIFAKE robustness training,0.8382683284580708,True,False,false_positive,Old SID B - SID-only robustness training,efficientnet_b0
old_sid_b,918083148a04149dd2209ae21810aa4279583e57f687b4b63d9300a5aae64d55,FAKE/img_6882.jpg,FAKE/img_6882.jpg,SID_Set,,FLUX,1,random_standard_3,,44,0.28959304094314575,0,False,1.4326109218743,SID_Set,3,44,random_standard_3,3,resize -> colour -> noise,resize(scale=0.25) -> colour(strength=0.2) -> noise(sigma=0.1),"[{""order"":1,""transform"":""resize"",""parameter_name"":""scale"",""parameter_value"":0.25},{""order"":2,""transform"":""colour"",""parameter_name"":""strength"",""parameter_value"":0.2},{""order"":3,""transform"":""noise"",""parameter_name"":""sigma"",""parameter_value"":0.1}]",False,False,True,True,True,False,0.9994730353355408,1,True,Random standard-3 robustness evaluation — Old SID B - SID-only robustness training vs New Mixed B - SID and CIFAKE robustness training,-0.709879994392395,True,False,false_negative,Old SID B - SID-only robustness training,efficientnet_b0
old_sid_b,918083148a04149dd2209ae21810aa4279583e57f687b4b63d9300a5aae64d55,FAKE/img_9867.jpg,FAKE/img_9867.jpg,SID_Set,,FLUX,1,random_standard_3,,44,0.03273557871580124,0,False,1.4310923281257715,SID_Set,3,44,random_standard_3,3,noise -> blur -> jpeg,noise(sigma=0.1) -> blur(sigma=0.5) -> jpeg(quality=30),"[{""order"":1,""transform"":""noise"",""parameter_name"":""sigma"",""parameter_value"":0.1},{""order"":2,""transform"":""blur"",""parameter_name"":""sigma"",""parameter_value"":0.5},{""order"":3,""transform"":""jpeg"",""parameter_name"":""quality"",""parameter_value"":30}]",True,True,False,True,False,False,0.9814841747283936,1,True,Random standard-3 robustness evaluation — Old SID B - SID-only robustness training vs New Mixed B - SID and CIFAKE robustness training,-0.9487485960125923,True,False,false_negative,Old SID B - SID-only robustness training,efficientnet_b0
old_sid_b,918083148a04149dd2209ae21810aa4279583e57f687b4b63d9300a5aae64d55,FAKE/img_39.jpg,FAKE/img_39.jpg,SID_Set,,FLUX,1,random_standard_3,,44,0.27653396129608154,0,False,1.4310923281257715,SID_Set,3,44,random_standard_3,3,crop -> colour -> blur,crop(fraction=0.8) -> colour(strength=0.2) -> blur(sigma=1.0),"[{""order"":1,""transform"":""crop"",""parameter_name"":""fraction"",""parameter_value"":0.8},{""order"":2,""transform"":""colour"",""parameter_name"":""strength"",""parameter_value"":0.2},{""order"":3,""transform"":""blur"",""parameter_name"":""sigma"",""parameter_value"":1.0}]",False,True,False,False,True,True,0.9981423616409302,1,True,Random standard-3 robustness evaluation — Old SID B - SID-only robustness training vs New Mixed B - SID and CIFAKE robustness training,-0.7216084003448486,True,False,false_negative,Old SID B - SID-only robustness training,efficientnet_b0
old_sid_b,918083148a04149dd2209ae21810aa4279583e57f687b4b63d9300a5aae64d55,FAKE/img_6546.jpg,FAKE/img_6546.jpg,SID_Set,,FLUX,1,random_standard_3,,44,0.22984351217746735,0,False,1.4195934531215926,SID_Set,3,44,random_standard_3,3,noise -> crop -> resize,noise(sigma=0.1) -> crop(fraction=0.8) -> resize(scale=0.5),"[{""order"":1,""transform"":""noise"",""parameter_name"":""sigma"",""parameter_value"":0.1},{""order"":2,""transform"":""crop"",""parameter_name"":""fraction"",""parameter_value"":0.8},{""order"":3,""transform"":""resize"",""parameter_name"":""scale"",""parameter_value"":0.5}]",False,False,True,True,False,True,0.986919105052948,1,True,Random standard-3 robustness evaluation — Old SID B - SID-only robustness training vs New Mixed B - SID and CIFAKE robustness training,-0.7570755928754807,True,False,false_negative,Old SID B - SID-only robustness training,efficientnet_b0
old_sid_b,918083148a04149dd2209ae21810aa4279583e57f687b4b63d9300a5aae64d55,FAKE/img_11042.jpg,FAKE/img_11042.jpg,SID_Set,,FLUX,1,random_standard_3,,44,0.255515992641449,0,False,1.4197700937472746,SID_Set,3,44,random_standard_3,3,noise -> blur -> crop,noise(sigma=0.05) -> blur(sigma=2.0) -> crop(fraction=0.8),"[{""order"":1,""transform"":""noise"",""parameter_name"":""sigma"",""parameter_value"":0.05},{""order"":2,""transform"":""blur"",""parameter_name"":""sigma"",""parameter_value"":2.0},{""order"":3,""transform"":""crop"",""parameter_name"":""fraction"",""parameter_value"":0.8}]",False,True,False,True,False,True,0.9793800115585327,1,True,Random standard-3 robustness evaluation — Old SID B - SID-only robustness training vs New Mixed B - SID and CIFAKE robustness training,-0.7238640189170837,True,False,false_negative,Old SID B - SID-only robustness training,efficientnet_b0
old_sid_b,918083148a04149dd2209ae21810aa4279583e57f687b4b63d9300a5aae64d55,FAKE/img_9999.jpg,FAKE/img_9999.jpg,SID_Set,,FLUX,1,random_standard_3,,44,0.2162918597459793,0,False,1.4195873437472528,SID_Set,3,44,random_standard_3,3,colour -> noise -> resize,colour(strength=-0.2) -> noise(sigma=0.1) -> resize(scale=0.5),"[{""order"":1,""transform"":""colour"",""parameter_name"":""strength"",""parameter_value"":-0.2},{""order"":2,""transform"":""noise"",""parameter_name"":""sigma"",""parameter_value"":0.1},{""order"":3,""transform"":""resize"",""parameter_name"":""scale"",""parameter_value"":0.5}]",False,False,True,True,True,False,0.9991796612739563,1,True,Random standard-3 robustness evaluation — Old SID B - SID-only robustness training vs New Mixed B - SID and CIFAKE robustness training,-0.782887801527977,True,False,false_negative,Old SID B - SID-only robustness training,efficientnet_b0
old_sid_b,918083148a04149dd2209ae21810aa4279583e57f687b4b63d9300a5aae64d55,FAKE/img_8478.jpg,FAKE/img_8478.jpg,SID_Set,,FLUX,1,random_standard_3,,44,0.40242907404899597,0,False,1.4195346718750557,SID_Set,3,44,random_standard_3,3,jpeg -> noise -> colour,jpeg(quality=70) -> noise(sigma=0.1) -> colour(strength=0.2),"[{""order"":1,""transform"":""jpeg"",""parameter_name"":""quality"",""parameter_value"":70},{""order"":2,""transform"":""noise"",""parameter_name"":""sigma"",""parameter_value"":0.1},{""order"":3,""transform"":""colour"",""parameter_name"":""strength"",""parameter_value"":0.2}]",True,False,False,True,True,False,0.9996296167373657,1,True,Random standard-3 robustness evaluation — Old SID B - SID-only robustness training vs New Mixed B - SID and CIFAKE robustness training,-0.5972005426883698,True,False,false_negative,Old SID B - SID-only robustness training,efficientnet_b0
old_sid_b,918083148a04149dd2209ae21810aa4279583e57f687b4b63d9300a5aae64d55,FAKE/img_1615.jpg,FAKE/img_1615.jpg,SID_Set,,FLUX,1,random_standard_3,,44,0.37778374552726746,0,False,1.4649586093753442,SID_Set,3,44,random_standard_3,3,noise -> crop -> blur,noise(sigma=0.02) -> crop(fraction=0.8) -> blur(sigma=2.0),"[{""order"":1,""transform"":""noise"",""parameter_name"":""sigma"",""parameter_value"":0.02},{""order"":2,""transform"":""crop"",""parameter_name"":""fraction"",""parameter_value"":0.8},{""order"":3,""transform"":""blur"",""parameter_name"":""sigma"",""parameter_value"":2.0}]",False,True,False,True,False,True,0.8247297406196594,1,True,Random standard-3 robustness evaluation — Old SID B - SID-only robustness training vs New Mixed B - SID and CIFAKE robustness training,-0.44694599509239197,True,False,false_negative,Old SID B - SID-only robustness training,efficientnet_b0
old_sid_b,918083148a04149dd2209ae21810aa4279583e57f687b4b63d9300a5aae64d55,FAKE/img_13658.jpg,FAKE/img_13658.jpg,SID_Set,,FLUX,1,random_standard_3,,44,0.4272845685482025,0,False,1.4649586093753442,SID_Set,3,44,random_standard_3,3,colour -> noise -> resize,colour(strength=0.2) -> noise(sigma=0.05) -> resize(scale=0.25),"[{""order"":1,""transform"":""colour"",""parameter_name"":""strength"",""parameter_value"":0.2},{""order"":2,""transform"":""noise"",""parameter_name"":""sigma"",""parameter_value"":0.05},{""order"":3,""transform"":""resize"",""parameter_name"":""scale"",""parameter_value"":0.25}]",False,False,True,True,True,False,0.9983018636703491,1,True,Random standard-3 robustness evaluation — Old SID B - SID-only robustness training vs New Mixed B - SID and CIFAKE robustness training,-0.5710172951221466,True,False,false_negative,Old SID B - SID-only robustness training,efficientnet_b0
old_sid_b,918083148a04149dd2209ae21810aa4279583e57f687b4b63d9300a5aae64d55,FAKE/img_16180.jpg,FAKE/img_16180.jpg,SID_Set,,FLUX,1,random_standard_3,,44,0.00806933082640171,0,False,1.3101480781259056,SID_Set,3,44,random_standard_3,3,noise -> resize -> colour,noise(sigma=0.05) -> resize(scale=0.5) -> colour(strength=-0.2),"[{""order"":1,""transform"":""noise"",""parameter_name"":""sigma"",""parameter_value"":0.05},{""order"":2,""transform"":""resize"",""parameter_name"":""scale"",""parameter_value"":0.5},{""order"":3,""transform"":""colour"",""parameter_name"":""strength"",""parameter_value"":-0.2}]",False,False,True,True,True,False,0.8345484137535095,1,True,Random standard-3 robustness evaluation — Old SID B - SID-only robustness training vs New Mixed B - SID and CIFAKE robustness training,-0.8264790829271078,True,False,false_negative,Old SID B - SID-only robustness training,efficientnet_b0
old_sid_b,918083148a04149dd2209ae21810aa4279583e57f687b4b63d9300a5aae64d55,FAKE/img_7563.jpg,FAKE/img_7563.jpg,SID_Set,,FLUX,1,random_standard_3,,44,0.2508915364742279,0,False,1.4212760000020808,SID_Set,3,44,random_standard_3,3,noise -> blur -> resize,noise(sigma=0.1) -> blur(sigma=2.0) -> resize(scale=0.25),"[{""order"":1,""transform"":""noise"",""parameter_name"":""sigma"",""parameter_value"":0.1},{""order"":2,""transform"":""blur"",""parameter_name"":""sigma"",""parameter_value"":2.0},{""order"":3,""transform"":""resize"",""parameter_name"":""scale"",""parameter_value"":0.25}]",False,True,True,True,False,False,0.9750075340270996,1,True,Random standard-3 robustness evaluation — Old SID B - SID-only robustness training vs New Mixed B - SID and CIFAKE robustness training,-0.7241159975528717,True,False,false_negative,Old SID B - SID-only robustness training,efficientnet_b0
old_sid_b,918083148a04149dd2209ae21810aa4279583e57f687b4b63d9300a5aae64d55,FAKE/img_6234.jpg,FAKE/img_6234.jpg,SID_Set,,FLUX,1,random_standard_3,,44,0.4865047037601471,0,False,1.3814206093769599,SID_Set,3,44,random_standard_3,3,noise -> colour -> resize,noise(sigma=0.05) -> colour(strength=0.2) -> resize(scale=0.25),"[{""order"":1,""transform"":""noise"",""parameter_name"":""sigma"",""parameter_value"":0.05},{""order"":2,""transform"":""colour"",""parameter_name"":""strength"",""parameter_value"":0.2},{""order"":3,""transform"":""resize"",""parameter_name"":""scale"",""parameter_value"":0.25}]",False,False,True,True,True,False,0.9999995231628418,1,True,Random standard-3 robustness evaluation — Old SID B - SID-only robustness training vs New Mixed B - SID and CIFAKE robustness training,-0.5134948194026947,True,False,false_negative,Old SID B - SID-only robustness training,efficientnet_b0
old_sid_b,918083148a04149dd2209ae21810aa4279583e57f687b4b63d9300a5aae64d55,FAKE/img_10659.jpg,FAKE/img_10659.jpg,SID_Set,,FLUX,1,random_standard_3,,44,0.18123759329319,0,False,1.427398000004132,SID_Set,3,44,random_standard_3,3,colour -> jpeg -> crop,colour(strength=0.2) -> jpeg(quality=70) -> crop(fraction=0.8),"[{""order"":1,""transform"":""colour"",""parameter_name"":""strength"",""parameter_value"":0.2},{""order"":2,""transform"":""jpeg"",""parameter_name"":""quality"",""parameter_value"":70},{""order"":3,""transform"":""crop"",""parameter_name"":""fraction"",""parameter_value"":0.8}]",True,False,False,False,True,True,0.9987585544586182,1,True,Random standard-3 robustness evaluation — Old SID B - SID-only robustness training vs New Mixed B - SID and CIFAKE robustness training,-0.8175209611654282,True,False,false_negative,Old SID B - SID-only robustness training,efficientnet_b0
old_sid_b,918083148a04149dd2209ae21810aa4279583e57f687b4b63d9300a5aae64d55,REAL/img_16316.jpg,REAL/img_16316.jpg,SID_Set,,FLUX,0,random_standard_3,,44,0.5155056715011597,1,False,1.4198804687453048,SID_Set,3,44,random_standard_3,3,noise -> colour -> jpeg,noise(sigma=0.02) -> colour(strength=-0.2) -> jpeg(quality=70),"[{""order"":1,""transform"":""noise"",""parameter_name"":""sigma"",""parameter_value"":0.02},{""order"":2,""transform"":""colour"",""parameter_name"":""strength"",""parameter_value"":-0.2},{""order"":3,""transform"":""jpeg"",""parameter_name"":""quality"",""parameter_value"":70}]",True,False,False,True,True,False,0.6083470582962036,1,False,Random standard-3 robustness evaluation — Old SID B - SID-only robustness training vs New Mixed B - SID and CIFAKE robustness training,-0.09284138679504395,False,False,false_positive,Old SID B - SID-only robustness training,efficientnet_b0
old_sid_b,918083148a04149dd2209ae21810aa4279583e57f687b4b63d9300a5aae64d55,FAKE/img_11867.jpg,FAKE/img_11867.jpg,SID_Set,,FLUX,1,random_standard_3,,44,0.2268679141998291,0,False,1.4247672499934083,SID_Set,3,44,random_standard_3,3,blur -> crop -> colour,blur(sigma=2.0) -> crop(fraction=0.8) -> colour(strength=-0.2),"[{""order"":1,""transform"":""blur"",""parameter_name"":""sigma"",""parameter_value"":2.0},{""order"":2,""transform"":""crop"",""parameter_name"":""fraction"",""parameter_value"":0.8},{""order"":3,""transform"":""colour"",""parameter_name"":""strength"",""parameter_value"":-0.2}]",False,True,False,False,True,True,0.9282142519950867,1,True,Random standard-3 robustness evaluation — Old SID B - SID-only robustness training vs New Mixed B - SID and CIFAKE robustness training,-0.7013463377952576,True,False,false_negative,Old SID B - SID-only robustness training,efficientnet_b0
old_sid_b,918083148a04149dd2209ae21810aa4279583e57f687b4b63d9300a5aae64d55,FAKE/img_12605.jpg,FAKE/img_12605.jpg,SID_Set,,FLUX,1,random_standard_3,,44,0.3305649161338806,0,False,1.4198164687471149,SID_Set,3,44,random_standard_3,3,colour -> resize -> jpeg,colour(strength=0.2) -> resize(scale=0.5) -> jpeg(quality=50),"[{""order"":1,""transform"":""colour"",""parameter_name"":""strength"",""parameter_value"":0.2},{""order"":2,""transform"":""resize"",""parameter_name"":""scale"",""parameter_value"":0.5},{""order"":3,""transform"":""jpeg"",""parameter_name"":""quality"",""parameter_value"":50}]",True,False,True,False,True,False,0.9811479449272156,1,True,Random standard-3 robustness evaluation — Old SID B - SID-only robustness training vs New Mixed B - SID and CIFAKE robustness training,-0.650583028793335,True,False,false_negative,Old SID B - SID-only robustness training,efficientnet_b0
old_sid_b,918083148a04149dd2209ae21810aa4279583e57f687b4b63d9300a5aae64d55,FAKE/img_15255.jpg,FAKE/img_15255.jpg,SID_Set,,FLUX,1,random_standard_3,,44,0.45909878611564636,0,False,1.4198164687471149,SID_Set,3,44,random_standard_3,3,noise -> blur -> crop,noise(sigma=0.1) -> blur(sigma=2.0) -> crop(fraction=0.8),"[{""order"":1,""transform"":""noise"",""parameter_name"":""sigma"",""parameter_value"":0.1},{""order"":2,""transform"":""blur"",""parameter_name"":""sigma"",""parameter_value"":2.0},{""order"":3,""transform"":""crop"",""parameter_name"":""fraction"",""parameter_value"":0.8}]",False,True,False,True,False,True,0.9996674060821533,1,True,Random standard-3 robustness evaluation — Old SID B - SID-only robustness training vs New Mixed B - SID and CIFAKE robustness training,-0.540568619966507,True,False,false_negative,Old SID B - SID-only robustness training,efficientnet_b0
old_sid_b,918083148a04149dd2209ae21810aa4279583e57f687b4b63d9300a5aae64d55,FAKE/img_7227.jpg,FAKE/img_7227.jpg,SID_Set,,FLUX,1,random_standard_3,,44,0.14524754881858826,0,False,1.4219913124975392,SID_Set,3,44,random_standard_3,3,blur -> resize -> noise,blur(sigma=0.5) -> resize(scale=0.5) -> noise(sigma=0.1),"[{""order"":1,""transform"":""blur"",""parameter_name"":""sigma"",""parameter_value"":0.5},{""order"":2,""transform"":""resize"",""parameter_name"":""scale"",""parameter_value"":0.5},{""order"":3,""transform"":""noise"",""parameter_name"":""sigma"",""parameter_value"":0.1}]",False,True,True,True,False,False,0.8411197662353516,1,True,Random standard-3 robustness evaluation — Old SID B - SID-only robustness training vs New Mixed B - SID and CIFAKE robustness training,-0.6958722174167633,True,False,false_negative,Old SID B - SID-only robustness training,efficientnet_b0
old_sid_b,918083148a04149dd2209ae21810aa4279583e57f687b4b63d9300a5aae64d55,FAKE/img_2287.jpg,FAKE/img_2287.jpg,SID_Set,,FLUX,1,random_standard_3,,44,0.48536577820777893,0,False,1.4219913124975392,SID_Set,3,44,random_standard_3,3,crop -> jpeg -> colour,crop(fraction=0.8) -> jpeg(quality=50) -> colour(strength=0.2),"[{""order"":1,""transform"":""crop"",""parameter_name"":""fraction"",""parameter_value"":0.8},{""order"":2,""transform"":""jpeg"",""parameter_name"":""quality"",""parameter_value"":50},{""order"":3,""transform"":""colour"",""parameter_name"":""strength"",""parameter_value"":0.2}]",True,False,False,False,True,True,0.9833070039749146,1,True,Random standard-3 robustness evaluation — Old SID B - SID-only robustness training vs New Mixed B - SID and CIFAKE robustness training,-0.4979412257671356,True,False,false_negative,Old SID B - SID-only robustness training,efficientnet_b0
old_sid_b,918083148a04149dd2209ae21810aa4279583e57f687b4b63d9300a5aae64d55,FAKE/img_6940.jpg,FAKE/img_6940.jpg,SID_Set,,FLUX,1,random_standard_3,,44,0.24881616234779358,0,False,1.421111812504705,SID_Set,3,44,random_standard_3,3,noise -> blur -> jpeg,noise(sigma=0.1) -> blur(sigma=1.0) -> jpeg(quality=30),"[{""order"":1,""transform"":""noise"",""parameter_name"":""sigma"",""parameter_value"":0.1},{""order"":2,""transform"":""blur"",""parameter_name"":""sigma"",""parameter_value"":1.0},{""order"":3,""transform"":""jpeg"",""parameter_name"":""quality"",""parameter_value"":30}]",True,True,False,True,False,False,0.9128881096839905,1,True,Random standard-3 robustness evaluation — Old SID B - SID-only robustness training vs New Mixed B - SID and CIFAKE robustness training,-0.6640719473361969,True,False,false_negative,Old SID B - SID-only robustness training,efficientnet_b0
old_sid_b,918083148a04149dd2209ae21810aa4279583e57f687b4b63d9300a5aae64d55,FAKE/img_12025.jpg,FAKE/img_12025.jpg,SID_Set,,FLUX,1,random_standard_3,,44,0.21799831092357635,0,False,1.4352620468756072,SID_Set,3,44,random_standard_3,3,colour -> crop -> noise,colour(strength=0.2) -> crop(fraction=0.8) -> noise(sigma=0.02),"[{""order"":1,""transform"":""colour"",""parameter_name"":""strength"",""parameter_value"":0.2},{""order"":2,""transform"":""crop"",""parameter_name"":""fraction"",""parameter_value"":0.8},{""order"":3,""transform"":""noise"",""parameter_name"":""sigma"",""parameter_value"":0.02}]",False,False,False,True,True,True,0.9996434450149536,1,True,Random standard-3 robustness evaluation — Old SID B - SID-only robustness training vs New Mixed B - SID and CIFAKE robustness training,-0.7816451340913773,True,False,false_negative,Old SID B - SID-only robustness training,efficientnet_b0
old_sid_b,918083148a04149dd2209ae21810aa4279583e57f687b4b63d9300a5aae64d55,FAKE/img_10170.jpg,FAKE/img_10170.jpg,SID_Set,,FLUX,1,random_standard_3,,44,0.25443631410598755,0,False,1.4524346406261657,SID_Set,3,44,random_standard_3,3,blur -> jpeg -> colour,blur(sigma=2.0) -> jpeg(quality=30) -> colour(strength=-0.2),"[{""order"":1,""transform"":""blur"",""parameter_name"":""sigma"",""parameter_value"":2.0},{""order"":2,""transform"":""jpeg"",""parameter_name"":""quality"",""parameter_value"":30},{""order"":3,""transform"":""colour"",""parameter_name"":""strength"",""parameter_value"":-0.2}]",True,True,False,False,True,False,0.9987583160400391,1,True,Random standard-3 robustness evaluation — Old SID B - SID-only robustness training vs New Mixed B - SID and CIFAKE robustness training,-0.7443220019340515,True,False,false_negative,Old SID B - SID-only robustness training,efficientnet_b0
old_sid_b,918083148a04149dd2209ae21810aa4279583e57f687b4b63d9300a5aae64d55,FAKE/img_6467.jpg,FAKE/img_6467.jpg,SID_Set,,FLUX,1,random_standard_3,,44,0.4173124432563782,0,False,1.45265240624326,SID_Set,3,44,random_standard_3,3,noise -> resize -> crop,noise(sigma=0.1) -> resize(scale=0.25) -> crop(fraction=0.8),"[{""order"":1,""transform"":""noise"",""parameter_name"":""sigma"",""parameter_value"":0.1},{""order"":2,""transform"":""resize"",""parameter_name"":""scale"",""parameter_value"":0.25},{""order"":3,""transform"":""crop"",""parameter_name"":""fraction"",""parameter_value"":0.8}]",False,False,True,True,False,True,0.999990701675415,1,True,Random standard-3 robustness evaluation — Old SID B - SID-only robustness training vs New Mixed B - SID and CIFAKE robustness training,-0.5826782584190369,True,False,false_negative,Old SID B - SID-only robustness training,efficientnet_b0
old_sid_b,918083148a04149dd2209ae21810aa4279583e57f687b4b63d9300a5aae64d55,FAKE/img_14799.jpg,FAKE/img_14799.jpg,SID_Set,,FLUX,1,random_standard_3,,44,0.42135539650917053,0,False,1.4392741875042248,SID_Set,3,44,random_standard_3,3,noise -> crop -> colour,noise(sigma=0.1) -> crop(fraction=0.8) -> colour(strength=0.2),"[{""order"":1,""transform"":""noise"",""parameter_name"":""sigma"",""parameter_value"":0.1},{""order"":2,""transform"":""crop"",""parameter_name"":""fraction"",""parameter_value"":0.8},{""order"":3,""transform"":""colour"",""parameter_name"":""strength"",""parameter_value"":0.2}]",False,False,False,True,True,True,0.8943628072738647,1,True,Random standard-3 robustness evaluation — Old SID B - SID-only robustness training vs New Mixed B - SID and CIFAKE robustness training,-0.4730074107646942,True,False,false_negative,Old SID B - SID-only robustness training,efficientnet_b0
old_sid_b,918083148a04149dd2209ae21810aa4279583e57f687b4b63d9300a5aae64d55,FAKE/img_479.jpg,FAKE/img_479.jpg,SID_Set,,FLUX,1,random_standard_3,,44,0.38754838705062866,0,False,1.4392741875042248,SID_Set,3,44,random_standard_3,3,resize -> blur -> noise,resize(scale=0.5) -> blur(sigma=0.5) -> noise(sigma=0.05),"[{""order"":1,""transform"":""resize"",""parameter_name"":""scale"",""parameter_value"":0.5},{""order"":2,""transform"":""blur"",""parameter_name"":""sigma"",""parameter_value"":0.5},{""order"":3,""transform"":""noise"",""parameter_name"":""sigma"",""parameter_value"":0.05}]",False,True,True,True,False,False,0.7612101435661316,1,True,Random standard-3 robustness evaluation — Old SID B - SID-only robustness training vs New Mixed B - SID and CIFAKE robustness training,-0.37366175651550293,True,False,false_negative,Old SID B - SID-only robustness training,efficientnet_b0
old_sid_b,918083148a04149dd2209ae21810aa4279583e57f687b4b63d9300a5aae64d55,FAKE/img_15634.jpg,FAKE/img_15634.jpg,SID_Set,,FLUX,1,random_standard_3,,44,0.32818853855133057,0,False,1.422736093751098,SID_Set,3,44,random_standard_3,3,colour -> jpeg -> crop,colour(strength=0.2) -> jpeg(quality=50) -> crop(fraction=0.8),"[{""order"":1,""transform"":""colour"",""parameter_name"":""strength"",""parameter_value"":0.2},{""order"":2,""transform"":""jpeg"",""parameter_name"":""quality"",""parameter_value"":50},{""order"":3,""transform"":""crop"",""parameter_name"":""fraction"",""parameter_value"":0.8}]",True,False,False,False,True,True,0.9210885763168335,1,True,Random standard-3 robustness evaluation — Old SID B - SID-only robustness training vs New Mixed B - SID and CIFAKE robustness training,-0.5929000377655029,True,False,false_negative,Old SID B - SID-only robustness training,efficientnet_b0
old_sid_b,918083148a04149dd2209ae21810aa4279583e57f687b4b63d9300a5aae64d55,FAKE/img_2562.jpg,FAKE/img_2562.jpg,SID_Set,,FLUX,1,random_standard_3,,44,0.24545028805732727,0,False,1.4212367343802157,SID_Set,3,44,random_standard_3,3,noise -> crop -> resize,noise(sigma=0.1) -> crop(fraction=0.8) -> resize(scale=0.5),"[{""order"":1,""transform"":""noise"",""parameter_name"":""sigma"",""parameter_value"":0.1},{""order"":2,""transform"":""crop"",""parameter_name"":""fraction"",""parameter_value"":0.8},{""order"":3,""transform"":""resize"",""parameter_name"":""scale"",""parameter_value"":0.5}]",False,False,True,True,False,True,0.9992741942405701,1,True,Random standard-3 robustness evaluation — Old SID B - SID-only robustness training vs New Mixed B - SID and CIFAKE robustness training,-0.7538239061832428,True,False,false_negative,Old SID B - SID-only robustness training,efficientnet_b0
old_sid_b,918083148a04149dd2209ae21810aa4279583e57f687b4b63d9300a5aae64d55,FAKE/img_9000.jpg,FAKE/img_9000.jpg,SID_Set,,FLUX,1,random_standard_3,,44,0.49518224596977234,0,False,1.4212367343802157,SID_Set,3,44,random_standard_3,3,blur -> colour -> crop,blur(sigma=1.0) -> colour(strength=0.2) -> crop(fraction=0.8),"[{""order"":1,""transform"":""blur"",""parameter_name"":""sigma"",""parameter_value"":1.0},{""order"":2,""transform"":""colour"",""parameter_name"":""strength"",""parameter_value"":0.2},{""order"":3,""transform"":""crop"",""parameter_name"":""fraction"",""parameter_value"":0.8}]",False,True,False,False,True,True,0.9930650591850281,1,True,Random standard-3 robustness evaluation — Old SID B - SID-only robustness training vs New Mixed B - SID and CIFAKE robustness training,-0.49788281321525574,True,False,false_negative,Old SID B - SID-only robustness training,efficientnet_b0
old_sid_b,918083148a04149dd2209ae21810aa4279583e57f687b4b63d9300a5aae64d55,FAKE/img_2715.jpg,FAKE/img_2715.jpg,SID_Set,,FLUX,1,random_standard_3,,44,0.22206830978393555,0,False,1.4220320156255184,SID_Set,3,44,random_standard_3,3,noise -> jpeg -> blur,noise(sigma=0.02) -> jpeg(quality=30) -> blur(sigma=1.0),"[{""order"":1,""transform"":""noise"",""parameter_name"":""sigma"",""parameter_value"":0.02},{""order"":2,""transform"":""jpeg"",""parameter_name"":""quality"",""parameter_value"":30},{""order"":3,""transform"":""blur"",""parameter_name"":""sigma"",""parameter_value"":1.0}]",True,True,False,True,False,False,0.9931715726852417,1,True,Random standard-3 robustness evaluation — Old SID B - SID-only robustness training vs New Mixed B - SID and CIFAKE robustness training,-0.7711032629013062,True,False,false_negative,Old SID B - SID-only robustness training,efficientnet_b0
old_sid_b,918083148a04149dd2209ae21810aa4279583e57f687b4b63d9300a5aae64d55,FAKE/img_8821.jpg,FAKE/img_8821.jpg,SID_Set,,FLUX,1,random_standard_3,,44,0.3495029807090759,0,False,1.432277015624095,SID_Set,3,44,random_standard_3,3,colour -> blur -> crop,colour(strength=-0.2) -> blur(sigma=1.0) -> crop(fraction=0.8),"[{""order"":1,""transform"":""colour"",""parameter_name"":""strength"",""parameter_value"":-0.2},{""order"":2,""transform"":""blur"",""parameter_name"":""sigma"",""parameter_value"":1.0},{""order"":3,""transform"":""crop"",""parameter_name"":""fraction"",""parameter_value"":0.8}]",False,True,False,False,True,True,0.9700202345848083,1,True,Random standard-3 robustness evaluation — Old SID B - SID-only robustness training vs New Mixed B - SID and CIFAKE robustness training,-0.6205172538757324,True,False,false_negative,Old SID B - SID-only robustness training,efficientnet_b0
old_sid_b,918083148a04149dd2209ae21810aa4279583e57f687b4b63d9300a5aae64d55,FAKE/img_3468.jpg,FAKE/img_3468.jpg,SID_Set,,FLUX,1,random_standard_3,,44,0.147225022315979,0,False,1.4597700468783614,SID_Set,3,44,random_standard_3,3,jpeg -> colour -> crop,jpeg(quality=90) -> colour(strength=0.2) -> crop(fraction=0.8),"[{""order"":1,""transform"":""jpeg"",""parameter_name"":""quality"",""parameter_value"":90},{""order"":2,""transform"":""colour"",""parameter_name"":""strength"",""parameter_value"":0.2},{""order"":3,""transform"":""crop"",""parameter_name"":""fraction"",""parameter_value"":0.8}]",True,False,False,False,True,True,0.9958237409591675,1,True,Random standard-3 robustness evaluation — Old SID B - SID-only robustness training vs New Mixed B - SID and CIFAKE robustness training,-0.8485987186431885,True,False,false_negative,Old SID B - SID-only robustness training,efficientnet_b0
old_sid_b,918083148a04149dd2209ae21810aa4279583e57f687b4b63d9300a5aae64d55,REAL/img_6748.jpg,REAL/img_6748.jpg,SID_Set,,FLUX,0,random_standard_3,,44,0.6260036826133728,1,False,1.4194090000003712,SID_Set,3,44,random_standard_3,3,blur -> resize -> noise,blur(sigma=0.5) -> resize(scale=0.25) -> noise(sigma=0.02),"[{""order"":1,""transform"":""blur"",""parameter_name"":""sigma"",""parameter_value"":0.5},{""order"":2,""transform"":""resize"",""parameter_name"":""scale"",""parameter_value"":0.25},{""order"":3,""transform"":""noise"",""parameter_name"":""sigma"",""parameter_value"":0.02}]",False,True,True,True,False,False,0.11551930755376816,0,True,Random standard-3 robustness evaluation — Old SID B - SID-only robustness training vs New Mixed B - SID and CIFAKE robustness training,0.5104843750596046,True,False,false_positive,Old SID B - SID-only robustness training,efficientnet_b0
mixed_sid_cifake_b,9159a9d4ceb7fccd3eee24c3ddf9600c79c8abf1444cb0646b93ac66fd3b5c44,FAKE/img_13780.jpg,FAKE/img_13780.jpg,SID_Set,,FLUX,1,random_standard_3,,44,0.08727531880140305,0,False,1.434240156250155,SID_Set,3,44,random_standard_3,3,jpeg -> crop -> colour,jpeg(quality=90) -> crop(fraction=0.8) -> colour(strength=-0.2),"[{""order"":1,""transform"":""jpeg"",""parameter_name"":""quality"",""parameter_value"":90},{""order"":2,""transform"":""crop"",""parameter_name"":""fraction"",""parameter_value"":0.8},{""order"":3,""transform"":""colour"",""parameter_name"":""strength"",""parameter_value"":-0.2}]",True,False,False,False,True,True,0.14670106768608093,0,False,Random standard-3 robustness evaluation — Old SID B - SID-only robustness training vs New Mixed B - SID and CIFAKE robustness training,-0.05942574888467789,False,False,false_negative,New Mixed B - SID and CIFAKE robustness training,efficientnet_b0
mixed_sid_cifake_b,9159a9d4ceb7fccd3eee24c3ddf9600c79c8abf1444cb0646b93ac66fd3b5c44,REAL/img_9709.jpg,REAL/img_9709.jpg,SID_Set,,FLUX,0,random_standard_3,,44,0.7066439390182495,1,False,1.4237732499964295,SID_Set,3,44,random_standard_3,3,noise -> blur -> resize,noise(sigma=0.02) -> blur(sigma=2.0) -> resize(scale=0.5),"[{""order"":1,""transform"":""noise"",""parameter_name"":""sigma"",""parameter_value"":0.02},{""order"":2,""transform"":""blur"",""parameter_name"":""sigma"",""parameter_value"":2.0},{""order"":3,""transform"":""resize"",""parameter_name"":""scale"",""parameter_value"":0.5}]",False,True,True,True,False,False,0.00011393992463126779,0,True,Random standard-3 robustness evaluation — Old SID B - SID-only robustness training vs New Mixed B - SID and CIFAKE robustness training,0.7065299990936182,True,False,false_positive,New Mixed B - SID and CIFAKE robustness training,efficientnet_b0
mixed_sid_cifake_b,9159a9d4ceb7fccd3eee24c3ddf9600c79c8abf1444cb0646b93ac66fd3b5c44,REAL/img_1606.jpg,REAL/img_1606.jpg,SID_Set,,FLUX,0,random_standard_3,,44,0.9973523616790771,1,False,1.2884413125036076,SID_Set,3,44,random_standard_3,3,jpeg -> resize -> blur,jpeg(quality=90) -> resize(scale=0.25) -> blur(sigma=2.0),"[{""order"":1,""transform"":""jpeg"",""parameter_name"":""quality"",""parameter_value"":90},{""order"":2,""transform"":""resize"",""parameter_name"":""scale"",""parameter_value"":0.25},{""order"":3,""transform"":""blur"",""parameter_name"":""sigma"",""parameter_value"":2.0}]",True,True,True,False,False,False,0.9832661151885986,1,False,Random standard-3 robustness evaluation — Old SID B - SID-only robustness training vs New Mixed B - SID and CIFAKE robustness training,0.014086246490478516,False,False,false_positive,New Mixed B - SID and CIFAKE robustness training,efficientnet_b0
mixed_sid_cifake_b,9159a9d4ceb7fccd3eee24c3ddf9600c79c8abf1444cb0646b93ac66fd3b5c44,FAKE/img_3145.jpg,FAKE/img_3145.jpg,SID_Set,,FLUX,1,random_standard_3,,44,0.37842273712158203,0,False,1.2884413125036076,SID_Set,3,44,random_standard_3,3,jpeg -> noise -> crop,jpeg(quality=30) -> noise(sigma=0.1) -> crop(fraction=0.8),"[{""order"":1,""transform"":""jpeg"",""parameter_name"":""quality"",""parameter_value"":30},{""order"":2,""transform"":""noise"",""parameter_name"":""sigma"",""parameter_value"":0.1},{""order"":3,""transform"":""crop"",""parameter_name"":""fraction"",""parameter_value"":0.8}]",True,False,False,True,False,True,0.8192870616912842,1,True,Random standard-3 robustness evaluation — Old SID B - SID-only robustness training vs New Mixed B - SID and CIFAKE robustness training,-0.44086432456970215,True,False,false_negative,New Mixed B - SID and CIFAKE robustness training,efficientnet_b0
mixed_sid_cifake_b,9159a9d4ceb7fccd3eee24c3ddf9600c79c8abf1444cb0646b93ac66fd3b5c44,FAKE/img_2864.jpg,FAKE/img_2864.jpg,SID_Set,,FLUX,1,random_standard_3,,44,0.32685235142707825,0,False,1.3301979375057726,SID_Set,3,44,random_standard_3,3,colour -> noise -> resize,colour(strength=0.2) -> noise(sigma=0.02) -> resize(scale=0.25),"[{""order"":1,""transform"":""colour"",""parameter_name"":""strength"",""parameter_value"":0.2},{""order"":2,""transform"":""noise"",""parameter_name"":""sigma"",""parameter_value"":0.02},{""order"":3,""transform"":""resize"",""parameter_name"":""scale"",""parameter_value"":0.25}]",False,False,True,True,True,False,0.9845626950263977,1,True,Random standard-3 robustness evaluation — Old SID B - SID-only robustness training vs New Mixed B - SID and CIFAKE robustness training,-0.6577103435993195,True,False,false_negative,New Mixed B - SID and CIFAKE robustness training,efficientnet_b0
mixed_sid_cifake_b,9159a9d4ceb7fccd3eee24c3ddf9600c79c8abf1444cb0646b93ac66fd3b5c44,REAL/img_3081.jpg,REAL/img_3081.jpg,SID_Set,,FLUX,0,random_standard_3,,44,0.8915338516235352,1,False,1.4204374375026418,SID_Set,3,44,random_standard_3,3,noise -> colour -> jpeg,noise(sigma=0.1) -> colour(strength=-0.2) -> jpeg(quality=30),"[{""order"":1,""transform"":""noise"",""parameter_name"":""sigma"",""parameter_value"":0.1},{""order"":2,""transform"":""colour"",""parameter_name"":""strength"",""parameter_value"":-0.2},{""order"":3,""transform"":""jpeg"",""parameter_name"":""quality"",""parameter_value"":30}]",True,False,False,True,True,False,0.681145966053009,1,False,Random standard-3 robustness evaluation — Old SID B - SID-only robustness training vs New Mixed B - SID and CIFAKE robustness training,0.21038788557052612,False,False,false_positive,New Mixed B - SID and CIFAKE robustness training,efficientnet_b0
mixed_sid_cifake_b,9159a9d4ceb7fccd3eee24c3ddf9600c79c8abf1444cb0646b93ac66fd3b5c44,FAKE/img_7965.jpg,FAKE/img_7965.jpg,SID_Set,,FLUX,1,random_standard_3,,44,0.000782631104812026,0,False,1.4204374375026418,SID_Set,3,44,random_standard_3,3,crop -> noise -> resize,crop(fraction=0.8) -> noise(sigma=0.05) -> resize(scale=0.25),"[{""order"":1,""transform"":""crop"",""parameter_name"":""fraction"",""parameter_value"":0.8},{""order"":2,""transform"":""noise"",""parameter_name"":""sigma"",""parameter_value"":0.05},{""order"":3,""transform"":""resize"",""parameter_name"":""scale"",""parameter_value"":0.25}]",False,False,True,True,False,True,0.9287010431289673,1,True,Random standard-3 robustness evaluation — Old SID B - SID-only robustness training vs New Mixed B - SID and CIFAKE robustness training,-0.9279184120241553,True,False,false_negative,New Mixed B - SID and CIFAKE robustness training,efficientnet_b0
mixed_sid_cifake_b,9159a9d4ceb7fccd3eee24c3ddf9600c79c8abf1444cb0646b93ac66fd3b5c44,FAKE/img_5309.jpg,FAKE/img_5309.jpg,SID_Set,,FLUX,1,random_standard_3,,44,0.36671528220176697,0,False,1.4202228281234852,SID_Set,3,44,random_standard_3,3,blur -> noise -> jpeg,blur(sigma=0.5) -> noise(sigma=0.02) -> jpeg(quality=30),"[{""order"":1,""transform"":""blur"",""parameter_name"":""sigma"",""parameter_value"":0.5},{""order"":2,""transform"":""noise"",""parameter_name"":""sigma"",""parameter_value"":0.02},{""order"":3,""transform"":""jpeg"",""parameter_name"":""quality"",""parameter_value"":30}]",True,True,False,True,False,False,0.977382481098175,1,True,Random standard-3 robustness evaluation — Old SID B - SID-only robustness training vs New Mixed B - SID and CIFAKE robustness training,-0.6106671988964081,True,False,false_negative,New Mixed B - SID and CIFAKE robustness training,efficientnet_b0
mixed_sid_cifake_b,9159a9d4ceb7fccd3eee24c3ddf9600c79c8abf1444cb0646b93ac66fd3b5c44,FAKE/img_1151.jpg,FAKE/img_1151.jpg,SID_Set,,FLUX,1,random_standard_3,,44,0.31205084919929504,0,False,1.4202228281234852,SID_Set,3,44,random_standard_3,3,noise -> crop -> jpeg,noise(sigma=0.05) -> crop(fraction=0.8) -> jpeg(quality=30),"[{""order"":1,""transform"":""noise"",""parameter_name"":""sigma"",""parameter_value"":0.05},{""order"":2,""transform"":""crop"",""parameter_name"":""fraction"",""parameter_value"":0.8},{""order"":3,""transform"":""jpeg"",""parameter_name"":""quality"",""parameter_value"":30}]",True,False,False,True,False,True,0.9672949314117432,1,True,Random standard-3 robustness evaluation — Old SID B - SID-only robustness training vs New Mixed B - SID and CIFAKE robustness training,-0.6552440822124481,True,False,false_negative,New Mixed B - SID and CIFAKE robustness training,efficientnet_b0
mixed_sid_cifake_b,9159a9d4ceb7fccd3eee24c3ddf9600c79c8abf1444cb0646b93ac66fd3b5c44,FAKE/img_5791.jpg,FAKE/img_5791.jpg,SID_Set,,FLUX,1,random_standard_3,,44,0.003879970172420144,0,False,1.4716059062465092,SID_Set,3,44,random_standard_3,3,resize -> blur -> crop,resize(scale=0.5) -> blur(sigma=1.0) -> crop(fraction=0.8),"[{""order"":1,""transform"":""resize"",""parameter_name"":""scale"",""parameter_value"":0.5},{""order"":2,""transform"":""blur"",""parameter_name"":""sigma"",""parameter_value"":1.0},{""order"":3,""transform"":""crop"",""parameter_name"":""fraction"",""parameter_value"":0.8}]",False,True,True,False,False,True,0.007814875803887844,0,False,Random standard-3 robustness evaluation — Old SID B - SID-only robustness training vs New Mixed B - SID and CIFAKE robustness training,-0.0039349056314677,False,False,false_negative,New Mixed B - SID and CIFAKE robustness training,efficientnet_b0
mixed_sid_cifake_b,9159a9d4ceb7fccd3eee24c3ddf9600c79c8abf1444cb0646b93ac66fd3b5c44,REAL/img_14480.jpg,REAL/img_14480.jpg,SID_Set,,FLUX,0,random_standard_3,,44,0.8367012739181519,1,False,1.419482031252528,SID_Set,3,44,random_standard_3,3,jpeg -> resize -> noise,jpeg(quality=70) -> resize(scale=0.25) -> noise(sigma=0.05),"[{""order"":1,""transform"":""jpeg"",""parameter_name"":""quality"",""parameter_value"":70},{""order"":2,""transform"":""resize"",""parameter_name"":""scale"",""parameter_value"":0.25},{""order"":3,""transform"":""noise"",""parameter_name"":""sigma"",""parameter_value"":0.05}]",True,False,True,True,False,False,0.48186224699020386,0,True,Random standard-3 robustness evaluation — Old SID B - SID-only robustness training vs New Mixed B - SID and CIFAKE robustness training,0.354839026927948,True,False,false_positive,New Mixed B - SID and CIFAKE robustness training,efficientnet_b0
mixed_sid_cifake_b,9159a9d4ceb7fccd3eee24c3ddf9600c79c8abf1444cb0646b93ac66fd3b5c44,REAL/img_2440.jpg,REAL/img_2440.jpg,SID_Set,,FLUX,0,random_standard_3,,44,0.5100920796394348,1,False,1.419482031252528,SID_Set,3,44,random_standard_3,3,jpeg -> resize -> noise,jpeg(quality=70) -> resize(scale=0.5) -> noise(sigma=0.02),"[{""order"":1,""transform"":""jpeg"",""parameter_name"":""quality"",""parameter_value"":70},{""order"":2,""transform"":""resize"",""parameter_name"":""scale"",""parameter_value"":0.5},{""order"":3,""transform"":""noise"",""parameter_name"":""sigma"",""parameter_value"":0.02}]",True,False,True,True,False,False,0.39113855361938477,0,True,Random standard-3 robustness evaluation — Old SID B - SID-only robustness training vs New Mixed B - SID and CIFAKE robustness training,0.11895352602005005,True,False,false_positive,New Mixed B - SID and CIFAKE robustness training,efficientnet_b0
mixed_sid_cifake_b,9159a9d4ceb7fccd3eee24c3ddf9600c79c8abf1444cb0646b93ac66fd3b5c44,FAKE/img_6207.jpg,FAKE/img_6207.jpg,SID_Set,,FLUX,1,random_standard_3,,44,0.3659193813800812,0,False,1.4371802812505052,SID_Set,3,44,random_standard_3,3,crop -> colour -> noise,crop(fraction=0.8) -> colour(strength=-0.2) -> noise(sigma=0.05),"[{""order"":1,""transform"":""crop"",""parameter_name"":""fraction"",""parameter_value"":0.8},{""order"":2,""transform"":""colour"",""parameter_name"":""strength"",""parameter_value"":-0.2},{""order"":3,""transform"":""noise"",""parameter_name"":""sigma"",""parameter_value"":0.05}]",False,False,False,True,True,True,0.9258435964584351,1,True,Random standard-3 robustness evaluation — Old SID B - SID-only robustness training vs New Mixed B - SID and CIFAKE robustness training,-0.5599242150783539,True,False,false_negative,New Mixed B - SID and CIFAKE robustness training,efficientnet_b0
mixed_sid_cifake_b,9159a9d4ceb7fccd3eee24c3ddf9600c79c8abf1444cb0646b93ac66fd3b5c44,FAKE/img_9811.jpg,FAKE/img_9811.jpg,SID_Set,,FLUX,1,random_standard_3,,44,0.10546231269836426,0,False,1.4371802812505052,SID_Set,3,44,random_standard_3,3,noise -> jpeg -> crop,noise(sigma=0.1) -> jpeg(quality=30) -> crop(fraction=0.8),"[{""order"":1,""transform"":""noise"",""parameter_name"":""sigma"",""parameter_value"":0.1},{""order"":2,""transform"":""jpeg"",""parameter_name"":""quality"",""parameter_value"":30},{""order"":3,""transform"":""crop"",""parameter_name"":""fraction"",""parameter_value"":0.8}]",True,False,False,True,False,True,0.9237962961196899,1,True,Random standard-3 robustness evaluation — Old SID B - SID-only robustness training vs New Mixed B - SID and CIFAKE robustness training,-0.8183339834213257,True,False,false_negative,New Mixed B - SID and CIFAKE robustness training,efficientnet_b0
mixed_sid_cifake_b,9159a9d4ceb7fccd3eee24c3ddf9600c79c8abf1444cb0646b93ac66fd3b5c44,REAL/img_3328.jpg,REAL/img_3328.jpg,SID_Set,,FLUX,0,random_standard_3,,44,0.9958114624023438,1,False,1.4195408281238997,SID_Set,3,44,random_standard_3,3,colour -> resize -> blur,colour(strength=-0.2) -> resize(scale=0.25) -> blur(sigma=1.0),"[{""order"":1,""transform"":""colour"",""parameter_name"":""strength"",""parameter_value"":-0.2},{""order"":2,""transform"":""resize"",""parameter_name"":""scale"",""parameter_value"":0.25},{""order"":3,""transform"":""blur"",""parameter_name"":""sigma"",""parameter_value"":1.0}]",False,True,True,False,True,False,0.9264559149742126,1,False,Random standard-3 robustness evaluation — Old SID B - SID-only robustness training vs New Mixed B - SID and CIFAKE robustness training,0.0693555474281311,False,False,false_positive,New Mixed B - SID and CIFAKE robustness training,efficientnet_b0
mixed_sid_cifake_b,9159a9d4ceb7fccd3eee24c3ddf9600c79c8abf1444cb0646b93ac66fd3b5c44,FAKE/img_304.jpg,FAKE/img_304.jpg,SID_Set,,FLUX,1,random_standard_3,,44,0.010066376999020576,0,False,1.4201789218759586,SID_Set,3,44,random_standard_3,3,resize -> crop -> noise,resize(scale=0.5) -> crop(fraction=0.8) -> noise(sigma=0.1),"[{""order"":1,""transform"":""resize"",""parameter_name"":""scale"",""parameter_value"":0.5},{""order"":2,""transform"":""crop"",""parameter_name"":""fraction"",""parameter_value"":0.8},{""order"":3,""transform"":""noise"",""parameter_name"":""sigma"",""parameter_value"":0.1}]",False,False,True,True,False,True,0.8638738989830017,1,True,Random standard-3 robustness evaluation — Old SID B - SID-only robustness training vs New Mixed B - SID and CIFAKE robustness training,-0.8538075219839811,True,False,false_negative,New Mixed B - SID and CIFAKE robustness training,efficientnet_b0
mixed_sid_cifake_b,9159a9d4ceb7fccd3eee24c3ddf9600c79c8abf1444cb0646b93ac66fd3b5c44,FAKE/img_1179.jpg,FAKE/img_1179.jpg,SID_Set,,FLUX,1,random_standard_3,,44,0.4495827555656433,0,False,1.4204202499996654,SID_Set,3,44,random_standard_3,3,jpeg -> noise -> crop,jpeg(quality=50) -> noise(sigma=0.1) -> crop(fraction=0.8),"[{""order"":1,""transform"":""jpeg"",""parameter_name"":""quality"",""parameter_value"":50},{""order"":2,""transform"":""noise"",""parameter_name"":""sigma"",""parameter_value"":0.1},{""order"":3,""transform"":""crop"",""parameter_name"":""fraction"",""parameter_value"":0.8}]",True,False,False,True,False,True,0.9999731779098511,1,True,Random standard-3 robustness evaluation — Old SID B - SID-only robustness training vs New Mixed B - SID and CIFAKE robustness training,-0.5503904223442078,True,False,false_negative,New Mixed B - SID and CIFAKE robustness training,efficientnet_b0
mixed_sid_cifake_b,9159a9d4ceb7fccd3eee24c3ddf9600c79c8abf1444cb0646b93ac66fd3b5c44,FAKE/img_12773.jpg,FAKE/img_12773.jpg,SID_Set,,FLUX,1,random_standard_3,,44,0.009323968552052975,0,False,1.4314312499976722,SID_Set,3,44,random_standard_3,3,crop -> colour -> noise,crop(fraction=0.8) -> colour(strength=-0.2) -> noise(sigma=0.1),"[{""order"":1,""transform"":""crop"",""parameter_name"":""fraction"",""parameter_value"":0.8},{""order"":2,""transform"":""colour"",""parameter_name"":""strength"",""parameter_value"":-0.2},{""order"":3,""transform"":""noise"",""parameter_name"":""sigma"",""parameter_value"":0.1}]",False,False,False,True,True,True,0.9259954690933228,1,True,Random standard-3 robustness evaluation — Old SID B - SID-only robustness training vs New Mixed B - SID and CIFAKE robustness training,-0.9166715005412698,True,False,false_negative,New Mixed B - SID and CIFAKE robustness training,efficientnet_b0
mixed_sid_cifake_b,9159a9d4ceb7fccd3eee24c3ddf9600c79c8abf1444cb0646b93ac66fd3b5c44,FAKE/img_11275.jpg,FAKE/img_11275.jpg,SID_Set,,FLUX,1,random_standard_3,,44,0.1679864227771759,0,False,1.4314312499976722,SID_Set,3,44,random_standard_3,3,colour -> resize -> crop,colour(strength=0.2) -> resize(scale=0.5) -> crop(fraction=0.8),"[{""order"":1,""transform"":""colour"",""parameter_name"":""strength"",""parameter_value"":0.2},{""order"":2,""transform"":""resize"",""parameter_name"":""scale"",""parameter_value"":0.5},{""order"":3,""transform"":""crop"",""parameter_name"":""fraction"",""parameter_value"":0.8}]",False,False,True,False,True,True,0.9033480286598206,1,True,Random standard-3 robustness evaluation — Old SID B - SID-only robustness training vs New Mixed B - SID and CIFAKE robustness training,-0.7353616058826447,True,False,false_negative,New Mixed B - SID and CIFAKE robustness training,efficientnet_b0
mixed_sid_cifake_b,9159a9d4ceb7fccd3eee24c3ddf9600c79c8abf1444cb0646b93ac66fd3b5c44,FAKE/img_10516.jpg,FAKE/img_10516.jpg,SID_Set,,FLUX,1,random_standard_3,,44,0.4940912425518036,0,False,1.4196194531237438,SID_Set,3,44,random_standard_3,3,blur -> resize -> noise,blur(sigma=1.0) -> resize(scale=0.5) -> noise(sigma=0.05),"[{""order"":1,""transform"":""blur"",""parameter_name"":""sigma"",""parameter_value"":1.0},{""order"":2,""transform"":""resize"",""parameter_name"":""scale"",""parameter_value"":0.5},{""order"":3,""transform"":""noise"",""parameter_name"":""sigma"",""parameter_value"":0.05}]",False,True,True,True,False,False,0.8519684076309204,1,True,Random standard-3 robustness evaluation — Old SID B - SID-only robustness training vs New Mixed B - SID and CIFAKE robustness training,-0.3578771650791168,True,False,false_negative,New Mixed B - SID and CIFAKE robustness training,efficientnet_b0
mixed_sid_cifake_b,9159a9d4ceb7fccd3eee24c3ddf9600c79c8abf1444cb0646b93ac66fd3b5c44,FAKE/img_12184.jpg,FAKE/img_12184.jpg,SID_Set,,FLUX,1,random_standard_3,,44,0.04568758234381676,0,False,1.4196194531237438,SID_Set,3,44,random_standard_3,3,colour -> crop -> noise,colour(strength=-0.2) -> crop(fraction=0.8) -> noise(sigma=0.1),"[{""order"":1,""transform"":""colour"",""parameter_name"":""strength"",""parameter_value"":-0.2},{""order"":2,""transform"":""crop"",""parameter_name"":""fraction"",""parameter_value"":0.8},{""order"":3,""transform"":""noise"",""parameter_name"":""sigma"",""parameter_value"":0.1}]",False,False,False,True,True,True,0.9999940395355225,1,True,Random standard-3 robustness evaluation — Old SID B - SID-only robustness training vs New Mixed B - SID and CIFAKE robustness training,-0.9543064571917057,True,False,false_negative,New Mixed B - SID and CIFAKE robustness training,efficientnet_b0
mixed_sid_cifake_b,9159a9d4ceb7fccd3eee24c3ddf9600c79c8abf1444cb0646b93ac66fd3b5c44,FAKE/img_15343.jpg,FAKE/img_15343.jpg,SID_Set,,FLUX,1,random_standard_3,,44,0.17960602045059204,0,False,1.4196194531237438,SID_Set,3,44,random_standard_3,3,noise -> blur -> colour,noise(sigma=0.1) -> blur(sigma=2.0) -> colour(strength=-0.2),"[{""order"":1,""transform"":""noise"",""parameter_name"":""sigma"",""parameter_value"":0.1},{""order"":2,""transform"":""blur"",""parameter_name"":""sigma"",""parameter_value"":2.0},{""order"":3,""transform"":""colour"",""parameter_name"":""strength"",""parameter_value"":-0.2}]",False,True,False,True,True,False,0.9999992847442627,1,True,Random standard-3 robustness evaluation — Old SID B - SID-only robustness training vs New Mixed B - SID and CIFAKE robustness training,-0.8203932642936707,True,False,false_negative,New Mixed B - SID and CIFAKE robustness training,efficientnet_b0
mixed_sid_cifake_b,9159a9d4ceb7fccd3eee24c3ddf9600c79c8abf1444cb0646b93ac66fd3b5c44,FAKE/img_15154.jpg,FAKE/img_15154.jpg,SID_Set,,FLUX,1,random_standard_3,,44,0.013646600767970085,0,False,1.4756044687516123,SID_Set,3,44,random_standard_3,3,colour -> blur -> jpeg,colour(strength=0.2) -> blur(sigma=2.0) -> jpeg(quality=90),"[{""order"":1,""transform"":""colour"",""parameter_name"":""strength"",""parameter_value"":0.2},{""order"":2,""transform"":""blur"",""parameter_name"":""sigma"",""parameter_value"":2.0},{""order"":3,""transform"":""jpeg"",""parameter_name"":""quality"",""parameter_value"":90}]",True,True,False,False,True,False,0.2629113793373108,0,False,Random standard-3 robustness evaluation — Old SID B - SID-only robustness training vs New Mixed B - SID and CIFAKE robustness training,-0.2492647785693407,False,False,false_negative,New Mixed B - SID and CIFAKE robustness training,efficientnet_b0
mixed_sid_cifake_b,9159a9d4ceb7fccd3eee24c3ddf9600c79c8abf1444cb0646b93ac66fd3b5c44,FAKE/img_12935.jpg,FAKE/img_12935.jpg,SID_Set,,FLUX,1,random_standard_3,,44,0.0937914028763771,0,False,1.4228987031259521,SID_Set,3,44,random_standard_3,3,blur -> colour -> jpeg,blur(sigma=0.5) -> colour(strength=-0.2) -> jpeg(quality=50),"[{""order"":1,""transform"":""blur"",""parameter_name"":""sigma"",""parameter_value"":0.5},{""order"":2,""transform"":""colour"",""parameter_name"":""strength"",""parameter_value"":-0.2},{""order"":3,""transform"":""jpeg"",""parameter_name"":""quality"",""parameter_value"":50}]",True,True,False,False,True,False,0.6126285791397095,1,True,Random standard-3 robustness evaluation — Old SID B - SID-only robustness training vs New Mixed B - SID and CIFAKE robustness training,-0.5188371762633324,True,False,false_negative,New Mixed B - SID and CIFAKE robustness training,efficientnet_b0
mixed_sid_cifake_b,9159a9d4ceb7fccd3eee24c3ddf9600c79c8abf1444cb0646b93ac66fd3b5c44,FAKE/img_1576.jpg,FAKE/img_1576.jpg,SID_Set,,FLUX,1,random_standard_3,,44,0.01698078028857708,0,False,1.4228987031259521,SID_Set,3,44,random_standard_3,3,jpeg -> resize -> crop,jpeg(quality=70) -> resize(scale=0.25) -> crop(fraction=0.8),"[{""order"":1,""transform"":""jpeg"",""parameter_name"":""quality"",""parameter_value"":70},{""order"":2,""transform"":""resize"",""parameter_name"":""scale"",""parameter_value"":0.25},{""order"":3,""transform"":""crop"",""parameter_name"":""fraction"",""parameter_value"":0.8}]",True,False,True,False,False,True,0.0434529148042202,0,False,Random standard-3 robustness evaluation — Old SID B - SID-only robustness training vs New Mixed B - SID and CIFAKE robustness training,-0.02647213451564312,False,False,false_negative,New Mixed B - SID and CIFAKE robustness training,efficientnet_b0
mixed_sid_cifake_b,9159a9d4ceb7fccd3eee24c3ddf9600c79c8abf1444cb0646b93ac66fd3b5c44,FAKE/img_5676.jpg,FAKE/img_5676.jpg,SID_Set,,FLUX,1,random_standard_3,,44,0.10804954916238785,0,False,1.4228987031259521,SID_Set,3,44,random_standard_3,3,jpeg -> blur -> colour,jpeg(quality=90) -> blur(sigma=0.5) -> colour(strength=-0.2),"[{""order"":1,""transform"":""jpeg"",""parameter_name"":""quality"",""parameter_value"":90},{""order"":2,""transform"":""blur"",""parameter_name"":""sigma"",""parameter_value"":0.5},{""order"":3,""transform"":""colour"",""parameter_name"":""strength"",""parameter_value"":-0.2}]",True,True,False,False,True,False,0.2528587281703949,0,False,Random standard-3 robustness evaluation — Old SID B - SID-only robustness training vs New Mixed B - SID and CIFAKE robustness training,-0.14480917900800705,False,False,false_negative,New Mixed B - SID and CIFAKE robustness training,efficientnet_b0
mixed_sid_cifake_b,9159a9d4ceb7fccd3eee24c3ddf9600c79c8abf1444cb0646b93ac66fd3b5c44,FAKE/img_6024.jpg,FAKE/img_6024.jpg,SID_Set,,FLUX,1,random_standard_3,,44,0.03916902840137482,0,False,1.4228987031259521,SID_Set,3,44,random_standard_3,3,resize -> blur -> jpeg,resize(scale=0.5) -> blur(sigma=1.0) -> jpeg(quality=30),"[{""order"":1,""transform"":""resize"",""parameter_name"":""scale"",""parameter_value"":0.5},{""order"":2,""transform"":""blur"",""parameter_name"":""sigma"",""parameter_value"":1.0},{""order"":3,""transform"":""jpeg"",""parameter_name"":""quality"",""parameter_value"":30}]",True,True,True,False,False,False,0.7492343783378601,1,True,Random standard-3 robustness evaluation — Old SID B - SID-only robustness training vs New Mixed B - SID and CIFAKE robustness training,-0.7100653499364853,True,False,false_negative,New Mixed B - SID and CIFAKE robustness training,efficientnet_b0
mixed_sid_cifake_b,9159a9d4ceb7fccd3eee24c3ddf9600c79c8abf1444cb0646b93ac66fd3b5c44,REAL/img_4620.jpg,REAL/img_4620.jpg,SID_Set,,FLUX,0,random_standard_3,,44,0.9401904940605164,1,False,1.4491834843752827,SID_Set,3,44,random_standard_3,3,resize -> colour -> jpeg,resize(scale=0.25) -> colour(strength=0.2) -> jpeg(quality=50),"[{""order"":1,""transform"":""resize"",""parameter_name"":""scale"",""parameter_value"":0.25},{""order"":2,""transform"":""colour"",""parameter_name"":""strength"",""parameter_value"":0.2},{""order"":3,""transform"":""jpeg"",""parameter_name"":""quality"",""parameter_value"":50}]",True,False,True,False,True,False,0.8987182378768921,1,False,Random standard-3 robustness evaluation — Old SID B - SID-only robustness training vs New Mixed B - SID and CIFAKE robustness training,0.04147225618362427,False,False,false_positive,New Mixed B - SID and CIFAKE robustness training,efficientnet_b0
mixed_sid_cifake_b,9159a9d4ceb7fccd3eee24c3ddf9600c79c8abf1444cb0646b93ac66fd3b5c44,FAKE/img_13525.jpg,FAKE/img_13525.jpg,SID_Set,,FLUX,1,random_standard_3,,44,0.4615786671638489,0,False,1.4491834843752827,SID_Set,3,44,random_standard_3,3,noise -> crop -> resize,noise(sigma=0.1) -> crop(fraction=0.8) -> resize(scale=0.25),"[{""order"":1,""transform"":""noise"",""parameter_name"":""sigma"",""parameter_value"":0.1},{""order"":2,""transform"":""crop"",""parameter_name"":""fraction"",""parameter_value"":0.8},{""order"":3,""transform"":""resize"",""parameter_name"":""scale"",""parameter_value"":0.25}]",False,False,True,True,False,True,0.9999998807907104,1,True,Random standard-3 robustness evaluation — Old SID B - SID-only robustness training vs New Mixed B - SID and CIFAKE robustness training,-0.5384212136268616,True,False,false_negative,New Mixed B - SID and CIFAKE robustness training,efficientnet_b0
mixed_sid_cifake_b,9159a9d4ceb7fccd3eee24c3ddf9600c79c8abf1444cb0646b93ac66fd3b5c44,FAKE/img_814.jpg,FAKE/img_814.jpg,SID_Set,,FLUX,1,random_standard_3,,44,0.4340164363384247,0,False,1.4197039999999106,SID_Set,3,44,random_standard_3,3,crop -> noise -> resize,crop(fraction=0.8) -> noise(sigma=0.1) -> resize(scale=0.25),"[{""order"":1,""transform"":""crop"",""parameter_name"":""fraction"",""parameter_value"":0.8},{""order"":2,""transform"":""noise"",""parameter_name"":""sigma"",""parameter_value"":0.1},{""order"":3,""transform"":""resize"",""parameter_name"":""scale"",""parameter_value"":0.25}]",False,False,True,True,False,True,1.0,1,True,Random standard-3 robustness evaluation — Old SID B - SID-only robustness training vs New Mixed B - SID and CIFAKE robustness training,-0.5659835636615753,True,False,false_negative,New Mixed B - SID and CIFAKE robustness training,efficientnet_b0
mixed_sid_cifake_b,9159a9d4ceb7fccd3eee24c3ddf9600c79c8abf1444cb0646b93ac66fd3b5c44,REAL/img_8528.jpg,REAL/img_8528.jpg,SID_Set,,FLUX,0,random_standard_3,,44,0.8056864738464355,1,False,1.428425421870827,SID_Set,3,44,random_standard_3,3,colour -> crop -> noise,colour(strength=-0.2) -> crop(fraction=0.8) -> noise(sigma=0.02),"[{""order"":1,""transform"":""colour"",""parameter_name"":""strength"",""parameter_value"":-0.2},{""order"":2,""transform"":""crop"",""parameter_name"":""fraction"",""parameter_value"":0.8},{""order"":3,""transform"":""noise"",""parameter_name"":""sigma"",""parameter_value"":0.02}]",False,False,False,True,True,True,0.9805907607078552,1,False,Random standard-3 robustness evaluation — Old SID B - SID-only robustness training vs New Mixed B - SID and CIFAKE robustness training,-0.17490428686141968,False,False,false_positive,New Mixed B - SID and CIFAKE robustness training,efficientnet_b0
mixed_sid_cifake_b,9159a9d4ceb7fccd3eee24c3ddf9600c79c8abf1444cb0646b93ac66fd3b5c44,REAL/img_7008.jpg,REAL/img_7008.jpg,SID_Set,,FLUX,0,random_standard_3,,44,0.9077883362770081,1,False,1.428425421870827,SID_Set,3,44,random_standard_3,3,blur -> resize -> noise,blur(sigma=0.5) -> resize(scale=0.5) -> noise(sigma=0.1),"[{""order"":1,""transform"":""blur"",""parameter_name"":""sigma"",""parameter_value"":0.5},{""order"":2,""transform"":""resize"",""parameter_name"":""scale"",""parameter_value"":0.5},{""order"":3,""transform"":""noise"",""parameter_name"":""sigma"",""parameter_value"":0.1}]",False,True,True,True,False,False,0.7254787087440491,1,False,Random standard-3 robustness evaluation — Old SID B - SID-only robustness training vs New Mixed B - SID and CIFAKE robustness training,0.18230962753295898,False,False,false_positive,New Mixed B - SID and CIFAKE robustness training,efficientnet_b0
mixed_sid_cifake_b,9159a9d4ceb7fccd3eee24c3ddf9600c79c8abf1444cb0646b93ac66fd3b5c44,FAKE/img_9867.jpg,FAKE/img_9867.jpg,SID_Set,,FLUX,1,random_standard_3,,44,0.07836869359016418,0,False,1.4198538749994327,SID_Set,3,44,random_standard_3,3,noise -> blur -> jpeg,noise(sigma=0.1) -> blur(sigma=0.5) -> jpeg(quality=30),"[{""order"":1,""transform"":""noise"",""parameter_name"":""sigma"",""parameter_value"":0.1},{""order"":2,""transform"":""blur"",""parameter_name"":""sigma"",""parameter_value"":0.5},{""order"":3,""transform"":""jpeg"",""parameter_name"":""quality"",""parameter_value"":30}]",True,True,False,True,False,False,0.9950815439224243,1,True,Random standard-3 robustness evaluation — Old SID B - SID-only robustness training vs New Mixed B - SID and CIFAKE robustness training,-0.9167128503322601,True,False,false_negative,New Mixed B - SID and CIFAKE robustness training,efficientnet_b0
mixed_sid_cifake_b,9159a9d4ceb7fccd3eee24c3ddf9600c79c8abf1444cb0646b93ac66fd3b5c44,FAKE/img_3018.jpg,FAKE/img_3018.jpg,SID_Set,,FLUX,1,random_standard_3,,44,0.46648305654525757,0,False,1.4198538749994327,SID_Set,3,44,random_standard_3,3,noise -> jpeg -> blur,noise(sigma=0.1) -> jpeg(quality=30) -> blur(sigma=1.0),"[{""order"":1,""transform"":""noise"",""parameter_name"":""sigma"",""parameter_value"":0.1},{""order"":2,""transform"":""jpeg"",""parameter_name"":""quality"",""parameter_value"":30},{""order"":3,""transform"":""blur"",""parameter_name"":""sigma"",""parameter_value"":1.0}]",True,True,False,True,False,False,0.9964178800582886,1,True,Random standard-3 robustness evaluation — Old SID B - SID-only robustness training vs New Mixed B - SID and CIFAKE robustness training,-0.529934823513031,True,False,false_negative,New Mixed B - SID and CIFAKE robustness training,efficientnet_b0
mixed_sid_cifake_b,9159a9d4ceb7fccd3eee24c3ddf9600c79c8abf1444cb0646b93ac66fd3b5c44,FAKE/img_6546.jpg,FAKE/img_6546.jpg,SID_Set,,FLUX,1,random_standard_3,,44,0.3909180164337158,0,False,1.4219468593736906,SID_Set,3,44,random_standard_3,3,noise -> crop -> resize,noise(sigma=0.1) -> crop(fraction=0.8) -> resize(scale=0.5),"[{""order"":1,""transform"":""noise"",""parameter_name"":""sigma"",""parameter_value"":0.1},{""order"":2,""transform"":""crop"",""parameter_name"":""fraction"",""parameter_value"":0.8},{""order"":3,""transform"":""resize"",""parameter_name"":""scale"",""parameter_value"":0.5}]",False,False,True,True,False,True,0.912154495716095,1,True,Random standard-3 robustness evaluation — Old SID B - SID-only robustness training vs New Mixed B - SID and CIFAKE robustness training,-0.5212364792823792,True,False,false_negative,New Mixed B - SID and CIFAKE robustness training,efficientnet_b0
mixed_sid_cifake_b,9159a9d4ceb7fccd3eee24c3ddf9600c79c8abf1444cb0646b93ac66fd3b5c44,REAL/img_759.jpg,REAL/img_759.jpg,SID_Set,,FLUX,0,random_standard_3,,44,0.7645092606544495,1,False,1.439697718744526,SID_Set,3,44,random_standard_3,3,colour -> crop -> noise,colour(strength=-0.2) -> crop(fraction=0.8) -> noise(sigma=0.02),"[{""order"":1,""transform"":""colour"",""parameter_name"":""strength"",""parameter_value"":-0.2},{""order"":2,""transform"":""crop"",""parameter_name"":""fraction"",""parameter_value"":0.8},{""order"":3,""transform"":""noise"",""parameter_name"":""sigma"",""parameter_value"":0.02}]",False,False,False,True,True,True,0.9560602307319641,1,False,Random standard-3 robustness evaluation — Old SID B - SID-only robustness training vs New Mixed B - SID and CIFAKE robustness training,-0.19155097007751465,False,False,false_positive,New Mixed B - SID and CIFAKE robustness training,efficientnet_b0
mixed_sid_cifake_b,9159a9d4ceb7fccd3eee24c3ddf9600c79c8abf1444cb0646b93ac66fd3b5c44,FAKE/img_14370.jpg,FAKE/img_14370.jpg,SID_Set,,FLUX,1,random_standard_3,,44,0.2805314362049103,0,False,1.439697718744526,SID_Set,3,44,random_standard_3,3,noise -> jpeg -> crop,noise(sigma=0.1) -> jpeg(quality=30) -> crop(fraction=0.8),"[{""order"":1,""transform"":""noise"",""parameter_name"":""sigma"",""parameter_value"":0.1},{""order"":2,""transform"":""jpeg"",""parameter_name"":""quality"",""parameter_value"":30},{""order"":3,""transform"":""crop"",""parameter_name"":""fraction"",""parameter_value"":0.8}]",True,False,False,True,False,True,0.9947015047073364,1,True,Random standard-3 robustness evaluation — Old SID B - SID-only robustness training vs New Mixed B - SID and CIFAKE robustness training,-0.7141700685024261,True,False,false_negative,New Mixed B - SID and CIFAKE robustness training,efficientnet_b0
mixed_sid_cifake_b,9159a9d4ceb7fccd3eee24c3ddf9600c79c8abf1444cb0646b93ac66fd3b5c44,FAKE/img_9623.jpg,FAKE/img_9623.jpg,SID_Set,,FLUX,1,random_standard_3,,44,0.4730440676212311,0,False,1.4200825156223118,SID_Set,3,44,random_standard_3,3,noise -> resize -> colour,noise(sigma=0.1) -> resize(scale=0.25) -> colour(strength=-0.2),"[{""order"":1,""transform"":""noise"",""parameter_name"":""sigma"",""parameter_value"":0.1},{""order"":2,""transform"":""resize"",""parameter_name"":""scale"",""parameter_value"":0.25},{""order"":3,""transform"":""colour"",""parameter_name"":""strength"",""parameter_value"":-0.2}]",False,False,True,True,True,False,1.0,1,True,Random standard-3 robustness evaluation — Old SID B - SID-only robustness training vs New Mixed B - SID and CIFAKE robustness training,-0.5269559323787689,True,False,false_negative,New Mixed B - SID and CIFAKE robustness training,efficientnet_b0
mixed_sid_cifake_b,9159a9d4ceb7fccd3eee24c3ddf9600c79c8abf1444cb0646b93ac66fd3b5c44,REAL/img_3195.jpg,REAL/img_3195.jpg,SID_Set,,FLUX,0,random_standard_3,,44,0.5546913743019104,1,False,1.4200825156223118,SID_Set,3,44,random_standard_3,3,noise -> colour -> jpeg,noise(sigma=0.05) -> colour(strength=-0.2) -> jpeg(quality=90),"[{""order"":1,""transform"":""noise"",""parameter_name"":""sigma"",""parameter_value"":0.05},{""order"":2,""transform"":""colour"",""parameter_name"":""strength"",""parameter_value"":-0.2},{""order"":3,""transform"":""jpeg"",""parameter_name"":""quality"",""parameter_value"":90}]",True,False,False,True,True,False,0.4150139093399048,0,True,Random standard-3 robustness evaluation — Old SID B - SID-only robustness training vs New Mixed B - SID and CIFAKE robustness training,0.13967746496200562,True,False,false_positive,New Mixed B - SID and CIFAKE robustness training,efficientnet_b0
mixed_sid_cifake_b,9159a9d4ceb7fccd3eee24c3ddf9600c79c8abf1444cb0646b93ac66fd3b5c44,REAL/img_9127.jpg,REAL/img_9127.jpg,SID_Set,,FLUX,0,random_standard_3,,44,0.9871870279312134,1,False,1.420587500000181,SID_Set,3,44,random_standard_3,3,noise -> crop -> colour,noise(sigma=0.1) -> crop(fraction=0.8) -> colour(strength=0.2),"[{""order"":1,""transform"":""noise"",""parameter_name"":""sigma"",""parameter_value"":0.1},{""order"":2,""transform"":""crop"",""parameter_name"":""fraction"",""parameter_value"":0.8},{""order"":3,""transform"":""colour"",""parameter_name"":""strength"",""parameter_value"":0.2}]",False,False,False,True,True,True,1.742808876770141e-06,0,True,Random standard-3 robustness evaluation — Old SID B - SID-only robustness training vs New Mixed B - SID and CIFAKE robustness training,0.9871852851223366,True,False,false_positive,New Mixed B - SID and CIFAKE robustness training,efficientnet_b0
mixed_sid_cifake_b,9159a9d4ceb7fccd3eee24c3ddf9600c79c8abf1444cb0646b93ac66fd3b5c44,FAKE/img_5689.jpg,FAKE/img_5689.jpg,SID_Set,,FLUX,1,random_standard_3,,44,0.47461074590682983,0,False,1.4302321875021562,SID_Set,3,44,random_standard_3,3,crop -> jpeg -> colour,crop(fraction=0.8) -> jpeg(quality=50) -> colour(strength=-0.2),"[{""order"":1,""transform"":""crop"",""parameter_name"":""fraction"",""parameter_value"":0.8},{""order"":2,""transform"":""jpeg"",""parameter_name"":""quality"",""parameter_value"":50},{""order"":3,""transform"":""colour"",""parameter_name"":""strength"",""parameter_value"":-0.2}]",True,False,False,False,True,True,0.9751548767089844,1,True,Random standard-3 robustness evaluation — Old SID B - SID-only robustness training vs New Mixed B - SID and CIFAKE robustness training,-0.5005441308021545,True,False,false_negative,New Mixed B - SID and CIFAKE robustness training,efficientnet_b0
mixed_sid_cifake_b,9159a9d4ceb7fccd3eee24c3ddf9600c79c8abf1444cb0646b93ac66fd3b5c44,FAKE/img_9359.jpg,FAKE/img_9359.jpg,SID_Set,,FLUX,1,random_standard_3,,44,0.4386120140552521,0,False,1.421112953124748,SID_Set,3,44,random_standard_3,3,colour -> blur -> noise,colour(strength=-0.2) -> blur(sigma=1.0) -> noise(sigma=0.1),"[{""order"":1,""transform"":""colour"",""parameter_name"":""strength"",""parameter_value"":-0.2},{""order"":2,""transform"":""blur"",""parameter_name"":""sigma"",""parameter_value"":1.0},{""order"":3,""transform"":""noise"",""parameter_name"":""sigma"",""parameter_value"":0.1}]",False,True,False,True,True,False,0.999914288520813,1,True,Random standard-3 robustness evaluation — Old SID B - SID-only robustness training vs New Mixed B - SID and CIFAKE robustness training,-0.5613022744655609,True,False,false_negative,New Mixed B - SID and CIFAKE robustness training,efficientnet_b0
mixed_sid_cifake_b,9159a9d4ceb7fccd3eee24c3ddf9600c79c8abf1444cb0646b93ac66fd3b5c44,REAL/img_10812.jpg,REAL/img_10812.jpg,SID_Set,,FLUX,0,random_standard_3,,44,0.9999804496765137,1,False,1.4450742031257846,SID_Set,3,44,random_standard_3,3,colour -> jpeg -> blur,colour(strength=0.2) -> jpeg(quality=90) -> blur(sigma=2.0),"[{""order"":1,""transform"":""colour"",""parameter_name"":""strength"",""parameter_value"":0.2},{""order"":2,""transform"":""jpeg"",""parameter_name"":""quality"",""parameter_value"":90},{""order"":3,""transform"":""blur"",""parameter_name"":""sigma"",""parameter_value"":2.0}]",True,True,False,False,True,False,0.9350079298019409,1,False,Random standard-3 robustness evaluation — Old SID B - SID-only robustness training vs New Mixed B - SID and CIFAKE robustness training,0.06497251987457275,False,False,false_positive,New Mixed B - SID and CIFAKE robustness training,efficientnet_b0
mixed_sid_cifake_b,9159a9d4ceb7fccd3eee24c3ddf9600c79c8abf1444cb0646b93ac66fd3b5c44,REAL/img_12982.jpg,REAL/img_12982.jpg,SID_Set,,FLUX,0,random_standard_3,,44,0.5885308384895325,1,False,1.377051234378257,SID_Set,3,44,random_standard_3,3,blur -> crop -> jpeg,blur(sigma=2.0) -> crop(fraction=0.8) -> jpeg(quality=90),"[{""order"":1,""transform"":""blur"",""parameter_name"":""sigma"",""parameter_value"":2.0},{""order"":2,""transform"":""crop"",""parameter_name"":""fraction"",""parameter_value"":0.8},{""order"":3,""transform"":""jpeg"",""parameter_name"":""quality"",""parameter_value"":90}]",True,True,False,False,False,True,0.036249469965696335,0,True,Random standard-3 robustness evaluation — Old SID B - SID-only robustness training vs New Mixed B - SID and CIFAKE robustness training,0.5522813685238361,True,False,false_positive,New Mixed B - SID and CIFAKE robustness training,efficientnet_b0
mixed_sid_cifake_b,9159a9d4ceb7fccd3eee24c3ddf9600c79c8abf1444cb0646b93ac66fd3b5c44,FAKE/img_14363.jpg,FAKE/img_14363.jpg,SID_Set,,FLUX,1,random_standard_3,,44,0.47780439257621765,0,False,1.3219911250033078,SID_Set,3,44,random_standard_3,3,colour -> noise -> jpeg,colour(strength=-0.2) -> noise(sigma=0.1) -> jpeg(quality=50),"[{""order"":1,""transform"":""colour"",""parameter_name"":""strength"",""parameter_value"":-0.2},{""order"":2,""transform"":""noise"",""parameter_name"":""sigma"",""parameter_value"":0.1},{""order"":3,""transform"":""jpeg"",""parameter_name"":""quality"",""parameter_value"":50}]",True,False,False,True,True,False,0.9870144128799438,1,True,Random standard-3 robustness evaluation — Old SID B - SID-only robustness training vs New Mixed B - SID and CIFAKE robustness training,-0.5092100203037262,True,False,false_negative,New Mixed B - SID and CIFAKE robustness training,efficientnet_b0
mixed_sid_cifake_b,9159a9d4ceb7fccd3eee24c3ddf9600c79c8abf1444cb0646b93ac66fd3b5c44,FAKE/img_10624.jpg,FAKE/img_10624.jpg,SID_Set,,FLUX,1,random_standard_3,,44,0.49929362535476685,0,False,1.429694156250605,SID_Set,3,44,random_standard_3,3,colour -> crop -> noise,colour(strength=-0.2) -> crop(fraction=0.8) -> noise(sigma=0.1),"[{""order"":1,""transform"":""colour"",""parameter_name"":""strength"",""parameter_value"":-0.2},{""order"":2,""transform"":""crop"",""parameter_name"":""fraction"",""parameter_value"":0.8},{""order"":3,""transform"":""noise"",""parameter_name"":""sigma"",""parameter_value"":0.1}]",False,False,False,True,True,True,1.0,1,True,Random standard-3 robustness evaluation — Old SID B - SID-only robustness training vs New Mixed B - SID and CIFAKE robustness training,-0.5007063746452332,True,False,false_negative,New Mixed B - SID and CIFAKE robustness training,efficientnet_b0
mixed_sid_cifake_b,9159a9d4ceb7fccd3eee24c3ddf9600c79c8abf1444cb0646b93ac66fd3b5c44,FAKE/img_9961.jpg,FAKE/img_9961.jpg,SID_Set,,FLUX,1,random_standard_3,,44,0.3895041048526764,0,False,1.4241148281257665,SID_Set,3,44,random_standard_3,3,noise -> colour -> resize,noise(sigma=0.1) -> colour(strength=-0.2) -> resize(scale=0.25),"[{""order"":1,""transform"":""noise"",""parameter_name"":""sigma"",""parameter_value"":0.1},{""order"":2,""transform"":""colour"",""parameter_name"":""strength"",""parameter_value"":-0.2},{""order"":3,""transform"":""resize"",""parameter_name"":""scale"",""parameter_value"":0.25}]",False,False,True,True,True,False,0.999971866607666,1,True,Random standard-3 robustness evaluation — Old SID B - SID-only robustness training vs New Mixed B - SID and CIFAKE robustness training,-0.6104677617549896,True,False,false_negative,New Mixed B - SID and CIFAKE robustness training,efficientnet_b0
mixed_sid_cifake_b,9159a9d4ceb7fccd3eee24c3ddf9600c79c8abf1444cb0646b93ac66fd3b5c44,REAL/img_1083.jpg,REAL/img_1083.jpg,SID_Set,,FLUX,0,random_standard_3,,44,0.5723066926002502,1,False,1.4241148281257665,SID_Set,3,44,random_standard_3,3,blur -> crop -> noise,blur(sigma=2.0) -> crop(fraction=0.8) -> noise(sigma=0.1),"[{""order"":1,""transform"":""blur"",""parameter_name"":""sigma"",""parameter_value"":2.0},{""order"":2,""transform"":""crop"",""parameter_name"":""fraction"",""parameter_value"":0.8},{""order"":3,""transform"":""noise"",""parameter_name"":""sigma"",""parameter_value"":0.1}]",False,True,False,True,False,True,0.03131502866744995,0,True,Random standard-3 robustness evaluation — Old SID B - SID-only robustness training vs New Mixed B - SID and CIFAKE robustness training,0.5409916639328003,True,False,false_positive,New Mixed B - SID and CIFAKE robustness training,efficientnet_b0
mixed_sid_cifake_b,9159a9d4ceb7fccd3eee24c3ddf9600c79c8abf1444cb0646b93ac66fd3b5c44,FAKE/img_11834.jpg,FAKE/img_11834.jpg,SID_Set,,FLUX,1,random_standard_3,,44,0.41414210200309753,0,False,1.4215321562502936,SID_Set,3,44,random_standard_3,3,jpeg -> resize -> noise,jpeg(quality=70) -> resize(scale=0.25) -> noise(sigma=0.1),"[{""order"":1,""transform"":""jpeg"",""parameter_name"":""quality"",""parameter_value"":70},{""order"":2,""transform"":""resize"",""parameter_name"":""scale"",""parameter_value"":0.25},{""order"":3,""transform"":""noise"",""parameter_name"":""sigma"",""parameter_value"":0.1}]",True,False,True,True,False,False,0.997342050075531,1,True,Random standard-3 robustness evaluation — Old SID B - SID-only robustness training vs New Mixed B - SID and CIFAKE robustness training,-0.5831999480724335,True,False,false_negative,New Mixed B - SID and CIFAKE robustness training,efficientnet_b0
mixed_sid_cifake_b,9159a9d4ceb7fccd3eee24c3ddf9600c79c8abf1444cb0646b93ac66fd3b5c44,FAKE/img_8553.jpg,FAKE/img_8553.jpg,SID_Set,,FLUX,1,random_standard_3,,44,0.4783971607685089,0,False,1.4259659999993346,SID_Set,3,44,random_standard_3,3,jpeg -> noise -> crop,jpeg(quality=50) -> noise(sigma=0.1) -> crop(fraction=0.8),"[{""order"":1,""transform"":""jpeg"",""parameter_name"":""quality"",""parameter_value"":50},{""order"":2,""transform"":""noise"",""parameter_name"":""sigma"",""parameter_value"":0.1},{""order"":3,""transform"":""crop"",""parameter_name"":""fraction"",""parameter_value"":0.8}]",True,False,False,True,False,True,0.9999537467956543,1,True,Random standard-3 robustness evaluation — Old SID B - SID-only robustness training vs New Mixed B - SID and CIFAKE robustness training,-0.5215565860271454,True,False,false_negative,New Mixed B - SID and CIFAKE robustness training,efficientnet_b0
mixed_sid_cifake_b,9159a9d4ceb7fccd3eee24c3ddf9600c79c8abf1444cb0646b93ac66fd3b5c44,REAL/img_636.jpg,REAL/img_636.jpg,SID_Set,,FLUX,0,random_standard_3,,44,0.6847731471061707,1,False,1.3188064375029285,SID_Set,3,44,random_standard_3,3,blur -> colour -> resize,blur(sigma=1.0) -> colour(strength=0.2) -> resize(scale=0.25),"[{""order"":1,""transform"":""blur"",""parameter_name"":""sigma"",""parameter_value"":1.0},{""order"":2,""transform"":""colour"",""parameter_name"":""strength"",""parameter_value"":0.2},{""order"":3,""transform"":""resize"",""parameter_name"":""scale"",""parameter_value"":0.25}]",False,True,True,False,True,False,0.013588865287601948,0,True,Random standard-3 robustness evaluation — Old SID B - SID-only robustness training vs New Mixed B - SID and CIFAKE robustness training,0.6711842818185687,True,False,false_positive,New Mixed B - SID and CIFAKE robustness training,efficientnet_b0
mixed_sid_cifake_b,9159a9d4ceb7fccd3eee24c3ddf9600c79c8abf1444cb0646b93ac66fd3b5c44,FAKE/img_11508.jpg,FAKE/img_11508.jpg,SID_Set,,FLUX,1,random_standard_3,,44,0.48640507459640503,0,False,1.4203672968733372,SID_Set,3,44,random_standard_3,3,blur -> jpeg -> crop,blur(sigma=0.5) -> jpeg(quality=70) -> crop(fraction=0.8),"[{""order"":1,""transform"":""blur"",""parameter_name"":""sigma"",""parameter_value"":0.5},{""order"":2,""transform"":""jpeg"",""parameter_name"":""quality"",""parameter_value"":70},{""order"":3,""transform"":""crop"",""parameter_name"":""fraction"",""parameter_value"":0.8}]",True,True,False,False,False,True,0.9134118556976318,1,True,Random standard-3 robustness evaluation — Old SID B - SID-only robustness training vs New Mixed B - SID and CIFAKE robustness training,-0.4270067811012268,True,False,false_negative,New Mixed B - SID and CIFAKE robustness training,efficientnet_b0
mixed_sid_cifake_b,9159a9d4ceb7fccd3eee24c3ddf9600c79c8abf1444cb0646b93ac66fd3b5c44,REAL/img_4921.jpg,REAL/img_4921.jpg,SID_Set,,FLUX,0,random_standard_3,,44,0.9488173723220825,1,False,1.4203672968733372,SID_Set,3,44,random_standard_3,3,jpeg -> noise -> colour,jpeg(quality=90) -> noise(sigma=0.1) -> colour(strength=0.2),"[{""order"":1,""transform"":""jpeg"",""parameter_name"":""quality"",""parameter_value"":90},{""order"":2,""transform"":""noise"",""parameter_name"":""sigma"",""parameter_value"":0.1},{""order"":3,""transform"":""colour"",""parameter_name"":""strength"",""parameter_value"":0.2}]",True,False,False,True,True,False,0.04450761526823044,0,True,Random standard-3 robustness evaluation — Old SID B - SID-only robustness training vs New Mixed B - SID and CIFAKE robustness training,0.9043097570538521,True,False,false_positive,New Mixed B - SID and CIFAKE robustness training,efficientnet_b0
mixed_sid_cifake_b,9159a9d4ceb7fccd3eee24c3ddf9600c79c8abf1444cb0646b93ac66fd3b5c44,FAKE/img_122.jpg,FAKE/img_122.jpg,SID_Set,,FLUX,1,random_standard_3,,44,0.2571443021297455,0,False,1.3060092499941334,SID_Set,3,44,random_standard_3,3,noise -> blur -> jpeg,noise(sigma=0.1) -> blur(sigma=1.0) -> jpeg(quality=70),"[{""order"":1,""transform"":""noise"",""parameter_name"":""sigma"",""parameter_value"":0.1},{""order"":2,""transform"":""blur"",""parameter_name"":""sigma"",""parameter_value"":1.0},{""order"":3,""transform"":""jpeg"",""parameter_name"":""quality"",""parameter_value"":70}]",True,True,False,True,False,False,0.999840259552002,1,True,Random standard-3 robustness evaluation — Old SID B - SID-only robustness training vs New Mixed B - SID and CIFAKE robustness training,-0.7426959574222565,True,False,false_negative,New Mixed B - SID and CIFAKE robustness training,efficientnet_b0
mixed_sid_cifake_b,9159a9d4ceb7fccd3eee24c3ddf9600c79c8abf1444cb0646b93ac66fd3b5c44,REAL/img_3548.jpg,REAL/img_3548.jpg,SID_Set,,FLUX,0,random_standard_3,,44,0.9870949387550354,1,False,1.4028781406310031,SID_Set,3,44,random_standard_3,3,jpeg -> colour -> resize,jpeg(quality=90) -> colour(strength=0.2) -> resize(scale=0.25),"[{""order"":1,""transform"":""jpeg"",""parameter_name"":""quality"",""parameter_value"":90},{""order"":2,""transform"":""colour"",""parameter_name"":""strength"",""parameter_value"":0.2},{""order"":3,""transform"":""resize"",""parameter_name"":""scale"",""parameter_value"":0.25}]",True,False,True,False,True,False,0.978095293045044,1,False,Random standard-3 robustness evaluation — Old SID B - SID-only robustness training vs New Mixed B - SID and CIFAKE robustness training,0.008999645709991455,False,False,false_positive,New Mixed B - SID and CIFAKE robustness training,efficientnet_b0
mixed_sid_cifake_b,9159a9d4ceb7fccd3eee24c3ddf9600c79c8abf1444cb0646b93ac66fd3b5c44,FAKE/img_12605.jpg,FAKE/img_12605.jpg,SID_Set,,FLUX,1,random_standard_3,,44,0.19699503481388092,0,False,1.4855398593809355,SID_Set,3,44,random_standard_3,3,colour -> resize -> jpeg,colour(strength=0.2) -> resize(scale=0.5) -> jpeg(quality=50),"[{""order"":1,""transform"":""colour"",""parameter_name"":""strength"",""parameter_value"":0.2},{""order"":2,""transform"":""resize"",""parameter_name"":""scale"",""parameter_value"":0.5},{""order"":3,""transform"":""jpeg"",""parameter_name"":""quality"",""parameter_value"":50}]",True,False,True,False,True,False,0.578194260597229,1,True,Random standard-3 robustness evaluation — Old SID B - SID-only robustness training vs New Mixed B - SID and CIFAKE robustness training,-0.3811992257833481,True,False,false_negative,New Mixed B - SID and CIFAKE robustness training,efficientnet_b0
mixed_sid_cifake_b,9159a9d4ceb7fccd3eee24c3ddf9600c79c8abf1444cb0646b93ac66fd3b5c44,FAKE/img_7227.jpg,FAKE/img_7227.jpg,SID_Set,,FLUX,1,random_standard_3,,44,0.43851611018180847,0,False,1.420019921873461,SID_Set,3,44,random_standard_3,3,blur -> resize -> noise,blur(sigma=0.5) -> resize(scale=0.5) -> noise(sigma=0.1),"[{""order"":1,""transform"":""blur"",""parameter_name"":""sigma"",""parameter_value"":0.5},{""order"":2,""transform"":""resize"",""parameter_name"":""scale"",""parameter_value"":0.5},{""order"":3,""transform"":""noise"",""parameter_name"":""sigma"",""parameter_value"":0.1}]",False,True,True,True,False,False,0.9770046472549438,1,True,Random standard-3 robustness evaluation — Old SID B - SID-only robustness training vs New Mixed B - SID and CIFAKE robustness training,-0.5384885370731354,True,False,false_negative,New Mixed B - SID and CIFAKE robustness training,efficientnet_b0
mixed_sid_cifake_b,9159a9d4ceb7fccd3eee24c3ddf9600c79c8abf1444cb0646b93ac66fd3b5c44,FAKE/img_6931.jpg,FAKE/img_6931.jpg,SID_Set,,FLUX,1,random_standard_3,,44,0.4527083933353424,0,False,1.420019921873461,SID_Set,3,44,random_standard_3,3,blur -> crop -> colour,blur(sigma=1.0) -> crop(fraction=0.8) -> colour(strength=0.2),"[{""order"":1,""transform"":""blur"",""parameter_name"":""sigma"",""parameter_value"":1.0},{""order"":2,""transform"":""crop"",""parameter_name"":""fraction"",""parameter_value"":0.8},{""order"":3,""transform"":""colour"",""parameter_name"":""strength"",""parameter_value"":0.2}]",False,True,False,False,True,True,0.9999890327453613,1,True,Random standard-3 robustness evaluation — Old SID B - SID-only robustness training vs New Mixed B - SID and CIFAKE robustness training,-0.5472806394100189,True,False,false_negative,New Mixed B - SID and CIFAKE robustness training,efficientnet_b0
mixed_sid_cifake_b,9159a9d4ceb7fccd3eee24c3ddf9600c79c8abf1444cb0646b93ac66fd3b5c44,FAKE/img_12252.jpg,FAKE/img_12252.jpg,SID_Set,,FLUX,1,random_standard_3,,44,0.30386731028556824,0,False,1.420019921873461,SID_Set,3,44,random_standard_3,3,jpeg -> colour -> blur,jpeg(quality=50) -> colour(strength=0.2) -> blur(sigma=2.0),"[{""order"":1,""transform"":""jpeg"",""parameter_name"":""quality"",""parameter_value"":50},{""order"":2,""transform"":""colour"",""parameter_name"":""strength"",""parameter_value"":0.2},{""order"":3,""transform"":""blur"",""parameter_name"":""sigma"",""parameter_value"":2.0}]",True,True,False,False,True,False,0.9997574687004089,1,True,Random standard-3 robustness evaluation — Old SID B - SID-only robustness training vs New Mixed B - SID and CIFAKE robustness training,-0.6958901584148407,True,False,false_negative,New Mixed B - SID and CIFAKE robustness training,efficientnet_b0
mixed_sid_cifake_b,9159a9d4ceb7fccd3eee24c3ddf9600c79c8abf1444cb0646b93ac66fd3b5c44,REAL/img_14614.jpg,REAL/img_14614.jpg,SID_Set,,FLUX,0,random_standard_3,,44,0.5361951589584351,1,False,1.4641626562550414,SID_Set,3,44,random_standard_3,3,resize -> crop -> jpeg,resize(scale=0.25) -> crop(fraction=0.8) -> jpeg(quality=70),"[{""order"":1,""transform"":""resize"",""parameter_name"":""scale"",""parameter_value"":0.25},{""order"":2,""transform"":""crop"",""parameter_name"":""fraction"",""parameter_value"":0.8},{""order"":3,""transform"":""jpeg"",""parameter_name"":""quality"",""parameter_value"":70}]",True,False,True,False,False,True,0.06139875203371048,0,True,Random standard-3 robustness evaluation — Old SID B - SID-only robustness training vs New Mixed B - SID and CIFAKE robustness training,0.4747964069247246,True,False,false_positive,New Mixed B - SID and CIFAKE robustness training,efficientnet_b0
mixed_sid_cifake_b,9159a9d4ceb7fccd3eee24c3ddf9600c79c8abf1444cb0646b93ac66fd3b5c44,REAL/img_10048.jpg,REAL/img_10048.jpg,SID_Set,,FLUX,0,random_standard_3,,44,0.9806395173072815,1,False,1.4677874374982025,SID_Set,3,44,random_standard_3,3,colour -> jpeg -> resize,colour(strength=0.2) -> jpeg(quality=50) -> resize(scale=0.5),"[{""order"":1,""transform"":""colour"",""parameter_name"":""strength"",""parameter_value"":0.2},{""order"":2,""transform"":""jpeg"",""parameter_name"":""quality"",""parameter_value"":50},{""order"":3,""transform"":""resize"",""parameter_name"":""scale"",""parameter_value"":0.5}]",True,False,True,False,True,False,0.9853718876838684,1,False,Random standard-3 robustness evaluation — Old SID B - SID-only robustness training vs New Mixed B - SID and CIFAKE robustness training,-0.004732370376586914,False,False,false_positive,New Mixed B - SID and CIFAKE robustness training,efficientnet_b0
mixed_sid_cifake_b,9159a9d4ceb7fccd3eee24c3ddf9600c79c8abf1444cb0646b93ac66fd3b5c44,REAL/img_8599.jpg,REAL/img_8599.jpg,SID_Set,,FLUX,0,random_standard_3,,44,0.9019491672515869,1,False,1.4194338281257046,SID_Set,3,44,random_standard_3,3,noise -> colour -> resize,noise(sigma=0.05) -> colour(strength=-0.2) -> resize(scale=0.25),"[{""order"":1,""transform"":""noise"",""parameter_name"":""sigma"",""parameter_value"":0.05},{""order"":2,""transform"":""colour"",""parameter_name"":""strength"",""parameter_value"":-0.2},{""order"":3,""transform"":""resize"",""parameter_name"":""scale"",""parameter_value"":0.25}]",False,False,True,True,True,False,0.7634474039077759,1,False,Random standard-3 robustness evaluation — Old SID B - SID-only robustness training vs New Mixed B - SID and CIFAKE robustness training,0.13850176334381104,False,False,false_positive,New Mixed B - SID and CIFAKE robustness training,efficientnet_b0
mixed_sid_cifake_b,9159a9d4ceb7fccd3eee24c3ddf9600c79c8abf1444cb0646b93ac66fd3b5c44,REAL/img_2145.jpg,REAL/img_2145.jpg,SID_Set,,FLUX,0,random_standard_3,,44,0.677614688873291,1,False,1.4194338281257046,SID_Set,3,44,random_standard_3,3,jpeg -> blur -> crop,jpeg(quality=50) -> blur(sigma=0.5) -> crop(fraction=0.8),"[{""order"":1,""transform"":""jpeg"",""parameter_name"":""quality"",""parameter_value"":50},{""order"":2,""transform"":""blur"",""parameter_name"":""sigma"",""parameter_value"":0.5},{""order"":3,""transform"":""crop"",""parameter_name"":""fraction"",""parameter_value"":0.8}]",True,True,False,False,False,True,0.7396129965782166,1,False,Random standard-3 robustness evaluation — Old SID B - SID-only robustness training vs New Mixed B - SID and CIFAKE robustness training,-0.06199830770492554,False,False,false_positive,New Mixed B - SID and CIFAKE robustness training,efficientnet_b0
mixed_sid_cifake_b,9159a9d4ceb7fccd3eee24c3ddf9600c79c8abf1444cb0646b93ac66fd3b5c44,REAL/img_8780.jpg,REAL/img_8780.jpg,SID_Set,,FLUX,0,random_standard_3,,44,0.9932845830917358,1,False,1.420090234375948,SID_Set,3,44,random_standard_3,3,resize -> crop -> jpeg,resize(scale=0.25) -> crop(fraction=0.8) -> jpeg(quality=70),"[{""order"":1,""transform"":""resize"",""parameter_name"":""scale"",""parameter_value"":0.25},{""order"":2,""transform"":""crop"",""parameter_name"":""fraction"",""parameter_value"":0.8},{""order"":3,""transform"":""jpeg"",""parameter_name"":""quality"",""parameter_value"":70}]",True,False,True,False,False,True,0.03793276846408844,0,True,Random standard-3 robustness evaluation — Old SID B - SID-only robustness training vs New Mixed B - SID and CIFAKE robustness training,0.9553518146276474,True,False,false_positive,New Mixed B - SID and CIFAKE robustness training,efficientnet_b0
mixed_sid_cifake_b,9159a9d4ceb7fccd3eee24c3ddf9600c79c8abf1444cb0646b93ac66fd3b5c44,REAL/img_4385.jpg,REAL/img_4385.jpg,SID_Set,,FLUX,0,random_standard_3,,44,0.8270436525344849,1,False,1.420090234375948,SID_Set,3,44,random_standard_3,3,resize -> noise -> colour,resize(scale=0.25) -> noise(sigma=0.1) -> colour(strength=0.2),"[{""order"":1,""transform"":""resize"",""parameter_name"":""scale"",""parameter_value"":0.25},{""order"":2,""transform"":""noise"",""parameter_name"":""sigma"",""parameter_value"":0.1},{""order"":3,""transform"":""colour"",""parameter_name"":""strength"",""parameter_value"":0.2}]",False,False,True,True,True,False,0.07034029066562653,0,True,Random standard-3 robustness evaluation — Old SID B - SID-only robustness training vs New Mixed B - SID and CIFAKE robustness training,0.7567033618688583,True,False,false_positive,New Mixed B - SID and CIFAKE robustness training,efficientnet_b0
mixed_sid_cifake_b,9159a9d4ceb7fccd3eee24c3ddf9600c79c8abf1444cb0646b93ac66fd3b5c44,FAKE/img_14799.jpg,FAKE/img_14799.jpg,SID_Set,,FLUX,1,random_standard_3,,44,0.16186124086380005,0,False,1.3009636249989853,SID_Set,3,44,random_standard_3,3,noise -> crop -> colour,noise(sigma=0.1) -> crop(fraction=0.8) -> colour(strength=0.2),"[{""order"":1,""transform"":""noise"",""parameter_name"":""sigma"",""parameter_value"":0.1},{""order"":2,""transform"":""crop"",""parameter_name"":""fraction"",""parameter_value"":0.8},{""order"":3,""transform"":""colour"",""parameter_name"":""strength"",""parameter_value"":0.2}]",False,False,False,True,True,True,0.9936845898628235,1,True,Random standard-3 robustness evaluation — Old SID B - SID-only robustness training vs New Mixed B - SID and CIFAKE robustness training,-0.8318233489990234,True,False,false_negative,New Mixed B - SID and CIFAKE robustness training,efficientnet_b0
mixed_sid_cifake_b,9159a9d4ceb7fccd3eee24c3ddf9600c79c8abf1444cb0646b93ac66fd3b5c44,FAKE/img_479.jpg,FAKE/img_479.jpg,SID_Set,,FLUX,1,random_standard_3,,44,0.18929170072078705,0,False,1.3009636249989853,SID_Set,3,44,random_standard_3,3,resize -> blur -> noise,resize(scale=0.5) -> blur(sigma=0.5) -> noise(sigma=0.05),"[{""order"":1,""transform"":""resize"",""parameter_name"":""scale"",""parameter_value"":0.5},{""order"":2,""transform"":""blur"",""parameter_name"":""sigma"",""parameter_value"":0.5},{""order"":3,""transform"":""noise"",""parameter_name"":""sigma"",""parameter_value"":0.05}]",False,True,True,True,False,False,0.4102001488208771,0,False,Random standard-3 robustness evaluation — Old SID B - SID-only robustness training vs New Mixed B - SID and CIFAKE robustness training,-0.22090844810009003,False,False,false_negative,New Mixed B - SID and CIFAKE robustness training,efficientnet_b0
mixed_sid_cifake_b,9159a9d4ceb7fccd3eee24c3ddf9600c79c8abf1444cb0646b93ac66fd3b5c44,FAKE/img_16529.jpg,FAKE/img_16529.jpg,SID_Set,,FLUX,1,random_standard_3,,44,0.03562641516327858,0,False,1.4719898593753555,SID_Set,3,44,random_standard_3,3,jpeg -> colour -> blur,jpeg(quality=70) -> colour(strength=0.2) -> blur(sigma=0.5),"[{""order"":1,""transform"":""jpeg"",""parameter_name"":""quality"",""parameter_value"":70},{""order"":2,""transform"":""colour"",""parameter_name"":""strength"",""parameter_value"":0.2},{""order"":3,""transform"":""blur"",""parameter_name"":""sigma"",""parameter_value"":0.5}]",True,True,False,False,True,False,0.17779263854026794,0,False,Random standard-3 robustness evaluation — Old SID B - SID-only robustness training vs New Mixed B - SID and CIFAKE robustness training,-0.14216622337698936,False,False,false_negative,New Mixed B - SID and CIFAKE robustness training,efficientnet_b0
mixed_sid_cifake_b,9159a9d4ceb7fccd3eee24c3ddf9600c79c8abf1444cb0646b93ac66fd3b5c44,REAL/img_2934.jpg,REAL/img_2934.jpg,SID_Set,,FLUX,0,random_standard_3,,44,0.5619273781776428,1,False,1.4601501249984494,SID_Set,3,44,random_standard_3,3,blur -> colour -> resize,blur(sigma=0.5) -> colour(strength=-0.2) -> resize(scale=0.25),"[{""order"":1,""transform"":""blur"",""parameter_name"":""sigma"",""parameter_value"":0.5},{""order"":2,""transform"":""colour"",""parameter_name"":""strength"",""parameter_value"":-0.2},{""order"":3,""transform"":""resize"",""parameter_name"":""scale"",""parameter_value"":0.25}]",False,True,True,False,True,False,0.7979865074157715,1,False,Random standard-3 robustness evaluation — Old SID B - SID-only robustness training vs New Mixed B - SID and CIFAKE robustness training,-0.23605912923812866,False,False,false_positive,New Mixed B - SID and CIFAKE robustness training,efficientnet_b0
mixed_sid_cifake_b,9159a9d4ceb7fccd3eee24c3ddf9600c79c8abf1444cb0646b93ac66fd3b5c44,FAKE/img_2562.jpg,FAKE/img_2562.jpg,SID_Set,,FLUX,1,random_standard_3,,44,0.408519446849823,0,False,1.4601501249984494,SID_Set,3,44,random_standard_3,3,noise -> crop -> resize,noise(sigma=0.1) -> crop(fraction=0.8) -> resize(scale=0.5),"[{""order"":1,""transform"":""noise"",""parameter_name"":""sigma"",""parameter_value"":0.1},{""order"":2,""transform"":""crop"",""parameter_name"":""fraction"",""parameter_value"":0.8},{""order"":3,""transform"":""resize"",""parameter_name"":""scale"",""parameter_value"":0.5}]",False,False,True,True,False,True,0.997637152671814,1,True,Random standard-3 robustness evaluation — Old SID B - SID-only robustness training vs New Mixed B - SID and CIFAKE robustness training,-0.589117705821991,True,False,false_negative,New Mixed B - SID and CIFAKE robustness training,efficientnet_b0
mixed_sid_cifake_b,9159a9d4ceb7fccd3eee24c3ddf9600c79c8abf1444cb0646b93ac66fd3b5c44,REAL/img_8684.jpg,REAL/img_8684.jpg,SID_Set,,FLUX,0,random_standard_3,,44,0.8080816268920898,1,False,1.3267232499956094,SID_Set,3,44,random_standard_3,3,resize -> blur -> crop,resize(scale=0.25) -> blur(sigma=2.0) -> crop(fraction=0.8),"[{""order"":1,""transform"":""resize"",""parameter_name"":""scale"",""parameter_value"":0.25},{""order"":2,""transform"":""blur"",""parameter_name"":""sigma"",""parameter_value"":2.0},{""order"":3,""transform"":""crop"",""parameter_name"":""fraction"",""parameter_value"":0.8}]",False,True,True,False,False,True,0.6032043099403381,1,False,Random standard-3 robustness evaluation — Old SID B - SID-only robustness training vs New Mixed B - SID and CIFAKE robustness training,0.2048773169517517,False,False,false_positive,New Mixed B - SID and CIFAKE robustness training,efficientnet_b0
mixed_sid_cifake_b,9159a9d4ceb7fccd3eee24c3ddf9600c79c8abf1444cb0646b93ac66fd3b5c44,FAKE/img_2715.jpg,FAKE/img_2715.jpg,SID_Set,,FLUX,1,random_standard_3,,44,0.4772998094558716,0,False,1.4210647031234203,SID_Set,3,44,random_standard_3,3,noise -> jpeg -> blur,noise(sigma=0.02) -> jpeg(quality=30) -> blur(sigma=1.0),"[{""order"":1,""transform"":""noise"",""parameter_name"":""sigma"",""parameter_value"":0.02},{""order"":2,""transform"":""jpeg"",""parameter_name"":""quality"",""parameter_value"":30},{""order"":3,""transform"":""blur"",""parameter_name"":""sigma"",""parameter_value"":1.0}]",True,True,False,True,False,False,0.9600524306297302,1,True,Random standard-3 robustness evaluation — Old SID B - SID-only robustness training vs New Mixed B - SID and CIFAKE robustness training,-0.48275262117385864,True,False,false_negative,New Mixed B - SID and CIFAKE robustness training,efficientnet_b0
mixed_sid_cifake_b,9159a9d4ceb7fccd3eee24c3ddf9600c79c8abf1444cb0646b93ac66fd3b5c44,REAL/img_1424.jpg,REAL/img_1424.jpg,SID_Set,,FLUX,0,random_standard_3,,44,0.5386781096458435,1,False,1.4049365781261258,SID_Set,3,44,random_standard_3,3,colour -> noise -> jpeg,colour(strength=0.2) -> noise(sigma=0.1) -> jpeg(quality=90),"[{""order"":1,""transform"":""colour"",""parameter_name"":""strength"",""parameter_value"":0.2},{""order"":2,""transform"":""noise"",""parameter_name"":""sigma"",""parameter_value"":0.1},{""order"":3,""transform"":""jpeg"",""parameter_name"":""quality"",""parameter_value"":90}]",True,False,False,True,True,False,0.09305301308631897,0,True,Random standard-3 robustness evaluation — Old SID B - SID-only robustness training vs New Mixed B - SID and CIFAKE robustness training,0.44562509655952454,True,False,false_positive,New Mixed B - SID and CIFAKE robustness training,efficientnet_b0
mixed_sid_cifake_b,9159a9d4ceb7fccd3eee24c3ddf9600c79c8abf1444cb0646b93ac66fd3b5c44,FAKE/img_8821.jpg,FAKE/img_8821.jpg,SID_Set,,FLUX,1,random_standard_3,,44,0.3527507185935974,0,False,1.4049365781261258,SID_Set,3,44,random_standard_3,3,colour -> blur -> crop,colour(strength=-0.2) -> blur(sigma=1.0) -> crop(fraction=0.8),"[{""order"":1,""transform"":""colour"",""parameter_name"":""strength"",""parameter_value"":-0.2},{""order"":2,""transform"":""blur"",""parameter_name"":""sigma"",""parameter_value"":1.0},{""order"":3,""transform"":""crop"",""parameter_name"":""fraction"",""parameter_value"":0.8}]",False,True,False,False,True,True,0.9962254762649536,1,True,Random standard-3 robustness evaluation — Old SID B - SID-only robustness training vs New Mixed B - SID and CIFAKE robustness training,-0.6434747576713562,True,False,false_negative,New Mixed B - SID and CIFAKE robustness training,efficientnet_b0
mixed_sid_cifake_b,9159a9d4ceb7fccd3eee24c3ddf9600c79c8abf1444cb0646b93ac66fd3b5c44,FAKE/img_15485.jpg,FAKE/img_15485.jpg,SID_Set,,FLUX,1,random_standard_3,,44,0.011623009108006954,0,False,1.4049365781261258,SID_Set,3,44,random_standard_3,3,noise -> resize -> blur,noise(sigma=0.05) -> resize(scale=0.5) -> blur(sigma=0.5),"[{""order"":1,""transform"":""noise"",""parameter_name"":""sigma"",""parameter_value"":0.05},{""order"":2,""transform"":""resize"",""parameter_name"":""scale"",""parameter_value"":0.5},{""order"":3,""transform"":""blur"",""parameter_name"":""sigma"",""parameter_value"":0.5}]",False,True,True,True,False,False,0.15037019550800323,0,False,Random standard-3 robustness evaluation — Old SID B - SID-only robustness training vs New Mixed B - SID and CIFAKE robustness training,-0.13874718639999628,False,False,false_negative,New Mixed B - SID and CIFAKE robustness training,efficientnet_b0
old_sid_b,918083148a04149dd2209ae21810aa4279583e57f687b4b63d9300a5aae64d55,FAKE/img_13780.jpg,FAKE/img_13780.jpg,SID_Set,,FLUX,1,random_standard_3,,45,0.18396857380867004,0,False,1.4633800781282957,SID_Set,4,45,random_standard_3,3,crop -> colour -> resize,crop(fraction=0.8) -> colour(strength=0.2) -> resize(scale=0.25),"[{""order"":1,""transform"":""crop"",""parameter_name"":""fraction"",""parameter_value"":0.8},{""order"":2,""transform"":""colour"",""parameter_name"":""strength"",""parameter_value"":0.2},{""order"":3,""transform"":""resize"",""parameter_name"":""scale"",""parameter_value"":0.25}]",False,False,True,False,True,True,0.9145621061325073,1,True,Random standard-3 robustness evaluation — Old SID B - SID-only robustness training vs New Mixed B - SID and CIFAKE robustness training,-0.7305935323238373,True,False,false_negative,Old SID B - SID-only robustness training,efficientnet_b0
old_sid_b,918083148a04149dd2209ae21810aa4279583e57f687b4b63d9300a5aae64d55,FAKE/img_3145.jpg,FAKE/img_3145.jpg,SID_Set,,FLUX,1,random_standard_3,,45,0.04087424278259277,0,False,1.4191881562481967,SID_Set,4,45,random_standard_3,3,resize -> crop -> colour,resize(scale=0.5) -> crop(fraction=0.8) -> colour(strength=0.2),"[{""order"":1,""transform"":""resize"",""parameter_name"":""scale"",""parameter_value"":0.5},{""order"":2,""transform"":""crop"",""parameter_name"":""fraction"",""parameter_value"":0.8},{""order"":3,""transform"":""colour"",""parameter_name"":""strength"",""parameter_value"":0.2}]",False,False,True,False,True,True,0.9815183281898499,1,True,Random standard-3 robustness evaluation — Old SID B - SID-only robustness training vs New Mixed B - SID and CIFAKE robustness training,-0.9406440854072571,True,False,false_negative,Old SID B - SID-only robustness training,efficientnet_b0
old_sid_b,918083148a04149dd2209ae21810aa4279583e57f687b4b63d9300a5aae64d55,FAKE/img_10261.jpg,FAKE/img_10261.jpg,SID_Set,,FLUX,1,random_standard_3,,45,0.20312686264514923,0,False,1.5352321250006185,SID_Set,4,45,random_standard_3,3,noise -> crop -> blur,noise(sigma=0.1) -> crop(fraction=0.8) -> blur(sigma=2.0),"[{""order"":1,""transform"":""noise"",""parameter_name"":""sigma"",""parameter_value"":0.1},{""order"":2,""transform"":""crop"",""parameter_name"":""fraction"",""parameter_value"":0.8},{""order"":3,""transform"":""blur"",""parameter_name"":""sigma"",""parameter_value"":2.0}]",False,True,False,True,False,True,0.9997279047966003,1,True,Random standard-3 robustness evaluation — Old SID B - SID-only robustness training vs New Mixed B - SID and CIFAKE robustness training,-0.7966010421514511,True,False,false_negative,Old SID B - SID-only robustness training,efficientnet_b0
old_sid_b,918083148a04149dd2209ae21810aa4279583e57f687b4b63d9300a5aae64d55,FAKE/img_4015.jpg,FAKE/img_4015.jpg,SID_Set,,FLUX,1,random_standard_3,,45,0.028040293604135513,0,False,1.4193969062503697,SID_Set,4,45,random_standard_3,3,jpeg -> noise -> crop,jpeg(quality=70) -> noise(sigma=0.1) -> crop(fraction=0.8),"[{""order"":1,""transform"":""jpeg"",""parameter_name"":""quality"",""parameter_value"":70},{""order"":2,""transform"":""noise"",""parameter_name"":""sigma"",""parameter_value"":0.1},{""order"":3,""transform"":""crop"",""parameter_name"":""fraction"",""parameter_value"":0.8}]",True,False,False,True,False,True,0.9916383624076843,1,True,Random standard-3 robustness evaluation — Old SID B - SID-only robustness training vs New Mixed B - SID and CIFAKE robustness training,-0.9635980688035488,True,False,false_negative,Old SID B - SID-only robustness training,efficientnet_b0
old_sid_b,918083148a04149dd2209ae21810aa4279583e57f687b4b63d9300a5aae64d55,FAKE/img_5791.jpg,FAKE/img_5791.jpg,SID_Set,,FLUX,1,random_standard_3,,45,0.03795553371310234,0,False,1.4200652812519365,SID_Set,4,45,random_standard_3,3,colour -> crop -> blur,colour(strength=0.2) -> crop(fraction=0.8) -> blur(sigma=0.5),"[{""order"":1,""transform"":""colour"",""parameter_name"":""strength"",""parameter_value"":0.2},{""order"":2,""transform"":""crop"",""parameter_name"":""fraction"",""parameter_value"":0.8},{""order"":3,""transform"":""blur"",""parameter_name"":""sigma"",""parameter_value"":0.5}]",False,True,False,False,True,True,0.0035398853942751884,0,False,Random standard-3 robustness evaluation — Old SID B - SID-only robustness training vs New Mixed B - SID and CIFAKE robustness training,0.03441564831882715,False,False,false_negative,Old SID B - SID-only robustness training,efficientnet_b0
old_sid_b,918083148a04149dd2209ae21810aa4279583e57f687b4b63d9300a5aae64d55,FAKE/img_4172.jpg,FAKE/img_4172.jpg,SID_Set,,FLUX,1,random_standard_3,,45,0.28769466280937195,0,False,1.4200652812519365,SID_Set,4,45,random_standard_3,3,jpeg -> crop -> colour,jpeg(quality=30) -> crop(fraction=0.8) -> colour(strength=0.2),"[{""order"":1,""transform"":""jpeg"",""parameter_name"":""quality"",""parameter_value"":30},{""order"":2,""transform"":""crop"",""parameter_name"":""fraction"",""parameter_value"":0.8},{""order"":3,""transform"":""colour"",""parameter_name"":""strength"",""parameter_value"":0.2}]",True,False,False,False,True,True,0.9999656677246094,1,True,Random standard-3 robustness evaluation — Old SID B - SID-only robustness training vs New Mixed B - SID and CIFAKE robustness training,-0.7122710049152374,True,False,false_negative,Old SID B - SID-only robustness training,efficientnet_b0
old_sid_b,918083148a04149dd2209ae21810aa4279583e57f687b4b63d9300a5aae64d55,FAKE/img_11044.jpg,FAKE/img_11044.jpg,SID_Set,,FLUX,1,random_standard_3,,45,0.2747059762477875,0,False,1.4480562343806014,SID_Set,4,45,random_standard_3,3,noise -> colour -> crop,noise(sigma=0.02) -> colour(strength=-0.2) -> crop(fraction=0.8),"[{""order"":1,""transform"":""noise"",""parameter_name"":""sigma"",""parameter_value"":0.02},{""order"":2,""transform"":""colour"",""parameter_name"":""strength"",""parameter_value"":-0.2},{""order"":3,""transform"":""crop"",""parameter_name"":""fraction"",""parameter_value"":0.8}]",False,False,False,True,True,True,0.9986322522163391,1,True,Random standard-3 robustness evaluation — Old SID B - SID-only robustness training vs New Mixed B - SID and CIFAKE robustness training,-0.7239262759685516,True,False,false_negative,Old SID B - SID-only robustness training,efficientnet_b0
old_sid_b,918083148a04149dd2209ae21810aa4279583e57f687b4b63d9300a5aae64d55,FAKE/img_5338.jpg,FAKE/img_5338.jpg,SID_Set,,FLUX,1,random_standard_3,,45,0.19696219265460968,0,False,1.4365550468795618,SID_Set,4,45,random_standard_3,3,blur -> resize -> colour,blur(sigma=0.5) -> resize(scale=0.25) -> colour(strength=0.2),"[{""order"":1,""transform"":""blur"",""parameter_name"":""sigma"",""parameter_value"":0.5},{""order"":2,""transform"":""resize"",""parameter_name"":""scale"",""parameter_value"":0.25},{""order"":3,""transform"":""colour"",""parameter_name"":""strength"",""parameter_value"":0.2}]",False,True,True,False,True,False,0.5877166390419006,1,True,Random standard-3 robustness evaluation — Old SID B - SID-only robustness training vs New Mixed B - SID and CIFAKE robustness training,-0.39075444638729095,True,False,false_negative,Old SID B - SID-only robustness training,efficientnet_b0
old_sid_b,918083148a04149dd2209ae21810aa4279583e57f687b4b63d9300a5aae64d55,FAKE/img_10745.jpg,FAKE/img_10745.jpg,SID_Set,,FLUX,1,random_standard_3,,45,0.14569102227687836,0,False,1.419564921874894,SID_Set,4,45,random_standard_3,3,resize -> jpeg -> noise,resize(scale=0.25) -> jpeg(quality=50) -> noise(sigma=0.1),"[{""order"":1,""transform"":""resize"",""parameter_name"":""scale"",""parameter_value"":0.25},{""order"":2,""transform"":""jpeg"",""parameter_name"":""quality"",""parameter_value"":50},{""order"":3,""transform"":""noise"",""parameter_name"":""sigma"",""parameter_value"":0.1}]",True,False,True,True,False,False,0.5851360559463501,1,True,Random standard-3 robustness evaluation — Old SID B - SID-only robustness training vs New Mixed B - SID and CIFAKE robustness training,-0.43944503366947174,True,False,false_negative,Old SID B - SID-only robustness training,efficientnet_b0
old_sid_b,918083148a04149dd2209ae21810aa4279583e57f687b4b63d9300a5aae64d55,FAKE/img_12773.jpg,FAKE/img_12773.jpg,SID_Set,,FLUX,1,random_standard_3,,45,0.24393819272518158,0,False,1.4420602656244341,SID_Set,4,45,random_standard_3,3,crop -> colour -> jpeg,crop(fraction=0.8) -> colour(strength=-0.2) -> jpeg(quality=30),"[{""order"":1,""transform"":""crop"",""parameter_name"":""fraction"",""parameter_value"":0.8},{""order"":2,""transform"":""colour"",""parameter_name"":""strength"",""parameter_value"":-0.2},{""order"":3,""transform"":""jpeg"",""parameter_name"":""quality"",""parameter_value"":30}]",True,False,False,False,True,True,0.9890535473823547,1,True,Random standard-3 robustness evaluation — Old SID B - SID-only robustness training vs New Mixed B - SID and CIFAKE robustness training,-0.7451153546571732,True,False,false_negative,Old SID B - SID-only robustness training,efficientnet_b0
old_sid_b,918083148a04149dd2209ae21810aa4279583e57f687b4b63d9300a5aae64d55,FAKE/img_4017.jpg,FAKE/img_4017.jpg,SID_Set,,FLUX,1,random_standard_3,,45,0.22844335436820984,0,False,1.4202993593741553,SID_Set,4,45,random_standard_3,3,noise -> resize -> jpeg,noise(sigma=0.1) -> resize(scale=0.25) -> jpeg(quality=50),"[{""order"":1,""transform"":""noise"",""parameter_name"":""sigma"",""parameter_value"":0.1},{""order"":2,""transform"":""resize"",""parameter_name"":""scale"",""parameter_value"":0.25},{""order"":3,""transform"":""jpeg"",""parameter_name"":""quality"",""parameter_value"":50}]",True,False,True,True,False,False,0.9904487729072571,1,True,Random standard-3 robustness evaluation — Old SID B - SID-only robustness training vs New Mixed B - SID and CIFAKE robustness training,-0.7620054185390472,True,False,false_negative,Old SID B - SID-only robustness training,efficientnet_b0
old_sid_b,918083148a04149dd2209ae21810aa4279583e57f687b4b63d9300a5aae64d55,FAKE/img_1576.jpg,FAKE/img_1576.jpg,SID_Set,,FLUX,1,random_standard_3,,45,0.006286008283495903,0,False,1.4492979531226524,SID_Set,4,45,random_standard_3,3,blur -> noise -> colour,blur(sigma=0.5) -> noise(sigma=0.05) -> colour(strength=0.2),"[{""order"":1,""transform"":""blur"",""parameter_name"":""sigma"",""parameter_value"":0.5},{""order"":2,""transform"":""noise"",""parameter_name"":""sigma"",""parameter_value"":0.05},{""order"":3,""transform"":""colour"",""parameter_name"":""strength"",""parameter_value"":0.2}]",False,True,False,True,True,False,0.0226239413022995,0,False,Random standard-3 robustness evaluation — Old SID B - SID-only robustness training vs New Mixed B - SID and CIFAKE robustness training,-0.016337933018803596,False,False,false_negative,Old SID B - SID-only robustness training,efficientnet_b0
old_sid_b,918083148a04149dd2209ae21810aa4279583e57f687b4b63d9300a5aae64d55,FAKE/img_1660.jpg,FAKE/img_1660.jpg,SID_Set,,FLUX,1,random_standard_3,,45,0.35450851917266846,0,False,1.4492979531226524,SID_Set,4,45,random_standard_3,3,blur -> crop -> resize,blur(sigma=0.5) -> crop(fraction=0.8) -> resize(scale=0.25),"[{""order"":1,""transform"":""blur"",""parameter_name"":""sigma"",""parameter_value"":0.5},{""order"":2,""transform"":""crop"",""parameter_name"":""fraction"",""parameter_value"":0.8},{""order"":3,""transform"":""resize"",""parameter_name"":""scale"",""parameter_value"":0.25}]",False,True,True,False,False,True,0.8495797514915466,1,True,Random standard-3 robustness evaluation — Old SID B - SID-only robustness training vs New Mixed B - SID and CIFAKE robustness training,-0.4950712323188782,True,False,false_negative,Old SID B - SID-only robustness training,efficientnet_b0
old_sid_b,918083148a04149dd2209ae21810aa4279583e57f687b4b63d9300a5aae64d55,FAKE/img_15540.jpg,FAKE/img_15540.jpg,SID_Set,,FLUX,1,random_standard_3,,45,0.44774129986763,0,False,1.4315147031283004,SID_Set,4,45,random_standard_3,3,resize -> colour -> noise,resize(scale=0.25) -> colour(strength=-0.2) -> noise(sigma=0.1),"[{""order"":1,""transform"":""resize"",""parameter_name"":""scale"",""parameter_value"":0.25},{""order"":2,""transform"":""colour"",""parameter_name"":""strength"",""parameter_value"":-0.2},{""order"":3,""transform"":""noise"",""parameter_name"":""sigma"",""parameter_value"":0.1}]",False,False,True,True,True,False,0.9338117837905884,1,True,Random standard-3 robustness evaluation — Old SID B - SID-only robustness training vs New Mixed B - SID and CIFAKE robustness training,-0.4860704839229584,True,False,false_negative,Old SID B - SID-only robustness training,efficientnet_b0
old_sid_b,918083148a04149dd2209ae21810aa4279583e57f687b4b63d9300a5aae64d55,REAL/img_10836.jpg,REAL/img_10836.jpg,SID_Set,,FLUX,0,random_standard_3,,45,0.9745959043502808,1,False,1.4341023593757996,SID_Set,4,45,random_standard_3,3,blur -> jpeg -> crop,blur(sigma=1.0) -> jpeg(quality=90) -> crop(fraction=0.8),"[{""order"":1,""transform"":""blur"",""parameter_name"":""sigma"",""parameter_value"":1.0},{""order"":2,""transform"":""jpeg"",""parameter_name"":""quality"",""parameter_value"":90},{""order"":3,""transform"":""crop"",""parameter_name"":""fraction"",""parameter_value"":0.8}]",True,True,False,False,False,True,0.03565986081957817,0,True,Random standard-3 robustness evaluation — Old SID B - SID-only robustness training vs New Mixed B - SID and CIFAKE robustness training,0.9389360435307026,True,False,false_positive,Old SID B - SID-only robustness training,efficientnet_b0
old_sid_b,918083148a04149dd2209ae21810aa4279583e57f687b4b63d9300a5aae64d55,FAKE/img_9867.jpg,FAKE/img_9867.jpg,SID_Set,,FLUX,1,random_standard_3,,45,0.07078663259744644,0,False,1.419881296875758,SID_Set,4,45,random_standard_3,3,blur -> crop -> noise,blur(sigma=2.0) -> crop(fraction=0.8) -> noise(sigma=0.1),"[{""order"":1,""transform"":""blur"",""parameter_name"":""sigma"",""parameter_value"":2.0},{""order"":2,""transform"":""crop"",""parameter_name"":""fraction"",""parameter_value"":0.8},{""order"":3,""transform"":""noise"",""parameter_name"":""sigma"",""parameter_value"":0.1}]",False,True,False,True,False,True,0.9814841747283936,1,True,Random standard-3 robustness evaluation — Old SID B - SID-only robustness training vs New Mixed B - SID and CIFAKE robustness training,-0.9106975421309471,True,False,false_negative,Old SID B - SID-only robustness training,efficientnet_b0
old_sid_b,918083148a04149dd2209ae21810aa4279583e57f687b4b63d9300a5aae64d55,FAKE/img_15497.jpg,FAKE/img_15497.jpg,SID_Set,,FLUX,1,random_standard_3,,45,0.04734368249773979,0,False,1.419881296875758,SID_Set,4,45,random_standard_3,3,noise -> resize -> crop,noise(sigma=0.05) -> resize(scale=0.25) -> crop(fraction=0.8),"[{""order"":1,""transform"":""noise"",""parameter_name"":""sigma"",""parameter_value"":0.05},{""order"":2,""transform"":""resize"",""parameter_name"":""scale"",""parameter_value"":0.25},{""order"":3,""transform"":""crop"",""parameter_name"":""fraction"",""parameter_value"":0.8}]",False,False,True,True,False,True,0.9293304681777954,1,True,Random standard-3 robustness evaluation — Old SID B - SID-only robustness training vs New Mixed B - SID and CIFAKE robustness training,-0.8819867856800556,True,False,false_negative,Old SID B - SID-only robustness training,efficientnet_b0
old_sid_b,918083148a04149dd2209ae21810aa4279583e57f687b4b63d9300a5aae64d55,FAKE/img_12157.jpg,FAKE/img_12157.jpg,SID_Set,,FLUX,1,random_standard_3,,45,0.11435393989086151,0,False,1.419881296875758,SID_Set,4,45,random_standard_3,3,colour -> jpeg -> crop,colour(strength=-0.2) -> jpeg(quality=30) -> crop(fraction=0.8),"[{""order"":1,""transform"":""colour"",""parameter_name"":""strength"",""parameter_value"":-0.2},{""order"":2,""transform"":""jpeg"",""parameter_name"":""quality"",""parameter_value"":30},{""order"":3,""transform"":""crop"",""parameter_name"":""fraction"",""parameter_value"":0.8}]",True,False,False,False,True,True,0.995585560798645,1,True,Random standard-3 robustness evaluation — Old SID B - SID-only robustness training vs New Mixed B - SID and CIFAKE robustness training,-0.8812316209077835,True,False,false_negative,Old SID B - SID-only robustness training,efficientnet_b0
old_sid_b,918083148a04149dd2209ae21810aa4279583e57f687b4b63d9300a5aae64d55,FAKE/img_11134.jpg,FAKE/img_11134.jpg,SID_Set,,FLUX,1,random_standard_3,,45,0.24245792627334595,0,False,1.4202437343726615,SID_Set,4,45,random_standard_3,3,colour -> crop -> jpeg,colour(strength=0.2) -> crop(fraction=0.8) -> jpeg(quality=70),"[{""order"":1,""transform"":""colour"",""parameter_name"":""strength"",""parameter_value"":0.2},{""order"":2,""transform"":""crop"",""parameter_name"":""fraction"",""parameter_value"":0.8},{""order"":3,""transform"":""jpeg"",""parameter_name"":""quality"",""parameter_value"":70}]",True,False,False,False,True,True,0.9999375343322754,1,True,Random standard-3 robustness evaluation — Old SID B - SID-only robustness training vs New Mixed B - SID and CIFAKE robustness training,-0.7574796080589294,True,False,false_negative,Old SID B - SID-only robustness training,efficientnet_b0
old_sid_b,918083148a04149dd2209ae21810aa4279583e57f687b4b63d9300a5aae64d55,FAKE/img_8999.jpg,FAKE/img_8999.jpg,SID_Set,,FLUX,1,random_standard_3,,45,0.3863014280796051,0,False,1.420199531246169,SID_Set,4,45,random_standard_3,3,blur -> colour -> jpeg,blur(sigma=0.5) -> colour(strength=0.2) -> jpeg(quality=50),"[{""order"":1,""transform"":""blur"",""parameter_name"":""sigma"",""parameter_value"":0.5},{""order"":2,""transform"":""colour"",""parameter_name"":""strength"",""parameter_value"":0.2},{""order"":3,""transform"":""jpeg"",""parameter_name"":""quality"",""parameter_value"":50}]",True,True,False,False,True,False,0.9985544085502625,1,True,Random standard-3 robustness evaluation — Old SID B - SID-only robustness training vs New Mixed B - SID and CIFAKE robustness training,-0.6122529804706573,True,False,false_negative,Old SID B - SID-only robustness training,efficientnet_b0
old_sid_b,918083148a04149dd2209ae21810aa4279583e57f687b4b63d9300a5aae64d55,FAKE/img_12196.jpg,FAKE/img_12196.jpg,SID_Set,,FLUX,1,random_standard_3,,45,0.4712294042110443,0,False,1.4343536406258295,SID_Set,4,45,random_standard_3,3,noise -> jpeg -> crop,noise(sigma=0.1) -> jpeg(quality=70) -> crop(fraction=0.8),"[{""order"":1,""transform"":""noise"",""parameter_name"":""sigma"",""parameter_value"":0.1},{""order"":2,""transform"":""jpeg"",""parameter_name"":""quality"",""parameter_value"":70},{""order"":3,""transform"":""crop"",""parameter_name"":""fraction"",""parameter_value"":0.8}]",True,False,False,True,False,True,0.9958800077438354,1,True,Random standard-3 robustness evaluation — Old SID B - SID-only robustness training vs New Mixed B - SID and CIFAKE robustness training,-0.5246506035327911,True,False,false_negative,Old SID B - SID-only robustness training,efficientnet_b0
old_sid_b,918083148a04149dd2209ae21810aa4279583e57f687b4b63d9300a5aae64d55,FAKE/img_15143.jpg,FAKE/img_15143.jpg,SID_Set,,FLUX,1,random_standard_3,,45,0.4223736822605133,0,False,1.4453377343741636,SID_Set,4,45,random_standard_3,3,blur -> colour -> resize,blur(sigma=1.0) -> colour(strength=0.2) -> resize(scale=0.25),"[{""order"":1,""transform"":""blur"",""parameter_name"":""sigma"",""parameter_value"":1.0},{""order"":2,""transform"":""colour"",""parameter_name"":""strength"",""parameter_value"":0.2},{""order"":3,""transform"":""resize"",""parameter_name"":""scale"",""parameter_value"":0.25}]",False,True,True,False,True,False,0.9793041944503784,1,True,Random standard-3 robustness evaluation — Old SID B - SID-only robustness training vs New Mixed B - SID and CIFAKE robustness training,-0.5569305121898651,True,False,false_negative,Old SID B - SID-only robustness training,efficientnet_b0
old_sid_b,918083148a04149dd2209ae21810aa4279583e57f687b4b63d9300a5aae64d55,FAKE/img_5890.jpg,FAKE/img_5890.jpg,SID_Set,,FLUX,1,random_standard_3,,45,0.27589255571365356,0,False,1.4494514843761408,SID_Set,4,45,random_standard_3,3,resize -> colour -> jpeg,resize(scale=0.25) -> colour(strength=0.2) -> jpeg(quality=30),"[{""order"":1,""transform"":""resize"",""parameter_name"":""scale"",""parameter_value"":0.25},{""order"":2,""transform"":""colour"",""parameter_name"":""strength"",""parameter_value"":0.2},{""order"":3,""transform"":""jpeg"",""parameter_name"":""quality"",""parameter_value"":30}]",True,False,True,False,True,False,0.9809457659721375,1,True,Random standard-3 robustness evaluation — Old SID B - SID-only robustness training vs New Mixed B - SID and CIFAKE robustness training,-0.7050532102584839,True,False,false_negative,Old SID B - SID-only robustness training,efficientnet_b0
old_sid_b,918083148a04149dd2209ae21810aa4279583e57f687b4b63d9300a5aae64d55,FAKE/img_723.jpg,FAKE/img_723.jpg,SID_Set,,FLUX,1,random_standard_3,,45,0.019868535920977592,0,False,1.479123531254345,SID_Set,4,45,random_standard_3,3,jpeg -> crop -> colour,jpeg(quality=30) -> crop(fraction=0.8) -> colour(strength=-0.2),"[{""order"":1,""transform"":""jpeg"",""parameter_name"":""quality"",""parameter_value"":30},{""order"":2,""transform"":""crop"",""parameter_name"":""fraction"",""parameter_value"":0.8},{""order"":3,""transform"":""colour"",""parameter_name"":""strength"",""parameter_value"":-0.2}]",True,False,False,False,True,True,0.9979888200759888,1,True,Random standard-3 robustness evaluation — Old SID B - SID-only robustness training vs New Mixed B - SID and CIFAKE robustness training,-0.9781202841550112,True,False,false_negative,Old SID B - SID-only robustness training,efficientnet_b0
old_sid_b,918083148a04149dd2209ae21810aa4279583e57f687b4b63d9300a5aae64d55,FAKE/img_10814.jpg,FAKE/img_10814.jpg,SID_Set,,FLUX,1,random_standard_3,,45,0.11882825940847397,0,False,1.479123531254345,SID_Set,4,45,random_standard_3,3,jpeg -> resize -> crop,jpeg(quality=30) -> resize(scale=0.25) -> crop(fraction=0.8),"[{""order"":1,""transform"":""jpeg"",""parameter_name"":""quality"",""parameter_value"":30},{""order"":2,""transform"":""resize"",""parameter_name"":""scale"",""parameter_value"":0.25},{""order"":3,""transform"":""crop"",""parameter_name"":""fraction"",""parameter_value"":0.8}]",True,False,True,False,False,True,0.7818513512611389,1,True,Random standard-3 robustness evaluation — Old SID B - SID-only robustness training vs New Mixed B - SID and CIFAKE robustness training,-0.663023091852665,True,False,false_negative,Old SID B - SID-only robustness training,efficientnet_b0
old_sid_b,918083148a04149dd2209ae21810aa4279583e57f687b4b63d9300a5aae64d55,FAKE/img_16180.jpg,FAKE/img_16180.jpg,SID_Set,,FLUX,1,random_standard_3,,45,4.432589412317611e-05,0,False,1.4239686718724442,SID_Set,4,45,random_standard_3,3,noise -> crop -> resize,noise(sigma=0.1) -> crop(fraction=0.8) -> resize(scale=0.5),"[{""order"":1,""transform"":""noise"",""parameter_name"":""sigma"",""parameter_value"":0.1},{""order"":2,""transform"":""crop"",""parameter_name"":""fraction"",""parameter_value"":0.8},{""order"":3,""transform"":""resize"",""parameter_name"":""scale"",""parameter_value"":0.5}]",False,False,True,True,False,True,0.8345484137535095,1,True,Random standard-3 robustness evaluation — Old SID B - SID-only robustness training vs New Mixed B - SID and CIFAKE robustness training,-0.8345040878593863,True,False,false_negative,Old SID B - SID-only robustness training,efficientnet_b0
old_sid_b,918083148a04149dd2209ae21810aa4279583e57f687b4b63d9300a5aae64d55,REAL/img_15056.jpg,REAL/img_15056.jpg,SID_Set,,FLUX,0,random_standard_3,,45,0.6659704446792603,1,False,1.4193929374997083,SID_Set,4,45,random_standard_3,3,crop -> colour -> noise,crop(fraction=0.8) -> colour(strength=0.2) -> noise(sigma=0.1),"[{""order"":1,""transform"":""crop"",""parameter_name"":""fraction"",""parameter_value"":0.8},{""order"":2,""transform"":""colour"",""parameter_name"":""strength"",""parameter_value"":0.2},{""order"":3,""transform"":""noise"",""parameter_name"":""sigma"",""parameter_value"":0.1}]",False,False,False,True,True,True,0.15550871193408966,0,True,Random standard-3 robustness evaluation — Old SID B - SID-only robustness training vs New Mixed B - SID and CIFAKE robustness training,0.5104617327451706,True,False,false_positive,Old SID B - SID-only robustness training,efficientnet_b0
old_sid_b,918083148a04149dd2209ae21810aa4279583e57f687b4b63d9300a5aae64d55,REAL/img_15471.jpg,REAL/img_15471.jpg,SID_Set,,FLUX,0,random_standard_3,,45,0.5374428033828735,1,False,1.4750701562533663,SID_Set,4,45,random_standard_3,3,colour -> crop -> noise,colour(strength=-0.2) -> crop(fraction=0.8) -> noise(sigma=0.02),"[{""order"":1,""transform"":""colour"",""parameter_name"":""strength"",""parameter_value"":-0.2},{""order"":2,""transform"":""crop"",""parameter_name"":""fraction"",""parameter_value"":0.8},{""order"":3,""transform"":""noise"",""parameter_name"":""sigma"",""parameter_value"":0.02}]",False,False,False,True,True,True,0.0003787458408623934,0,True,Random standard-3 robustness evaluation — Old SID B - SID-only robustness training vs New Mixed B - SID and CIFAKE robustness training,0.5370640575420111,True,False,false_positive,Old SID B - SID-only robustness training,efficientnet_b0
old_sid_b,918083148a04149dd2209ae21810aa4279583e57f687b4b63d9300a5aae64d55,FAKE/img_10072.jpg,FAKE/img_10072.jpg,SID_Set,,FLUX,1,random_standard_3,,45,0.05401993170380592,0,False,1.4280435468734254,SID_Set,4,45,random_standard_3,3,crop -> blur -> colour,crop(fraction=0.8) -> blur(sigma=0.5) -> colour(strength=0.2),"[{""order"":1,""transform"":""crop"",""parameter_name"":""fraction"",""parameter_value"":0.8},{""order"":2,""transform"":""blur"",""parameter_name"":""sigma"",""parameter_value"":0.5},{""order"":3,""transform"":""colour"",""parameter_name"":""strength"",""parameter_value"":0.2}]",False,True,False,False,True,True,0.998342752456665,1,True,Random standard-3 robustness evaluation — Old SID B - SID-only robustness training vs New Mixed B - SID and CIFAKE robustness training,-0.9443228207528591,True,False,false_negative,Old SID B - SID-only robustness training,efficientnet_b0
old_sid_b,918083148a04149dd2209ae21810aa4279583e57f687b4b63d9300a5aae64d55,FAKE/img_10659.jpg,FAKE/img_10659.jpg,SID_Set,,FLUX,1,random_standard_3,,45,0.1280718594789505,0,False,1.4559406718746004,SID_Set,4,45,random_standard_3,3,resize -> colour -> crop,resize(scale=0.25) -> colour(strength=0.2) -> crop(fraction=0.8),"[{""order"":1,""transform"":""resize"",""parameter_name"":""scale"",""parameter_value"":0.25},{""order"":2,""transform"":""colour"",""parameter_name"":""strength"",""parameter_value"":0.2},{""order"":3,""transform"":""crop"",""parameter_name"":""fraction"",""parameter_value"":0.8}]",False,False,True,False,True,True,0.9987585544586182,1,True,Random standard-3 robustness evaluation — Old SID B - SID-only robustness training vs New Mixed B - SID and CIFAKE robustness training,-0.8706866949796677,True,False,false_negative,Old SID B - SID-only robustness training,efficientnet_b0
old_sid_b,918083148a04149dd2209ae21810aa4279583e57f687b4b63d9300a5aae64d55,FAKE/img_3487.jpg,FAKE/img_3487.jpg,SID_Set,,FLUX,1,random_standard_3,,45,0.06626760214567184,0,False,1.4559406718746004,SID_Set,4,45,random_standard_3,3,jpeg -> blur -> crop,jpeg(quality=30) -> blur(sigma=1.0) -> crop(fraction=0.8),"[{""order"":1,""transform"":""jpeg"",""parameter_name"":""quality"",""parameter_value"":30},{""order"":2,""transform"":""blur"",""parameter_name"":""sigma"",""parameter_value"":1.0},{""order"":3,""transform"":""crop"",""parameter_name"":""fraction"",""parameter_value"":0.8}]",True,True,False,False,False,True,0.9615530371665955,1,True,Random standard-3 robustness evaluation — Old SID B - SID-only robustness training vs New Mixed B - SID and CIFAKE robustness training,-0.8952854350209236,True,False,false_negative,Old SID B - SID-only robustness training,efficientnet_b0
old_sid_b,918083148a04149dd2209ae21810aa4279583e57f687b4b63d9300a5aae64d55,REAL/img_16316.jpg,REAL/img_16316.jpg,SID_Set,,FLUX,0,random_standard_3,,45,0.7250058650970459,1,False,1.4200073750032516,SID_Set,4,45,random_standard_3,3,blur -> crop -> resize,blur(sigma=1.0) -> crop(fraction=0.8) -> resize(scale=0.25),"[{""order"":1,""transform"":""blur"",""parameter_name"":""sigma"",""parameter_value"":1.0},{""order"":2,""transform"":""crop"",""parameter_name"":""fraction"",""parameter_value"":0.8},{""order"":3,""transform"":""resize"",""parameter_name"":""scale"",""parameter_value"":0.25}]",False,True,True,False,False,True,0.6083470582962036,1,False,Random standard-3 robustness evaluation — Old SID B - SID-only robustness training vs New Mixed B - SID and CIFAKE robustness training,0.11665880680084229,False,False,false_positive,Old SID B - SID-only robustness training,efficientnet_b0
old_sid_b,918083148a04149dd2209ae21810aa4279583e57f687b4b63d9300a5aae64d55,FAKE/img_12605.jpg,FAKE/img_12605.jpg,SID_Set,,FLUX,1,random_standard_3,,45,0.15994200110435486,0,False,1.4212607968815405,SID_Set,4,45,random_standard_3,3,jpeg -> crop -> noise,jpeg(quality=30) -> crop(fraction=0.8) -> noise(sigma=0.1),"[{""order"":1,""transform"":""jpeg"",""parameter_name"":""quality"",""parameter_value"":30},{""order"":2,""transform"":""crop"",""parameter_name"":""fraction"",""parameter_value"":0.8},{""order"":3,""transform"":""noise"",""parameter_name"":""sigma"",""parameter_value"":0.1}]",True,False,False,True,False,True,0.9811479449272156,1,True,Random standard-3 robustness evaluation — Old SID B - SID-only robustness training vs New Mixed B - SID and CIFAKE robustness training,-0.8212059438228607,True,False,false_negative,Old SID B - SID-only robustness training,efficientnet_b0
old_sid_b,918083148a04149dd2209ae21810aa4279583e57f687b4b63d9300a5aae64d55,FAKE/img_4126.jpg,FAKE/img_4126.jpg,SID_Set,,FLUX,1,random_standard_3,,45,0.47141921520233154,0,False,1.4212607968815405,SID_Set,4,45,random_standard_3,3,colour -> noise -> jpeg,colour(strength=0.2) -> noise(sigma=0.02) -> jpeg(quality=50),"[{""order"":1,""transform"":""colour"",""parameter_name"":""strength"",""parameter_value"":0.2},{""order"":2,""transform"":""noise"",""parameter_name"":""sigma"",""parameter_value"":0.02},{""order"":3,""transform"":""jpeg"",""parameter_name"":""quality"",""parameter_value"":50}]",True,False,False,True,True,False,0.9440560340881348,1,True,Random standard-3 robustness evaluation — Old SID B - SID-only robustness training vs New Mixed B - SID and CIFAKE robustness training,-0.4726368188858032,True,False,false_negative,Old SID B - SID-only robustness training,efficientnet_b0
old_sid_b,918083148a04149dd2209ae21810aa4279583e57f687b4b63d9300a5aae64d55,FAKE/img_7227.jpg,FAKE/img_7227.jpg,SID_Set,,FLUX,1,random_standard_3,,45,0.2438456416130066,0,False,1.436391171871776,SID_Set,4,45,random_standard_3,3,noise -> crop -> jpeg,noise(sigma=0.1) -> crop(fraction=0.8) -> jpeg(quality=50),"[{""order"":1,""transform"":""noise"",""parameter_name"":""sigma"",""parameter_value"":0.1},{""order"":2,""transform"":""crop"",""parameter_name"":""fraction"",""parameter_value"":0.8},{""order"":3,""transform"":""jpeg"",""parameter_name"":""quality"",""parameter_value"":50}]",True,False,False,True,False,True,0.8411197662353516,1,True,Random standard-3 robustness evaluation — Old SID B - SID-only robustness training vs New Mixed B - SID and CIFAKE robustness training,-0.597274124622345,True,False,false_negative,Old SID B - SID-only robustness training,efficientnet_b0
old_sid_b,918083148a04149dd2209ae21810aa4279583e57f687b4b63d9300a5aae64d55,FAKE/img_14799.jpg,FAKE/img_14799.jpg,SID_Set,,FLUX,1,random_standard_3,,45,0.32657819986343384,0,False,1.4197328125007402,SID_Set,4,45,random_standard_3,3,blur -> colour -> noise,blur(sigma=2.0) -> colour(strength=-0.2) -> noise(sigma=0.05),"[{""order"":1,""transform"":""blur"",""parameter_name"":""sigma"",""parameter_value"":2.0},{""order"":2,""transform"":""colour"",""parameter_name"":""strength"",""parameter_value"":-0.2},{""order"":3,""transform"":""noise"",""parameter_name"":""sigma"",""parameter_value"":0.05}]",False,True,False,True,True,False,0.8943628072738647,1,True,Random standard-3 robustness evaluation — Old SID B - SID-only robustness training vs New Mixed B - SID and CIFAKE robustness training,-0.5677846074104309,True,False,false_negative,Old SID B - SID-only robustness training,efficientnet_b0
old_sid_b,918083148a04149dd2209ae21810aa4279583e57f687b4b63d9300a5aae64d55,FAKE/img_479.jpg,FAKE/img_479.jpg,SID_Set,,FLUX,1,random_standard_3,,45,0.19508878886699677,0,False,1.4197328125007402,SID_Set,4,45,random_standard_3,3,crop -> noise -> blur,crop(fraction=0.8) -> noise(sigma=0.05) -> blur(sigma=1.0),"[{""order"":1,""transform"":""crop"",""parameter_name"":""fraction"",""parameter_value"":0.8},{""order"":2,""transform"":""noise"",""parameter_name"":""sigma"",""parameter_value"":0.05},{""order"":3,""transform"":""blur"",""parameter_name"":""sigma"",""parameter_value"":1.0}]",False,True,False,True,False,True,0.7612101435661316,1,True,Random standard-3 robustness evaluation — Old SID B - SID-only robustness training vs New Mixed B - SID and CIFAKE robustness training,-0.5661213546991348,True,False,false_negative,Old SID B - SID-only robustness training,efficientnet_b0
old_sid_b,918083148a04149dd2209ae21810aa4279583e57f687b4b63d9300a5aae64d55,FAKE/img_7924.jpg,FAKE/img_7924.jpg,SID_Set,,FLUX,1,random_standard_3,,45,0.060395315289497375,0,False,1.4199942031183355,SID_Set,4,45,random_standard_3,3,colour -> noise -> blur,colour(strength=0.2) -> noise(sigma=0.1) -> blur(sigma=1.0),"[{""order"":1,""transform"":""colour"",""parameter_name"":""strength"",""parameter_value"":0.2},{""order"":2,""transform"":""noise"",""parameter_name"":""sigma"",""parameter_value"":0.1},{""order"":3,""transform"":""blur"",""parameter_name"":""sigma"",""parameter_value"":1.0}]",False,True,False,True,True,False,0.9947772026062012,1,True,Random standard-3 robustness evaluation — Old SID B - SID-only robustness training vs New Mixed B - SID and CIFAKE robustness training,-0.9343818873167038,True,False,false_negative,Old SID B - SID-only robustness training,efficientnet_b0
old_sid_b,918083148a04149dd2209ae21810aa4279583e57f687b4b63d9300a5aae64d55,FAKE/img_15634.jpg,FAKE/img_15634.jpg,SID_Set,,FLUX,1,random_standard_3,,45,0.35145413875579834,0,False,1.4453207656259792,SID_Set,4,45,random_standard_3,3,colour -> crop -> jpeg,colour(strength=0.2) -> crop(fraction=0.8) -> jpeg(quality=50),"[{""order"":1,""transform"":""colour"",""parameter_name"":""strength"",""parameter_value"":0.2},{""order"":2,""transform"":""crop"",""parameter_name"":""fraction"",""parameter_value"":0.8},{""order"":3,""transform"":""jpeg"",""parameter_name"":""quality"",""parameter_value"":50}]",True,False,False,False,True,True,0.9210885763168335,1,True,Random standard-3 robustness evaluation — Old SID B - SID-only robustness training vs New Mixed B - SID and CIFAKE robustness training,-0.5696344375610352,True,False,false_negative,Old SID B - SID-only robustness training,efficientnet_b0
old_sid_b,918083148a04149dd2209ae21810aa4279583e57f687b4b63d9300a5aae64d55,FAKE/img_1717.jpg,FAKE/img_1717.jpg,SID_Set,,FLUX,1,random_standard_3,,45,0.049942199140787125,0,False,1.4453207656259792,SID_Set,4,45,random_standard_3,3,colour -> noise -> crop,colour(strength=-0.2) -> noise(sigma=0.1) -> crop(fraction=0.8),"[{""order"":1,""transform"":""colour"",""parameter_name"":""strength"",""parameter_value"":-0.2},{""order"":2,""transform"":""noise"",""parameter_name"":""sigma"",""parameter_value"":0.1},{""order"":3,""transform"":""crop"",""parameter_name"":""fraction"",""parameter_value"":0.8}]",False,False,False,True,True,True,0.955603301525116,1,True,Random standard-3 robustness evaluation — Old SID B - SID-only robustness training vs New Mixed B - SID and CIFAKE robustness training,-0.9056611023843288,True,False,false_negative,Old SID B - SID-only robustness training,efficientnet_b0
old_sid_b,918083148a04149dd2209ae21810aa4279583e57f687b4b63d9300a5aae64d55,FAKE/img_5694.jpg,FAKE/img_5694.jpg,SID_Set,,FLUX,1,random_standard_3,,45,0.372120201587677,0,False,1.4203631250069293,SID_Set,4,45,random_standard_3,3,colour -> jpeg -> blur,colour(strength=-0.2) -> jpeg(quality=30) -> blur(sigma=1.0),"[{""order"":1,""transform"":""colour"",""parameter_name"":""strength"",""parameter_value"":-0.2},{""order"":2,""transform"":""jpeg"",""parameter_name"":""quality"",""parameter_value"":30},{""order"":3,""transform"":""blur"",""parameter_name"":""sigma"",""parameter_value"":1.0}]",True,True,False,False,True,False,0.9996035695075989,1,True,Random standard-3 robustness evaluation — Old SID B - SID-only robustness training vs New Mixed B - SID and CIFAKE robustness training,-0.6274833679199219,True,False,false_negative,Old SID B - SID-only robustness training,efficientnet_b0
old_sid_b,918083148a04149dd2209ae21810aa4279583e57f687b4b63d9300a5aae64d55,FAKE/img_2550.jpg,FAKE/img_2550.jpg,SID_Set,,FLUX,1,random_standard_3,,45,0.11982187628746033,0,False,1.4203631250069293,SID_Set,4,45,random_standard_3,3,blur -> crop -> noise,blur(sigma=1.0) -> crop(fraction=0.8) -> noise(sigma=0.02),"[{""order"":1,""transform"":""blur"",""parameter_name"":""sigma"",""parameter_value"":1.0},{""order"":2,""transform"":""crop"",""parameter_name"":""fraction"",""parameter_value"":0.8},{""order"":3,""transform"":""noise"",""parameter_name"":""sigma"",""parameter_value"":0.02}]",False,True,False,True,False,True,0.9986993074417114,1,True,Random standard-3 robustness evaluation — Old SID B - SID-only robustness training vs New Mixed B - SID and CIFAKE robustness training,-0.8788774311542511,True,False,false_negative,Old SID B - SID-only robustness training,efficientnet_b0
old_sid_b,918083148a04149dd2209ae21810aa4279583e57f687b4b63d9300a5aae64d55,FAKE/img_2715.jpg,FAKE/img_2715.jpg,SID_Set,,FLUX,1,random_standard_3,,45,0.21586698293685913,0,False,1.4266256718684645,SID_Set,4,45,random_standard_3,3,blur -> jpeg -> resize,blur(sigma=2.0) -> jpeg(quality=30) -> resize(scale=0.25),"[{""order"":1,""transform"":""blur"",""parameter_name"":""sigma"",""parameter_value"":2.0},{""order"":2,""transform"":""jpeg"",""parameter_name"":""quality"",""parameter_value"":30},{""order"":3,""transform"":""resize"",""parameter_name"":""scale"",""parameter_value"":0.25}]",True,True,True,False,False,False,0.9931715726852417,1,True,Random standard-3 robustness evaluation — Old SID B - SID-only robustness training vs New Mixed B - SID and CIFAKE robustness training,-0.7773045897483826,True,False,false_negative,Old SID B - SID-only robustness training,efficientnet_b0
old_sid_b,918083148a04149dd2209ae21810aa4279583e57f687b4b63d9300a5aae64d55,FAKE/img_3468.jpg,FAKE/img_3468.jpg,SID_Set,,FLUX,1,random_standard_3,,45,0.29182958602905273,0,False,1.4460117968724262,SID_Set,4,45,random_standard_3,3,noise -> crop -> blur,noise(sigma=0.05) -> crop(fraction=0.8) -> blur(sigma=2.0),"[{""order"":1,""transform"":""noise"",""parameter_name"":""sigma"",""parameter_value"":0.05},{""order"":2,""transform"":""crop"",""parameter_name"":""fraction"",""parameter_value"":0.8},{""order"":3,""transform"":""blur"",""parameter_name"":""sigma"",""parameter_value"":2.0}]",False,True,False,True,False,True,0.9958237409591675,1,True,Random standard-3 robustness evaluation — Old SID B - SID-only robustness training vs New Mixed B - SID and CIFAKE robustness training,-0.7039941549301147,True,False,false_negative,Old SID B - SID-only robustness training,efficientnet_b0
old_sid_b,918083148a04149dd2209ae21810aa4279583e57f687b4b63d9300a5aae64d55,FAKE/img_4940.jpg,FAKE/img_4940.jpg,SID_Set,,FLUX,1,random_standard_3,,45,0.054629240185022354,0,False,1.419935046868659,SID_Set,4,45,random_standard_3,3,noise -> colour -> crop,noise(sigma=0.02) -> colour(strength=0.2) -> crop(fraction=0.8),"[{""order"":1,""transform"":""noise"",""parameter_name"":""sigma"",""parameter_value"":0.02},{""order"":2,""transform"":""colour"",""parameter_name"":""strength"",""parameter_value"":0.2},{""order"":3,""transform"":""crop"",""parameter_name"":""fraction"",""parameter_value"":0.8}]",False,False,False,True,True,True,0.9802786111831665,1,True,Random standard-3 robustness evaluation — Old SID B - SID-only robustness training vs New Mixed B - SID and CIFAKE robustness training,-0.9256493709981441,True,False,false_negative,Old SID B - SID-only robustness training,efficientnet_b0
old_sid_b,918083148a04149dd2209ae21810aa4279583e57f687b4b63d9300a5aae64d55,FAKE/img_10507.jpg,FAKE/img_10507.jpg,SID_Set,,FLUX,1,random_standard_3,,45,0.37265291810035706,0,False,1.419935046868659,SID_Set,4,45,random_standard_3,3,crop -> noise -> blur,crop(fraction=0.8) -> noise(sigma=0.02) -> blur(sigma=1.0),"[{""order"":1,""transform"":""crop"",""parameter_name"":""fraction"",""parameter_value"":0.8},{""order"":2,""transform"":""noise"",""parameter_name"":""sigma"",""parameter_value"":0.02},{""order"":3,""transform"":""blur"",""parameter_name"":""sigma"",""parameter_value"":1.0}]",False,True,False,True,False,True,0.9740376472473145,1,True,Random standard-3 robustness evaluation — Old SID B - SID-only robustness training vs New Mixed B - SID and CIFAKE robustness training,-0.6013847291469574,True,False,false_negative,Old SID B - SID-only robustness training,efficientnet_b0
mixed_sid_cifake_b,9159a9d4ceb7fccd3eee24c3ddf9600c79c8abf1444cb0646b93ac66fd3b5c44,FAKE/img_3177.jpg,FAKE/img_3177.jpg,SID_Set,,FLUX,1,random_standard_3,,45,0.3161586821079254,0,False,1.4231862187443767,SID_Set,4,45,random_standard_3,3,crop -> blur -> noise,crop(fraction=0.8) -> blur(sigma=2.0) -> noise(sigma=0.1),"[{""order"":1,""transform"":""crop"",""parameter_name"":""fraction"",""parameter_value"":0.8},{""order"":2,""transform"":""blur"",""parameter_name"":""sigma"",""parameter_value"":2.0},{""order"":3,""transform"":""noise"",""parameter_name"":""sigma"",""parameter_value"":0.1}]",False,True,False,True,False,True,0.9999996423721313,1,True,Random standard-3 robustness evaluation — Old SID B - SID-only robustness training vs New Mixed B - SID and CIFAKE robustness training,-0.6838409602642059,True,False,false_negative,New Mixed B - SID and CIFAKE robustness training,efficientnet_b0
mixed_sid_cifake_b,9159a9d4ceb7fccd3eee24c3ddf9600c79c8abf1444cb0646b93ac66fd3b5c44,FAKE/img_16480.jpg,FAKE/img_16480.jpg,SID_Set,,FLUX,1,random_standard_3,,45,0.4194028973579407,0,False,1.4231862187443767,SID_Set,4,45,random_standard_3,3,blur -> crop -> colour,blur(sigma=2.0) -> crop(fraction=0.8) -> colour(strength=0.2),"[{""order"":1,""transform"":""blur"",""parameter_name"":""sigma"",""parameter_value"":2.0},{""order"":2,""transform"":""crop"",""parameter_name"":""fraction"",""parameter_value"":0.8},{""order"":3,""transform"":""colour"",""parameter_name"":""strength"",""parameter_value"":0.2}]",False,True,False,False,True,True,0.9901013374328613,1,True,Random standard-3 robustness evaluation — Old SID B - SID-only robustness training vs New Mixed B - SID and CIFAKE robustness training,-0.5706984400749207,True,False,false_negative,New Mixed B - SID and CIFAKE robustness training,efficientnet_b0
mixed_sid_cifake_b,9159a9d4ceb7fccd3eee24c3ddf9600c79c8abf1444cb0646b93ac66fd3b5c44,FAKE/img_13780.jpg,FAKE/img_13780.jpg,SID_Set,,FLUX,1,random_standard_3,,45,0.011395394802093506,0,False,1.4231862187443767,SID_Set,4,45,random_standard_3,3,crop -> colour -> resize,crop(fraction=0.8) -> colour(strength=0.2) -> resize(scale=0.25),"[{""order"":1,""transform"":""crop"",""parameter_name"":""fraction"",""parameter_value"":0.8},{""order"":2,""transform"":""colour"",""parameter_name"":""strength"",""parameter_value"":0.2},{""order"":3,""transform"":""resize"",""parameter_name"":""scale"",""parameter_value"":0.25}]",False,False,True,False,True,True,0.14670106768608093,0,False,Random standard-3 robustness evaluation — Old SID B - SID-only robustness training vs New Mixed B - SID and CIFAKE robustness training,-0.13530567288398743,False,False,false_negative,New Mixed B - SID and CIFAKE robustness training,efficientnet_b0
mixed_sid_cifake_b,9159a9d4ceb7fccd3eee24c3ddf9600c79c8abf1444cb0646b93ac66fd3b5c44,FAKE/img_16292.jpg,FAKE/img_16292.jpg,SID_Set,,FLUX,1,random_standard_3,,45,0.4189089834690094,0,False,1.4870730468743432,SID_Set,4,45,random_standard_3,3,colour -> jpeg -> noise,colour(strength=-0.2) -> jpeg(quality=50) -> noise(sigma=0.1),"[{""order"":1,""transform"":""colour"",""parameter_name"":""strength"",""parameter_value"":-0.2},{""order"":2,""transform"":""jpeg"",""parameter_name"":""quality"",""parameter_value"":50},{""order"":3,""transform"":""noise"",""parameter_name"":""sigma"",""parameter_value"":0.1}]",True,False,False,True,True,False,1.0,1,True,Random standard-3 robustness evaluation — Old SID B - SID-only robustness training vs New Mixed B - SID and CIFAKE robustness training,-0.5810910165309906,True,False,false_negative,New Mixed B - SID and CIFAKE robustness training,efficientnet_b0
mixed_sid_cifake_b,9159a9d4ceb7fccd3eee24c3ddf9600c79c8abf1444cb0646b93ac66fd3b5c44,REAL/img_1606.jpg,REAL/img_1606.jpg,SID_Set,,FLUX,0,random_standard_3,,45,0.6660911440849304,1,False,1.3463734374994374,SID_Set,4,45,random_standard_3,3,colour -> crop -> resize,colour(strength=0.2) -> crop(fraction=0.8) -> resize(scale=0.25),"[{""order"":1,""transform"":""colour"",""parameter_name"":""strength"",""parameter_value"":0.2},{""order"":2,""transform"":""crop"",""parameter_name"":""fraction"",""parameter_value"":0.8},{""order"":3,""transform"":""resize"",""parameter_name"":""scale"",""parameter_value"":0.25}]",False,False,True,False,True,True,0.9832661151885986,1,False,Random standard-3 robustness evaluation — Old SID B - SID-only robustness training vs New Mixed B - SID and CIFAKE robustness training,-0.3171749711036682,False,False,false_positive,New Mixed B - SID and CIFAKE robustness training,efficientnet_b0
mixed_sid_cifake_b,9159a9d4ceb7fccd3eee24c3ddf9600c79c8abf1444cb0646b93ac66fd3b5c44,FAKE/img_3145.jpg,FAKE/img_3145.jpg,SID_Set,,FLUX,1,random_standard_3,,45,0.38251829147338867,0,False,1.3463734374994374,SID_Set,4,45,random_standard_3,3,resize -> crop -> colour,resize(scale=0.5) -> crop(fraction=0.8) -> colour(strength=0.2),"[{""order"":1,""transform"":""resize"",""parameter_name"":""scale"",""parameter_value"":0.5},{""order"":2,""transform"":""crop"",""parameter_name"":""fraction"",""parameter_value"":0.8},{""order"":3,""transform"":""colour"",""parameter_name"":""strength"",""parameter_value"":0.2}]",False,False,True,False,True,True,0.8192870616912842,1,True,Random standard-3 robustness evaluation — Old SID B - SID-only robustness training vs New Mixed B - SID and CIFAKE robustness training,-0.4367687702178955,True,False,false_negative,New Mixed B - SID and CIFAKE robustness training,efficientnet_b0
mixed_sid_cifake_b,9159a9d4ceb7fccd3eee24c3ddf9600c79c8abf1444cb0646b93ac66fd3b5c44,REAL/img_3081.jpg,REAL/img_3081.jpg,SID_Set,,FLUX,0,random_standard_3,,45,0.9999151229858398,1,False,1.4329368750054527,SID_Set,4,45,random_standard_3,3,blur -> resize -> noise,blur(sigma=1.0) -> resize(scale=0.5) -> noise(sigma=0.1),"[{""order"":1,""transform"":""blur"",""parameter_name"":""sigma"",""parameter_value"":1.0},{""order"":2,""transform"":""resize"",""parameter_name"":""scale"",""parameter_value"":0.5},{""order"":3,""transform"":""noise"",""parameter_name"":""sigma"",""parameter_value"":0.1}]",False,True,True,True,False,False,0.681145966053009,1,False,Random standard-3 robustness evaluation — Old SID B - SID-only robustness training vs New Mixed B - SID and CIFAKE robustness training,0.3187691569328308,False,False,false_positive,New Mixed B - SID and CIFAKE robustness training,efficientnet_b0
mixed_sid_cifake_b,9159a9d4ceb7fccd3eee24c3ddf9600c79c8abf1444cb0646b93ac66fd3b5c44,FAKE/img_7965.jpg,FAKE/img_7965.jpg,SID_Set,,FLUX,1,random_standard_3,,45,0.22681142389774323,0,False,1.4329368750054527,SID_Set,4,45,random_standard_3,3,colour -> blur -> jpeg,colour(strength=0.2) -> blur(sigma=0.5) -> jpeg(quality=50),"[{""order"":1,""transform"":""colour"",""parameter_name"":""strength"",""parameter_value"":0.2},{""order"":2,""transform"":""blur"",""parameter_name"":""sigma"",""parameter_value"":0.5},{""order"":3,""transform"":""jpeg"",""parameter_name"":""quality"",""parameter_value"":50}]",True,True,False,False,True,False,0.9287010431289673,1,True,Random standard-3 robustness evaluation — Old SID B - SID-only robustness training vs New Mixed B - SID and CIFAKE robustness training,-0.7018896192312241,True,False,false_negative,New Mixed B - SID and CIFAKE robustness training,efficientnet_b0
mixed_sid_cifake_b,9159a9d4ceb7fccd3eee24c3ddf9600c79c8abf1444cb0646b93ac66fd3b5c44,FAKE/img_4015.jpg,FAKE/img_4015.jpg,SID_Set,,FLUX,1,random_standard_3,,45,0.27481943368911743,0,False,1.4329368750054527,SID_Set,4,45,random_standard_3,3,jpeg -> noise -> crop,jpeg(quality=70) -> noise(sigma=0.1) -> crop(fraction=0.8),"[{""order"":1,""transform"":""jpeg"",""parameter_name"":""quality"",""parameter_value"":70},{""order"":2,""transform"":""noise"",""parameter_name"":""sigma"",""parameter_value"":0.1},{""order"":3,""transform"":""crop"",""parameter_name"":""fraction"",""parameter_value"":0.8}]",True,False,False,True,False,True,0.9997712969779968,1,True,Random standard-3 robustness evaluation — Old SID B - SID-only robustness training vs New Mixed B - SID and CIFAKE robustness training,-0.7249518632888794,True,False,false_negative,New Mixed B - SID and CIFAKE robustness training,efficientnet_b0
mixed_sid_cifake_b,9159a9d4ceb7fccd3eee24c3ddf9600c79c8abf1444cb0646b93ac66fd3b5c44,FAKE/img_5791.jpg,FAKE/img_5791.jpg,SID_Set,,FLUX,1,random_standard_3,,45,0.004225339274853468,0,False,1.4200626562512753,SID_Set,4,45,random_standard_3,3,colour -> crop -> blur,colour(strength=0.2) -> crop(fraction=0.8) -> blur(sigma=0.5),"[{""order"":1,""transform"":""colour"",""parameter_name"":""strength"",""parameter_value"":0.2},{""order"":2,""transform"":""crop"",""parameter_name"":""fraction"",""parameter_value"":0.8},{""order"":3,""transform"":""blur"",""parameter_name"":""sigma"",""parameter_value"":0.5}]",False,True,False,False,True,True,0.007814875803887844,0,False,Random standard-3 robustness evaluation — Old SID B - SID-only robustness training vs New Mixed B - SID and CIFAKE robustness training,-0.003589536529034376,False,False,false_negative,New Mixed B - SID and CIFAKE robustness training,efficientnet_b0
mixed_sid_cifake_b,9159a9d4ceb7fccd3eee24c3ddf9600c79c8abf1444cb0646b93ac66fd3b5c44,REAL/img_16902.jpg,REAL/img_16902.jpg,SID_Set,,FLUX,0,random_standard_3,,45,0.5457491874694824,1,False,1.4200097968739556,SID_Set,4,45,random_standard_3,3,resize -> noise -> blur,resize(scale=0.5) -> noise(sigma=0.1) -> blur(sigma=2.0),"[{""order"":1,""transform"":""resize"",""parameter_name"":""scale"",""parameter_value"":0.5},{""order"":2,""transform"":""noise"",""parameter_name"":""sigma"",""parameter_value"":0.1},{""order"":3,""transform"":""blur"",""parameter_name"":""sigma"",""parameter_value"":2.0}]",False,True,True,True,False,False,0.24108639359474182,0,True,Random standard-3 robustness evaluation — Old SID B - SID-only robustness training vs New Mixed B - SID and CIFAKE robustness training,0.3046627938747406,True,False,false_positive,New Mixed B - SID and CIFAKE robustness training,efficientnet_b0
mixed_sid_cifake_b,9159a9d4ceb7fccd3eee24c3ddf9600c79c8abf1444cb0646b93ac66fd3b5c44,REAL/img_2440.jpg,REAL/img_2440.jpg,SID_Set,,FLUX,0,random_standard_3,,45,0.6530113816261292,1,False,1.4200097968739556,SID_Set,4,45,random_standard_3,3,noise -> jpeg -> blur,noise(sigma=0.02) -> jpeg(quality=90) -> blur(sigma=0.5),"[{""order"":1,""transform"":""noise"",""parameter_name"":""sigma"",""parameter_value"":0.02},{""order"":2,""transform"":""jpeg"",""parameter_name"":""quality"",""parameter_value"":90},{""order"":3,""transform"":""blur"",""parameter_name"":""sigma"",""parameter_value"":0.5}]",True,True,False,True,False,False,0.39113855361938477,0,True,Random standard-3 robustness evaluation — Old SID B - SID-only robustness training vs New Mixed B - SID and CIFAKE robustness training,0.2618728280067444,True,False,false_positive,New Mixed B - SID and CIFAKE robustness training,efficientnet_b0
mixed_sid_cifake_b,9159a9d4ceb7fccd3eee24c3ddf9600c79c8abf1444cb0646b93ac66fd3b5c44,FAKE/img_14113.jpg,FAKE/img_14113.jpg,SID_Set,,FLUX,1,random_standard_3,,45,0.38011807203292847,0,False,1.4766047499961132,SID_Set,4,45,random_standard_3,3,noise -> jpeg -> colour,noise(sigma=0.1) -> jpeg(quality=70) -> colour(strength=-0.2),"[{""order"":1,""transform"":""noise"",""parameter_name"":""sigma"",""parameter_value"":0.1},{""order"":2,""transform"":""jpeg"",""parameter_name"":""quality"",""parameter_value"":70},{""order"":3,""transform"":""colour"",""parameter_name"":""strength"",""parameter_value"":-0.2}]",True,False,False,True,True,False,0.997381865978241,1,True,Random standard-3 robustness evaluation — Old SID B - SID-only robustness training vs New Mixed B - SID and CIFAKE robustness training,-0.6172637939453125,True,False,false_negative,New Mixed B - SID and CIFAKE robustness training,efficientnet_b0
mixed_sid_cifake_b,9159a9d4ceb7fccd3eee24c3ddf9600c79c8abf1444cb0646b93ac66fd3b5c44,FAKE/img_6871.jpg,FAKE/img_6871.jpg,SID_Set,,FLUX,1,random_standard_3,,45,0.4502177834510803,0,False,1.4489945781264169,SID_Set,4,45,random_standard_3,3,blur -> crop -> jpeg,blur(sigma=2.0) -> crop(fraction=0.8) -> jpeg(quality=70),"[{""order"":1,""transform"":""blur"",""parameter_name"":""sigma"",""parameter_value"":2.0},{""order"":2,""transform"":""crop"",""parameter_name"":""fraction"",""parameter_value"":0.8},{""order"":3,""transform"":""jpeg"",""parameter_name"":""quality"",""parameter_value"":70}]",True,True,False,False,False,True,0.8591016530990601,1,True,Random standard-3 robustness evaluation — Old SID B - SID-only robustness training vs New Mixed B - SID and CIFAKE robustness training,-0.40888386964797974,True,False,false_negative,New Mixed B - SID and CIFAKE robustness training,efficientnet_b0
mixed_sid_cifake_b,9159a9d4ceb7fccd3eee24c3ddf9600c79c8abf1444cb0646b93ac66fd3b5c44,FAKE/img_6207.jpg,FAKE/img_6207.jpg,SID_Set,,FLUX,1,random_standard_3,,45,0.13993392884731293,0,False,1.4203798906322618,SID_Set,4,45,random_standard_3,3,blur -> noise -> resize,blur(sigma=2.0) -> noise(sigma=0.1) -> resize(scale=0.25),"[{""order"":1,""transform"":""blur"",""parameter_name"":""sigma"",""parameter_value"":2.0},{""order"":2,""transform"":""noise"",""parameter_name"":""sigma"",""parameter_value"":0.1},{""order"":3,""transform"":""resize"",""parameter_name"":""scale"",""parameter_value"":0.25}]",False,True,True,True,False,False,0.9258435964584351,1,True,Random standard-3 robustness evaluation — Old SID B - SID-only robustness training vs New Mixed B - SID and CIFAKE robustness training,-0.7859096676111221,True,False,false_negative,New Mixed B - SID and CIFAKE robustness training,efficientnet_b0
mixed_sid_cifake_b,9159a9d4ceb7fccd3eee24c3ddf9600c79c8abf1444cb0646b93ac66fd3b5c44,FAKE/img_9811.jpg,FAKE/img_9811.jpg,SID_Set,,FLUX,1,random_standard_3,,45,0.44752880930900574,0,False,1.4203798906322618,SID_Set,4,45,random_standard_3,3,noise -> resize -> colour,noise(sigma=0.1) -> resize(scale=0.25) -> colour(strength=-0.2),"[{""order"":1,""transform"":""noise"",""parameter_name"":""sigma"",""parameter_value"":0.1},{""order"":2,""transform"":""resize"",""parameter_name"":""scale"",""parameter_value"":0.25},{""order"":3,""transform"":""colour"",""parameter_name"":""strength"",""parameter_value"":-0.2}]",False,False,True,True,True,False,0.9237962961196899,1,True,Random standard-3 robustness evaluation — Old SID B - SID-only robustness training vs New Mixed B - SID and CIFAKE robustness training,-0.4762674868106842,True,False,false_negative,New Mixed B - SID and CIFAKE robustness training,efficientnet_b0
mixed_sid_cifake_b,9159a9d4ceb7fccd3eee24c3ddf9600c79c8abf1444cb0646b93ac66fd3b5c44,REAL/img_8641.jpg,REAL/img_8641.jpg,SID_Set,,FLUX,0,random_standard_3,,45,0.6607953310012817,1,False,1.4199703750108483,SID_Set,4,45,random_standard_3,3,jpeg -> colour -> noise,jpeg(quality=90) -> colour(strength=0.2) -> noise(sigma=0.05),"[{""order"":1,""transform"":""jpeg"",""parameter_name"":""quality"",""parameter_value"":90},{""order"":2,""transform"":""colour"",""parameter_name"":""strength"",""parameter_value"":0.2},{""order"":3,""transform"":""noise"",""parameter_name"":""sigma"",""parameter_value"":0.05}]",True,False,False,True,True,False,0.25895875692367554,0,True,Random standard-3 robustness evaluation — Old SID B - SID-only robustness training vs New Mixed B - SID and CIFAKE robustness training,0.4018365740776062,True,False,false_positive,New Mixed B - SID and CIFAKE robustness training,efficientnet_b0
mixed_sid_cifake_b,9159a9d4ceb7fccd3eee24c3ddf9600c79c8abf1444cb0646b93ac66fd3b5c44,REAL/img_14891.jpg,REAL/img_14891.jpg,SID_Set,,FLUX,0,random_standard_3,,45,0.9987902045249939,1,False,1.4199703750108483,SID_Set,4,45,random_standard_3,3,noise -> crop -> colour,noise(sigma=0.1) -> crop(fraction=0.8) -> colour(strength=0.2),"[{""order"":1,""transform"":""noise"",""parameter_name"":""sigma"",""parameter_value"":0.1},{""order"":2,""transform"":""crop"",""parameter_name"":""fraction"",""parameter_value"":0.8},{""order"":3,""transform"":""colour"",""parameter_name"":""strength"",""parameter_value"":0.2}]",False,False,False,True,True,True,7.946434925543144e-05,0,True,Random standard-3 robustness evaluation — Old SID B - SID-only robustness training vs New Mixed B - SID and CIFAKE robustness training,0.9987107401757385,True,False,false_positive,New Mixed B - SID and CIFAKE robustness training,efficientnet_b0
mixed_sid_cifake_b,9159a9d4ceb7fccd3eee24c3ddf9600c79c8abf1444cb0646b93ac66fd3b5c44,REAL/img_3328.jpg,REAL/img_3328.jpg,SID_Set,,FLUX,0,random_standard_3,,45,0.9942409992218018,1,False,1.4199703750108483,SID_Set,4,45,random_standard_3,3,jpeg -> resize -> colour,jpeg(quality=90) -> resize(scale=0.25) -> colour(strength=-0.2),"[{""order"":1,""transform"":""jpeg"",""parameter_name"":""quality"",""parameter_value"":90},{""order"":2,""transform"":""resize"",""parameter_name"":""scale"",""parameter_value"":0.25},{""order"":3,""transform"":""colour"",""parameter_name"":""strength"",""parameter_value"":-0.2}]",True,False,True,False,True,False,0.9264559149742126,1,False,Random standard-3 robustness evaluation — Old SID B - SID-only robustness training vs New Mixed B - SID and CIFAKE robustness training,0.06778508424758911,False,False,false_positive,New Mixed B - SID and CIFAKE robustness training,efficientnet_b0
mixed_sid_cifake_b,9159a9d4ceb7fccd3eee24c3ddf9600c79c8abf1444cb0646b93ac66fd3b5c44,FAKE/img_16663.jpg,FAKE/img_16663.jpg,SID_Set,,FLUX,1,random_standard_3,,45,0.25188353657722473,0,False,1.4197276406235915,SID_Set,4,45,random_standard_3,3,jpeg -> colour -> noise,jpeg(quality=50) -> colour(strength=-0.2) -> noise(sigma=0.1),"[{""order"":1,""transform"":""jpeg"",""parameter_name"":""quality"",""parameter_value"":50},{""order"":2,""transform"":""colour"",""parameter_name"":""strength"",""parameter_value"":-0.2},{""order"":3,""transform"":""noise"",""parameter_name"":""sigma"",""parameter_value"":0.1}]",True,False,False,True,True,False,0.9999990463256836,1,True,Random standard-3 robustness evaluation — Old SID B - SID-only robustness training vs New Mixed B - SID and CIFAKE robustness training,-0.7481155097484589,True,False,false_negative,New Mixed B - SID and CIFAKE robustness training,efficientnet_b0
mixed_sid_cifake_b,9159a9d4ceb7fccd3eee24c3ddf9600c79c8abf1444cb0646b93ac66fd3b5c44,FAKE/img_304.jpg,FAKE/img_304.jpg,SID_Set,,FLUX,1,random_standard_3,,45,0.3031947910785675,0,False,1.4200585468699956,SID_Set,4,45,random_standard_3,3,blur -> noise -> jpeg,blur(sigma=1.0) -> noise(sigma=0.1) -> jpeg(quality=70),"[{""order"":1,""transform"":""blur"",""parameter_name"":""sigma"",""parameter_value"":1.0},{""order"":2,""transform"":""noise"",""parameter_name"":""sigma"",""parameter_value"":0.1},{""order"":3,""transform"":""jpeg"",""parameter_name"":""quality"",""parameter_value"":70}]",True,True,False,True,False,False,0.8638738989830017,1,True,Random standard-3 robustness evaluation — Old SID B - SID-only robustness training vs New Mixed B - SID and CIFAKE robustness training,-0.5606791079044342,True,False,false_negative,New Mixed B - SID and CIFAKE robustness training,efficientnet_b0
mixed_sid_cifake_b,9159a9d4ceb7fccd3eee24c3ddf9600c79c8abf1444cb0646b93ac66fd3b5c44,FAKE/img_12773.jpg,FAKE/img_12773.jpg,SID_Set,,FLUX,1,random_standard_3,,45,0.09377075731754303,0,False,1.4196980000065196,SID_Set,4,45,random_standard_3,3,crop -> colour -> jpeg,crop(fraction=0.8) -> colour(strength=-0.2) -> jpeg(quality=30),"[{""order"":1,""transform"":""crop"",""parameter_name"":""fraction"",""parameter_value"":0.8},{""order"":2,""transform"":""colour"",""parameter_name"":""strength"",""parameter_value"":-0.2},{""order"":3,""transform"":""jpeg"",""parameter_name"":""quality"",""parameter_value"":30}]",True,False,False,False,True,True,0.9259954690933228,1,True,Random standard-3 robustness evaluation — Old SID B - SID-only robustness training vs New Mixed B - SID and CIFAKE robustness training,-0.8322247117757797,True,False,false_negative,New Mixed B - SID and CIFAKE robustness training,efficientnet_b0
mixed_sid_cifake_b,9159a9d4ceb7fccd3eee24c3ddf9600c79c8abf1444cb0646b93ac66fd3b5c44,FAKE/img_10516.jpg,FAKE/img_10516.jpg,SID_Set,,FLUX,1,random_standard_3,,45,0.32906007766723633,0,False,1.4436376250017702,SID_Set,4,45,random_standard_3,3,blur -> jpeg -> resize,blur(sigma=2.0) -> jpeg(quality=50) -> resize(scale=0.5),"[{""order"":1,""transform"":""blur"",""parameter_name"":""sigma"",""parameter_value"":2.0},{""order"":2,""transform"":""jpeg"",""parameter_name"":""quality"",""parameter_value"":50},{""order"":3,""transform"":""resize"",""parameter_name"":""scale"",""parameter_value"":0.5}]",True,True,True,False,False,False,0.8519684076309204,1,True,Random standard-3 robustness evaluation — Old SID B - SID-only robustness training vs New Mixed B - SID and CIFAKE robustness training,-0.5229083299636841,True,False,false_negative,New Mixed B - SID and CIFAKE robustness training,efficientnet_b0
mixed_sid_cifake_b,9159a9d4ceb7fccd3eee24c3ddf9600c79c8abf1444cb0646b93ac66fd3b5c44,FAKE/img_4017.jpg,FAKE/img_4017.jpg,SID_Set,,FLUX,1,random_standard_3,,45,0.42739778757095337,0,False,1.4436376250017702,SID_Set,4,45,random_standard_3,3,noise -> resize -> jpeg,noise(sigma=0.1) -> resize(scale=0.25) -> jpeg(quality=50),"[{""order"":1,""transform"":""noise"",""parameter_name"":""sigma"",""parameter_value"":0.1},{""order"":2,""transform"":""resize"",""parameter_name"":""scale"",""parameter_value"":0.25},{""order"":3,""transform"":""jpeg"",""parameter_name"":""quality"",""parameter_value"":50}]",True,False,True,True,False,False,0.9992166757583618,1,True,Random standard-3 robustness evaluation — Old SID B - SID-only robustness training vs New Mixed B - SID and CIFAKE robustness training,-0.5718188881874084,True,False,false_negative,New Mixed B - SID and CIFAKE robustness training,efficientnet_b0
mixed_sid_cifake_b,9159a9d4ceb7fccd3eee24c3ddf9600c79c8abf1444cb0646b93ac66fd3b5c44,FAKE/img_15154.jpg,FAKE/img_15154.jpg,SID_Set,,FLUX,1,random_standard_3,,45,0.010609829798340797,0,False,1.4213560156264293,SID_Set,4,45,random_standard_3,3,blur -> noise -> colour,blur(sigma=1.0) -> noise(sigma=0.1) -> colour(strength=-0.2),"[{""order"":1,""transform"":""blur"",""parameter_name"":""sigma"",""parameter_value"":1.0},{""order"":2,""transform"":""noise"",""parameter_name"":""sigma"",""parameter_value"":0.1},{""order"":3,""transform"":""colour"",""parameter_name"":""strength"",""parameter_value"":-0.2}]",False,True,False,True,True,False,0.2629113793373108,0,False,Random standard-3 robustness evaluation — Old SID B - SID-only robustness training vs New Mixed B - SID and CIFAKE robustness training,-0.25230154953897,False,False,false_negative,New Mixed B - SID and CIFAKE robustness training,efficientnet_b0
mixed_sid_cifake_b,9159a9d4ceb7fccd3eee24c3ddf9600c79c8abf1444cb0646b93ac66fd3b5c44,FAKE/img_12935.jpg,FAKE/img_12935.jpg,SID_Set,,FLUX,1,random_standard_3,,45,0.014322509057819843,0,False,1.4827669999988302,SID_Set,4,45,random_standard_3,3,jpeg -> noise -> colour,jpeg(quality=50) -> noise(sigma=0.02) -> colour(strength=-0.2),"[{""order"":1,""transform"":""jpeg"",""parameter_name"":""quality"",""parameter_value"":50},{""order"":2,""transform"":""noise"",""parameter_name"":""sigma"",""parameter_value"":0.02},{""order"":3,""transform"":""colour"",""parameter_name"":""strength"",""parameter_value"":-0.2}]",True,False,False,True,True,False,0.6126285791397095,1,True,Random standard-3 robustness evaluation — Old SID B - SID-only robustness training vs New Mixed B - SID and CIFAKE robustness training,-0.5983060700818896,True,False,false_negative,New Mixed B - SID and CIFAKE robustness training,efficientnet_b0
mixed_sid_cifake_b,9159a9d4ceb7fccd3eee24c3ddf9600c79c8abf1444cb0646b93ac66fd3b5c44,FAKE/img_1576.jpg,FAKE/img_1576.jpg,SID_Set,,FLUX,1,random_standard_3,,45,0.0005982829607091844,0,False,1.4827669999988302,SID_Set,4,45,random_standard_3,3,blur -> noise -> colour,blur(sigma=0.5) -> noise(sigma=0.05) -> colour(strength=0.2),"[{""order"":1,""transform"":""blur"",""parameter_name"":""sigma"",""parameter_value"":0.5},{""order"":2,""transform"":""noise"",""parameter_name"":""sigma"",""parameter_value"":0.05},{""order"":3,""transform"":""colour"",""parameter_name"":""strength"",""parameter_value"":0.2}]",False,True,False,True,True,False,0.0434529148042202,0,False,Random standard-3 robustness evaluation — Old SID B - SID-only robustness training vs New Mixed B - SID and CIFAKE robustness training,-0.042854631843511015,False,False,false_negative,New Mixed B - SID and CIFAKE robustness training,efficientnet_b0
mixed_sid_cifake_b,9159a9d4ceb7fccd3eee24c3ddf9600c79c8abf1444cb0646b93ac66fd3b5c44,FAKE/img_5676.jpg,FAKE/img_5676.jpg,SID_Set,,FLUX,1,random_standard_3,,45,0.19169510900974274,0,False,1.4827669999988302,SID_Set,4,45,random_standard_3,3,blur -> jpeg -> resize,blur(sigma=0.5) -> jpeg(quality=70) -> resize(scale=0.5),"[{""order"":1,""transform"":""blur"",""parameter_name"":""sigma"",""parameter_value"":0.5},{""order"":2,""transform"":""jpeg"",""parameter_name"":""quality"",""parameter_value"":70},{""order"":3,""transform"":""resize"",""parameter_name"":""scale"",""parameter_value"":0.5}]",True,True,True,False,False,False,0.2528587281703949,0,False,Random standard-3 robustness evaluation — Old SID B - SID-only robustness training vs New Mixed B - SID and CIFAKE robustness training,-0.06116361916065216,False,False,false_negative,New Mixed B - SID and CIFAKE robustness training,efficientnet_b0
mixed_sid_cifake_b,9159a9d4ceb7fccd3eee24c3ddf9600c79c8abf1444cb0646b93ac66fd3b5c44,FAKE/img_6024.jpg,FAKE/img_6024.jpg,SID_Set,,FLUX,1,random_standard_3,,45,0.0338018462061882,0,False,1.4827669999988302,SID_Set,4,45,random_standard_3,3,colour -> crop -> jpeg,colour(strength=-0.2) -> crop(fraction=0.8) -> jpeg(quality=30),"[{""order"":1,""transform"":""colour"",""parameter_name"":""strength"",""parameter_value"":-0.2},{""order"":2,""transform"":""crop"",""parameter_name"":""fraction"",""parameter_value"":0.8},{""order"":3,""transform"":""jpeg"",""parameter_name"":""quality"",""parameter_value"":30}]",True,False,False,False,True,True,0.7492343783378601,1,True,Random standard-3 robustness evaluation — Old SID B - SID-only robustness training vs New Mixed B - SID and CIFAKE robustness training,-0.7154325321316719,True,False,false_negative,New Mixed B - SID and CIFAKE robustness training,efficientnet_b0
mixed_sid_cifake_b,9159a9d4ceb7fccd3eee24c3ddf9600c79c8abf1444cb0646b93ac66fd3b5c44,REAL/img_7216.jpg,REAL/img_7216.jpg,SID_Set,,FLUX,0,random_standard_3,,45,0.5342418551445007,1,False,1.4208479218780212,SID_Set,4,45,random_standard_3,3,crop -> noise -> jpeg,crop(fraction=0.8) -> noise(sigma=0.05) -> jpeg(quality=50),"[{""order"":1,""transform"":""crop"",""parameter_name"":""fraction"",""parameter_value"":0.8},{""order"":2,""transform"":""noise"",""parameter_name"":""sigma"",""parameter_value"":0.05},{""order"":3,""transform"":""jpeg"",""parameter_name"":""quality"",""parameter_value"":50}]",True,False,False,True,False,True,0.646504282951355,1,False,Random standard-3 robustness evaluation — Old SID B - SID-only robustness training vs New Mixed B - SID and CIFAKE robustness training,-0.11226242780685425,False,False,false_positive,New Mixed B - SID and CIFAKE robustness training,efficientnet_b0
mixed_sid_cifake_b,9159a9d4ceb7fccd3eee24c3ddf9600c79c8abf1444cb0646b93ac66fd3b5c44,REAL/img_8528.jpg,REAL/img_8528.jpg,SID_Set,,FLUX,0,random_standard_3,,45,0.8995328545570374,1,False,1.4206618906342783,SID_Set,4,45,random_standard_3,3,resize -> jpeg -> noise,resize(scale=0.5) -> jpeg(quality=50) -> noise(sigma=0.1),"[{""order"":1,""transform"":""resize"",""parameter_name"":""scale"",""parameter_value"":0.5},{""order"":2,""transform"":""jpeg"",""parameter_name"":""quality"",""parameter_value"":50},{""order"":3,""transform"":""noise"",""parameter_name"":""sigma"",""parameter_value"":0.1}]",True,False,True,True,False,False,0.9805907607078552,1,False,Random standard-3 robustness evaluation — Old SID B - SID-only robustness training vs New Mixed B - SID and CIFAKE robustness training,-0.08105790615081787,False,False,false_positive,New Mixed B - SID and CIFAKE robustness training,efficientnet_b0
mixed_sid_cifake_b,9159a9d4ceb7fccd3eee24c3ddf9600c79c8abf1444cb0646b93ac66fd3b5c44,REAL/img_7008.jpg,REAL/img_7008.jpg,SID_Set,,FLUX,0,random_standard_3,,45,0.9316574335098267,1,False,1.4206618906342783,SID_Set,4,45,random_standard_3,3,resize -> crop -> blur,resize(scale=0.25) -> crop(fraction=0.8) -> blur(sigma=0.5),"[{""order"":1,""transform"":""resize"",""parameter_name"":""scale"",""parameter_value"":0.25},{""order"":2,""transform"":""crop"",""parameter_name"":""fraction"",""parameter_value"":0.8},{""order"":3,""transform"":""blur"",""parameter_name"":""sigma"",""parameter_value"":0.5}]",False,True,True,False,False,True,0.7254787087440491,1,False,Random standard-3 robustness evaluation — Old SID B - SID-only robustness training vs New Mixed B - SID and CIFAKE robustness training,0.2061787247657776,False,False,false_positive,New Mixed B - SID and CIFAKE robustness training,efficientnet_b0
mixed_sid_cifake_b,9159a9d4ceb7fccd3eee24c3ddf9600c79c8abf1444cb0646b93ac66fd3b5c44,REAL/img_12498.jpg,REAL/img_12498.jpg,SID_Set,,FLUX,0,random_standard_3,,45,0.6542331576347351,1,False,1.4344448906200569,SID_Set,4,45,random_standard_3,3,resize -> noise -> jpeg,resize(scale=0.25) -> noise(sigma=0.1) -> jpeg(quality=70),"[{""order"":1,""transform"":""resize"",""parameter_name"":""scale"",""parameter_value"":0.25},{""order"":2,""transform"":""noise"",""parameter_name"":""sigma"",""parameter_value"":0.1},{""order"":3,""transform"":""jpeg"",""parameter_name"":""quality"",""parameter_value"":70}]",True,False,True,True,False,False,0.01882425881922245,0,True,Random standard-3 robustness evaluation — Old SID B - SID-only robustness training vs New Mixed B - SID and CIFAKE robustness training,0.6354088988155127,True,False,false_positive,New Mixed B - SID and CIFAKE robustness training,efficientnet_b0
mixed_sid_cifake_b,9159a9d4ceb7fccd3eee24c3ddf9600c79c8abf1444cb0646b93ac66fd3b5c44,FAKE/img_9867.jpg,FAKE/img_9867.jpg,SID_Set,,FLUX,1,random_standard_3,,45,0.07808142900466919,0,False,1.4344448906200569,SID_Set,4,45,random_standard_3,3,blur -> crop -> noise,blur(sigma=2.0) -> crop(fraction=0.8) -> noise(sigma=0.1),"[{""order"":1,""transform"":""blur"",""parameter_name"":""sigma"",""parameter_value"":2.0},{""order"":2,""transform"":""crop"",""parameter_name"":""fraction"",""parameter_value"":0.8},{""order"":3,""transform"":""noise"",""parameter_name"":""sigma"",""parameter_value"":0.1}]",False,True,False,True,False,True,0.9950815439224243,1,True,Random standard-3 robustness evaluation — Old SID B - SID-only robustness training vs New Mixed B - SID and CIFAKE robustness training,-0.9170001149177551,True,False,false_negative,New Mixed B - SID and CIFAKE robustness training,efficientnet_b0
mixed_sid_cifake_b,9159a9d4ceb7fccd3eee24c3ddf9600c79c8abf1444cb0646b93ac66fd3b5c44,FAKE/img_15497.jpg,FAKE/img_15497.jpg,SID_Set,,FLUX,1,random_standard_3,,45,0.3612843453884125,0,False,1.4344448906200569,SID_Set,4,45,random_standard_3,3,noise -> resize -> crop,noise(sigma=0.05) -> resize(scale=0.25) -> crop(fraction=0.8),"[{""order"":1,""transform"":""noise"",""parameter_name"":""sigma"",""parameter_value"":0.05},{""order"":2,""transform"":""resize"",""parameter_name"":""scale"",""parameter_value"":0.25},{""order"":3,""transform"":""crop"",""parameter_name"":""fraction"",""parameter_value"":0.8}]",False,False,True,True,False,True,0.9994590878486633,1,True,Random standard-3 robustness evaluation — Old SID B - SID-only robustness training vs New Mixed B - SID and CIFAKE robustness training,-0.6381747424602509,True,False,false_negative,New Mixed B - SID and CIFAKE robustness training,efficientnet_b0
mixed_sid_cifake_b,9159a9d4ceb7fccd3eee24c3ddf9600c79c8abf1444cb0646b93ac66fd3b5c44,FAKE/img_12157.jpg,FAKE/img_12157.jpg,SID_Set,,FLUX,1,random_standard_3,,45,0.3280963599681854,0,False,1.4344448906200569,SID_Set,4,45,random_standard_3,3,colour -> jpeg -> crop,colour(strength=-0.2) -> jpeg(quality=30) -> crop(fraction=0.8),"[{""order"":1,""transform"":""colour"",""parameter_name"":""strength"",""parameter_value"":-0.2},{""order"":2,""transform"":""jpeg"",""parameter_name"":""quality"",""parameter_value"":30},{""order"":3,""transform"":""crop"",""parameter_name"":""fraction"",""parameter_value"":0.8}]",True,False,False,False,True,True,0.9999969005584717,1,True,Random standard-3 robustness evaluation — Old SID B - SID-only robustness training vs New Mixed B - SID and CIFAKE robustness training,-0.6719005405902863,True,False,false_negative,New Mixed B - SID and CIFAKE robustness training,efficientnet_b0
mixed_sid_cifake_b,9159a9d4ceb7fccd3eee24c3ddf9600c79c8abf1444cb0646b93ac66fd3b5c44,FAKE/img_11134.jpg,FAKE/img_11134.jpg,SID_Set,,FLUX,1,random_standard_3,,45,0.147609680891037,0,False,1.473395765628993,SID_Set,4,45,random_standard_3,3,colour -> crop -> jpeg,colour(strength=0.2) -> crop(fraction=0.8) -> jpeg(quality=70),"[{""order"":1,""transform"":""colour"",""parameter_name"":""strength"",""parameter_value"":0.2},{""order"":2,""transform"":""crop"",""parameter_name"":""fraction"",""parameter_value"":0.8},{""order"":3,""transform"":""jpeg"",""parameter_name"":""quality"",""parameter_value"":70}]",True,False,False,False,True,True,0.9999938011169434,1,True,Random standard-3 robustness evaluation — Old SID B - SID-only robustness training vs New Mixed B - SID and CIFAKE robustness training,-0.8523841202259064,True,False,false_negative,New Mixed B - SID and CIFAKE robustness training,efficientnet_b0
mixed_sid_cifake_b,9159a9d4ceb7fccd3eee24c3ddf9600c79c8abf1444cb0646b93ac66fd3b5c44,FAKE/img_12190.jpg,FAKE/img_12190.jpg,SID_Set,,FLUX,1,random_standard_3,,45,0.38096240162849426,0,False,1.473395765628993,SID_Set,4,45,random_standard_3,3,colour -> crop -> noise,colour(strength=0.2) -> crop(fraction=0.8) -> noise(sigma=0.05),"[{""order"":1,""transform"":""colour"",""parameter_name"":""strength"",""parameter_value"":0.2},{""order"":2,""transform"":""crop"",""parameter_name"":""fraction"",""parameter_value"":0.8},{""order"":3,""transform"":""noise"",""parameter_name"":""sigma"",""parameter_value"":0.05}]",False,False,False,True,True,True,0.9910586476325989,1,True,Random standard-3 robustness evaluation — Old SID B - SID-only robustness training vs New Mixed B - SID and CIFAKE robustness training,-0.6100962460041046,True,False,false_negative,New Mixed B - SID and CIFAKE robustness training,efficientnet_b0
mixed_sid_cifake_b,9159a9d4ceb7fccd3eee24c3ddf9600c79c8abf1444cb0646b93ac66fd3b5c44,FAKE/img_6229.jpg,FAKE/img_6229.jpg,SID_Set,,FLUX,1,random_standard_3,,45,0.4222557246685028,0,False,1.421688953115563,SID_Set,4,45,random_standard_3,3,resize -> jpeg -> colour,resize(scale=0.25) -> jpeg(quality=50) -> colour(strength=0.2),"[{""order"":1,""transform"":""resize"",""parameter_name"":""scale"",""parameter_value"":0.25},{""order"":2,""transform"":""jpeg"",""parameter_name"":""quality"",""parameter_value"":50},{""order"":3,""transform"":""colour"",""parameter_name"":""strength"",""parameter_value"":0.2}]",True,False,True,False,True,False,0.9816942811012268,1,True,Random standard-3 robustness evaluation — Old SID B - SID-only robustness training vs New Mixed B - SID and CIFAKE robustness training,-0.559438556432724,True,False,false_negative,New Mixed B - SID and CIFAKE robustness training,efficientnet_b0
mixed_sid_cifake_b,9159a9d4ceb7fccd3eee24c3ddf9600c79c8abf1444cb0646b93ac66fd3b5c44,FAKE/img_8999.jpg,FAKE/img_8999.jpg,SID_Set,,FLUX,1,random_standard_3,,45,0.32421261072158813,0,False,1.4317301874910981,SID_Set,4,45,random_standard_3,3,blur -> colour -> jpeg,blur(sigma=0.5) -> colour(strength=0.2) -> jpeg(quality=50),"[{""order"":1,""transform"":""blur"",""parameter_name"":""sigma"",""parameter_value"":0.5},{""order"":2,""transform"":""colour"",""parameter_name"":""strength"",""parameter_value"":0.2},{""order"":3,""transform"":""jpeg"",""parameter_name"":""quality"",""parameter_value"":50}]",True,True,False,False,True,False,0.9824173450469971,1,True,Random standard-3 robustness evaluation — Old SID B - SID-only robustness training vs New Mixed B - SID and CIFAKE robustness training,-0.6582047343254089,True,False,false_negative,New Mixed B - SID and CIFAKE robustness training,efficientnet_b0
mixed_sid_cifake_b,9159a9d4ceb7fccd3eee24c3ddf9600c79c8abf1444cb0646b93ac66fd3b5c44,REAL/img_759.jpg,REAL/img_759.jpg,SID_Set,,FLUX,0,random_standard_3,,45,0.9662421345710754,1,False,1.4446161718666417,SID_Set,4,45,random_standard_3,3,blur -> colour -> jpeg,blur(sigma=2.0) -> colour(strength=0.2) -> jpeg(quality=50),"[{""order"":1,""transform"":""blur"",""parameter_name"":""sigma"",""parameter_value"":2.0},{""order"":2,""transform"":""colour"",""parameter_name"":""strength"",""parameter_value"":0.2},{""order"":3,""transform"":""jpeg"",""parameter_name"":""quality"",""parameter_value"":50}]",True,True,False,False,True,False,0.9560602307319641,1,False,Random standard-3 robustness evaluation — Old SID B - SID-only robustness training vs New Mixed B - SID and CIFAKE robustness training,0.010181903839111328,False,False,false_positive,New Mixed B - SID and CIFAKE robustness training,efficientnet_b0
mixed_sid_cifake_b,9159a9d4ceb7fccd3eee24c3ddf9600c79c8abf1444cb0646b93ac66fd3b5c44,REAL/img_3195.jpg,REAL/img_3195.jpg,SID_Set,,FLUX,0,random_standard_3,,45,0.7014990448951721,1,False,1.4511986406233746,SID_Set,4,45,random_standard_3,3,blur -> noise -> colour,blur(sigma=0.5) -> noise(sigma=0.05) -> colour(strength=-0.2),"[{""order"":1,""transform"":""blur"",""parameter_name"":""sigma"",""parameter_value"":0.5},{""order"":2,""transform"":""noise"",""parameter_name"":""sigma"",""parameter_value"":0.05},{""order"":3,""transform"":""colour"",""parameter_name"":""strength"",""parameter_value"":-0.2}]",False,True,False,True,True,False,0.4150139093399048,0,True,Random standard-3 robustness evaluation — Old SID B - SID-only robustness training vs New Mixed B - SID and CIFAKE robustness training,0.28648513555526733,True,False,false_positive,New Mixed B - SID and CIFAKE robustness training,efficientnet_b0
mixed_sid_cifake_b,9159a9d4ceb7fccd3eee24c3ddf9600c79c8abf1444cb0646b93ac66fd3b5c44,FAKE/img_9807.jpg,FAKE/img_9807.jpg,SID_Set,,FLUX,1,random_standard_3,,45,0.2980281114578247,0,False,1.4511986406233746,SID_Set,4,45,random_standard_3,3,crop -> noise -> blur,crop(fraction=0.8) -> noise(sigma=0.1) -> blur(sigma=1.0),"[{""order"":1,""transform"":""crop"",""parameter_name"":""fraction"",""parameter_value"":0.8},{""order"":2,""transform"":""noise"",""parameter_name"":""sigma"",""parameter_value"":0.1},{""order"":3,""transform"":""blur"",""parameter_name"":""sigma"",""parameter_value"":1.0}]",False,True,False,True,False,True,0.9995854496955872,1,True,Random standard-3 robustness evaluation — Old SID B - SID-only robustness training vs New Mixed B - SID and CIFAKE robustness training,-0.7015573382377625,True,False,false_negative,New Mixed B - SID and CIFAKE robustness training,efficientnet_b0
mixed_sid_cifake_b,9159a9d4ceb7fccd3eee24c3ddf9600c79c8abf1444cb0646b93ac66fd3b5c44,FAKE/img_15143.jpg,FAKE/img_15143.jpg,SID_Set,,FLUX,1,random_standard_3,,45,0.027701718732714653,0,False,1.4511986406233746,SID_Set,4,45,random_standard_3,3,blur -> colour -> resize,blur(sigma=1.0) -> colour(strength=0.2) -> resize(scale=0.25),"[{""order"":1,""transform"":""blur"",""parameter_name"":""sigma"",""parameter_value"":1.0},{""order"":2,""transform"":""colour"",""parameter_name"":""strength"",""parameter_value"":0.2},{""order"":3,""transform"":""resize"",""parameter_name"":""scale"",""parameter_value"":0.25}]",False,True,True,False,True,False,0.893527626991272,1,True,Random standard-3 robustness evaluation — Old SID B - SID-only robustness training vs New Mixed B - SID and CIFAKE robustness training,-0.8658259082585573,True,False,false_negative,New Mixed B - SID and CIFAKE robustness training,efficientnet_b0
mixed_sid_cifake_b,9159a9d4ceb7fccd3eee24c3ddf9600c79c8abf1444cb0646b93ac66fd3b5c44,FAKE/img_14547.jpg,FAKE/img_14547.jpg,SID_Set,,FLUX,1,random_standard_3,,45,0.37311410903930664,0,False,1.4205939218783215,SID_Set,4,45,random_standard_3,3,crop -> jpeg -> resize,crop(fraction=0.8) -> jpeg(quality=50) -> resize(scale=0.25),"[{""order"":1,""transform"":""crop"",""parameter_name"":""fraction"",""parameter_value"":0.8},{""order"":2,""transform"":""jpeg"",""parameter_name"":""quality"",""parameter_value"":50},{""order"":3,""transform"":""resize"",""parameter_name"":""scale"",""parameter_value"":0.25}]",True,False,True,False,False,True,1.0,1,True,Random standard-3 robustness evaluation — Old SID B - SID-only robustness training vs New Mixed B - SID and CIFAKE robustness training,-0.6268858909606934,True,False,false_negative,New Mixed B - SID and CIFAKE robustness training,efficientnet_b0
mixed_sid_cifake_b,9159a9d4ceb7fccd3eee24c3ddf9600c79c8abf1444cb0646b93ac66fd3b5c44,FAKE/img_10225.jpg,FAKE/img_10225.jpg,SID_Set,,FLUX,1,random_standard_3,,45,0.38026976585388184,0,False,1.4204122656167328,SID_Set,4,45,random_standard_3,3,blur -> crop -> colour,blur(sigma=2.0) -> crop(fraction=0.8) -> colour(strength=-0.2),"[{""order"":1,""transform"":""blur"",""parameter_name"":""sigma"",""parameter_value"":2.0},{""order"":2,""transform"":""crop"",""parameter_name"":""fraction"",""parameter_value"":0.8},{""order"":3,""transform"":""colour"",""parameter_name"":""strength"",""parameter_value"":-0.2}]",False,True,False,False,True,True,0.9998815059661865,1,True,Random standard-3 robustness evaluation — Old SID B - SID-only robustness training vs New Mixed B - SID and CIFAKE robustness training,-0.6196117401123047,True,False,false_negative,New Mixed B - SID and CIFAKE robustness training,efficientnet_b0
mixed_sid_cifake_b,9159a9d4ceb7fccd3eee24c3ddf9600c79c8abf1444cb0646b93ac66fd3b5c44,FAKE/img_5384.jpg,FAKE/img_5384.jpg,SID_Set,,FLUX,1,random_standard_3,,45,0.006295627448707819,0,False,1.4205662031230304,SID_Set,4,45,random_standard_3,3,crop -> resize -> blur,crop(fraction=0.8) -> resize(scale=0.25) -> blur(sigma=2.0),"[{""order"":1,""transform"":""crop"",""parameter_name"":""fraction"",""parameter_value"":0.8},{""order"":2,""transform"":""resize"",""parameter_name"":""scale"",""parameter_value"":0.25},{""order"":3,""transform"":""blur"",""parameter_name"":""sigma"",""parameter_value"":2.0}]",False,True,True,False,False,True,0.9982088804244995,1,True,Random standard-3 robustness evaluation — Old SID B - SID-only robustness training vs New Mixed B - SID and CIFAKE robustness training,-0.9919132529757917,True,False,false_negative,New Mixed B - SID and CIFAKE robustness training,efficientnet_b0
mixed_sid_cifake_b,9159a9d4ceb7fccd3eee24c3ddf9600c79c8abf1444cb0646b93ac66fd3b5c44,REAL/img_12143.jpg,REAL/img_12143.jpg,SID_Set,,FLUX,0,random_standard_3,,45,0.9998966455459595,1,False,1.4205662031230304,SID_Set,4,45,random_standard_3,3,blur -> noise -> crop,blur(sigma=1.0) -> noise(sigma=0.1) -> crop(fraction=0.8),"[{""order"":1,""transform"":""blur"",""parameter_name"":""sigma"",""parameter_value"":1.0},{""order"":2,""transform"":""noise"",""parameter_name"":""sigma"",""parameter_value"":0.1},{""order"":3,""transform"":""crop"",""parameter_name"":""fraction"",""parameter_value"":0.8}]",False,True,False,True,False,True,0.007936195470392704,0,True,Random standard-3 robustness evaluation — Old SID B - SID-only robustness training vs New Mixed B - SID and CIFAKE robustness training,0.9919604500755668,True,False,false_positive,New Mixed B - SID and CIFAKE robustness training,efficientnet_b0
mixed_sid_cifake_b,9159a9d4ceb7fccd3eee24c3ddf9600c79c8abf1444cb0646b93ac66fd3b5c44,FAKE/img_11802.jpg,FAKE/img_11802.jpg,SID_Set,,FLUX,1,random_standard_3,,45,0.39298373460769653,0,False,1.4204327343776413,SID_Set,4,45,random_standard_3,3,colour -> noise -> crop,colour(strength=-0.2) -> noise(sigma=0.1) -> crop(fraction=0.8),"[{""order"":1,""transform"":""colour"",""parameter_name"":""strength"",""parameter_value"":-0.2},{""order"":2,""transform"":""noise"",""parameter_name"":""sigma"",""parameter_value"":0.1},{""order"":3,""transform"":""crop"",""parameter_name"":""fraction"",""parameter_value"":0.8}]",False,False,False,True,True,True,0.9999990463256836,1,True,Random standard-3 robustness evaluation — Old SID B - SID-only robustness training vs New Mixed B - SID and CIFAKE robustness training,-0.6070153117179871,True,False,false_negative,New Mixed B - SID and CIFAKE robustness training,efficientnet_b0
mixed_sid_cifake_b,9159a9d4ceb7fccd3eee24c3ddf9600c79c8abf1444cb0646b93ac66fd3b5c44,REAL/img_9115.jpg,REAL/img_9115.jpg,SID_Set,,FLUX,0,random_standard_3,,45,0.5199856162071228,1,False,1.422959703134552,SID_Set,4,45,random_standard_3,3,blur -> resize -> noise,blur(sigma=0.5) -> resize(scale=0.5) -> noise(sigma=0.05),"[{""order"":1,""transform"":""blur"",""parameter_name"":""sigma"",""parameter_value"":0.5},{""order"":2,""transform"":""resize"",""parameter_name"":""scale"",""parameter_value"":0.5},{""order"":3,""transform"":""noise"",""parameter_name"":""sigma"",""parameter_value"":0.05}]",False,True,True,True,False,False,0.33496254682540894,0,True,Random standard-3 robustness evaluation — Old SID B - SID-only robustness training vs New Mixed B - SID and CIFAKE robustness training,0.18502306938171387,True,False,false_positive,New Mixed B - SID and CIFAKE robustness training,efficientnet_b0
mixed_sid_cifake_b,9159a9d4ceb7fccd3eee24c3ddf9600c79c8abf1444cb0646b93ac66fd3b5c44,FAKE/img_723.jpg,FAKE/img_723.jpg,SID_Set,,FLUX,1,random_standard_3,,45,0.2581847012042999,0,False,1.4201248749969864,SID_Set,4,45,random_standard_3,3,jpeg -> crop -> colour,jpeg(quality=30) -> crop(fraction=0.8) -> colour(strength=-0.2),"[{""order"":1,""transform"":""jpeg"",""parameter_name"":""quality"",""parameter_value"":30},{""order"":2,""transform"":""crop"",""parameter_name"":""fraction"",""parameter_value"":0.8},{""order"":3,""transform"":""colour"",""parameter_name"":""strength"",""parameter_value"":-0.2}]",True,False,False,False,True,True,0.9999997615814209,1,True,Random standard-3 robustness evaluation — Old SID B - SID-only robustness training vs New Mixed B - SID and CIFAKE robustness training,-0.741815060377121,True,False,false_negative,New Mixed B - SID and CIFAKE robustness training,efficientnet_b0
mixed_sid_cifake_b,9159a9d4ceb7fccd3eee24c3ddf9600c79c8abf1444cb0646b93ac66fd3b5c44,REAL/img_1305.jpg,REAL/img_1305.jpg,SID_Set,,FLUX,0,random_standard_3,,45,0.5097835063934326,1,False,1.4303808124935813,SID_Set,4,45,random_standard_3,3,resize -> crop -> noise,resize(scale=0.25) -> crop(fraction=0.8) -> noise(sigma=0.1),"[{""order"":1,""transform"":""resize"",""parameter_name"":""scale"",""parameter_value"":0.25},{""order"":2,""transform"":""crop"",""parameter_name"":""fraction"",""parameter_value"":0.8},{""order"":3,""transform"":""noise"",""parameter_name"":""sigma"",""parameter_value"":0.1}]",False,False,True,True,False,True,7.861863016069698e-14,0,True,Random standard-3 robustness evaluation — Old SID B - SID-only robustness training vs New Mixed B - SID and CIFAKE robustness training,0.509783506393354,True,False,false_positive,New Mixed B - SID and CIFAKE robustness training,efficientnet_b0
mixed_sid_cifake_b,9159a9d4ceb7fccd3eee24c3ddf9600c79c8abf1444cb0646b93ac66fd3b5c44,REAL/img_1667.jpg,REAL/img_1667.jpg,SID_Set,,FLUX,0,random_standard_3,,45,0.9999125003814697,1,False,1.4303808124935813,SID_Set,4,45,random_standard_3,3,noise -> colour -> crop,noise(sigma=0.1) -> colour(strength=0.2) -> crop(fraction=0.8),"[{""order"":1,""transform"":""noise"",""parameter_name"":""sigma"",""parameter_value"":0.1},{""order"":2,""transform"":""colour"",""parameter_name"":""strength"",""parameter_value"":0.2},{""order"":3,""transform"":""crop"",""parameter_name"":""fraction"",""parameter_value"":0.8}]",False,False,False,True,True,True,0.006944423075765371,0,True,Random standard-3 robustness evaluation — Old SID B - SID-only robustness training vs New Mixed B - SID and CIFAKE robustness training,0.9929680773057044,True,False,false_positive,New Mixed B - SID and CIFAKE robustness training,efficientnet_b0
mixed_sid_cifake_b,9159a9d4ceb7fccd3eee24c3ddf9600c79c8abf1444cb0646b93ac66fd3b5c44,REAL/img_10812.jpg,REAL/img_10812.jpg,SID_Set,,FLUX,0,random_standard_3,,45,0.9981639981269836,1,False,1.4392626562482747,SID_Set,4,45,random_standard_3,3,resize -> crop -> jpeg,resize(scale=0.5) -> crop(fraction=0.8) -> jpeg(quality=70),"[{""order"":1,""transform"":""resize"",""parameter_name"":""scale"",""parameter_value"":0.5},{""order"":2,""transform"":""crop"",""parameter_name"":""fraction"",""parameter_value"":0.8},{""order"":3,""transform"":""jpeg"",""parameter_name"":""quality"",""parameter_value"":70}]",True,False,True,False,False,True,0.9350079298019409,1,False,Random standard-3 robustness evaluation — Old SID B - SID-only robustness training vs New Mixed B - SID and CIFAKE robustness training,0.06315606832504272,False,False,false_positive,New Mixed B - SID and CIFAKE robustness training,efficientnet_b0
mixed_sid_cifake_b,9159a9d4ceb7fccd3eee24c3ddf9600c79c8abf1444cb0646b93ac66fd3b5c44,REAL/img_13339.jpg,REAL/img_13339.jpg,SID_Set,,FLUX,0,random_standard_3,,45,0.5899011492729187,1,False,1.4198956250055517,SID_Set,4,45,random_standard_3,3,crop -> colour -> noise,crop(fraction=0.8) -> colour(strength=-0.2) -> noise(sigma=0.05),"[{""order"":1,""transform"":""crop"",""parameter_name"":""fraction"",""parameter_value"":0.8},{""order"":2,""transform"":""colour"",""parameter_name"":""strength"",""parameter_value"":-0.2},{""order"":3,""transform"":""noise"",""parameter_name"":""sigma"",""parameter_value"":0.05}]",False,False,False,True,True,True,0.3329900801181793,0,True,Random standard-3 robustness evaluation — Old SID B - SID-only robustness training vs New Mixed B - SID and CIFAKE robustness training,0.2569110691547394,True,False,false_positive,New Mixed B - SID and CIFAKE robustness training,efficientnet_b0
mixed_sid_cifake_b,9159a9d4ceb7fccd3eee24c3ddf9600c79c8abf1444cb0646b93ac66fd3b5c44,REAL/img_935.jpg,REAL/img_935.jpg,SID_Set,,FLUX,0,random_standard_3,,45,0.6479322910308838,1,False,1.4724797812419865,SID_Set,4,45,random_standard_3,3,crop -> jpeg -> resize,crop(fraction=0.8) -> jpeg(quality=70) -> resize(scale=0.25),"[{""order"":1,""transform"":""crop"",""parameter_name"":""fraction"",""parameter_value"":0.8},{""order"":2,""transform"":""jpeg"",""parameter_name"":""quality"",""parameter_value"":70},{""order"":3,""transform"":""resize"",""parameter_name"":""scale"",""parameter_value"":0.25}]",True,False,True,False,False,True,0.5546910762786865,1,False,Random standard-3 robustness evaluation — Old SID B - SID-only robustness training vs New Mixed B - SID and CIFAKE robustness training,0.09324121475219727,False,False,false_positive,New Mixed B - SID and CIFAKE robustness training,efficientnet_b0
mixed_sid_cifake_b,9159a9d4ceb7fccd3eee24c3ddf9600c79c8abf1444cb0646b93ac66fd3b5c44,FAKE/img_14610.jpg,FAKE/img_14610.jpg,SID_Set,,FLUX,1,random_standard_3,,45,0.3969835340976715,0,False,1.4487086562411378,SID_Set,4,45,random_standard_3,3,noise -> resize -> crop,noise(sigma=0.1) -> resize(scale=0.25) -> crop(fraction=0.8),"[{""order"":1,""transform"":""noise"",""parameter_name"":""sigma"",""parameter_value"":0.1},{""order"":2,""transform"":""resize"",""parameter_name"":""scale"",""parameter_value"":0.25},{""order"":3,""transform"":""crop"",""parameter_name"":""fraction"",""parameter_value"":0.8}]",False,False,True,True,False,True,0.968424916267395,1,True,Random standard-3 robustness evaluation — Old SID B - SID-only robustness training vs New Mixed B - SID and CIFAKE robustness training,-0.5714413821697235,True,False,false_negative,New Mixed B - SID and CIFAKE robustness training,efficientnet_b0
mixed_sid_cifake_b,9159a9d4ceb7fccd3eee24c3ddf9600c79c8abf1444cb0646b93ac66fd3b5c44,FAKE/img_5517.jpg,FAKE/img_5517.jpg,SID_Set,,FLUX,1,random_standard_3,,45,0.2593686580657959,0,False,1.4487086562411378,SID_Set,4,45,random_standard_3,3,resize -> colour -> noise,resize(scale=0.25) -> colour(strength=-0.2) -> noise(sigma=0.1),"[{""order"":1,""transform"":""resize"",""parameter_name"":""scale"",""parameter_value"":0.25},{""order"":2,""transform"":""colour"",""parameter_name"":""strength"",""parameter_value"":-0.2},{""order"":3,""transform"":""noise"",""parameter_name"":""sigma"",""parameter_value"":0.1}]",False,False,True,True,True,False,0.9986907839775085,1,True,Random standard-3 robustness evaluation — Old SID B - SID-only robustness training vs New Mixed B - SID and CIFAKE robustness training,-0.7393221259117126,True,False,false_negative,New Mixed B - SID and CIFAKE robustness training,efficientnet_b0
mixed_sid_cifake_b,9159a9d4ceb7fccd3eee24c3ddf9600c79c8abf1444cb0646b93ac66fd3b5c44,FAKE/img_10072.jpg,FAKE/img_10072.jpg,SID_Set,,FLUX,1,random_standard_3,,45,0.18159012496471405,0,False,1.4446471874975941,SID_Set,4,45,random_standard_3,3,crop -> blur -> colour,crop(fraction=0.8) -> blur(sigma=0.5) -> colour(strength=0.2),"[{""order"":1,""transform"":""crop"",""parameter_name"":""fraction"",""parameter_value"":0.8},{""order"":2,""transform"":""blur"",""parameter_name"":""sigma"",""parameter_value"":0.5},{""order"":3,""transform"":""colour"",""parameter_name"":""strength"",""parameter_value"":0.2}]",False,True,False,False,True,True,0.997531533241272,1,True,Random standard-3 robustness evaluation — Old SID B - SID-only robustness training vs New Mixed B - SID and CIFAKE robustness training,-0.8159414082765579,True,False,false_negative,New Mixed B - SID and CIFAKE robustness training,efficientnet_b0
mixed_sid_cifake_b,9159a9d4ceb7fccd3eee24c3ddf9600c79c8abf1444cb0646b93ac66fd3b5c44,FAKE/img_11508.jpg,FAKE/img_11508.jpg,SID_Set,,FLUX,1,random_standard_3,,45,0.48503395915031433,0,False,1.4197829062538858,SID_Set,4,45,random_standard_3,3,colour -> noise -> jpeg,colour(strength=-0.2) -> noise(sigma=0.1) -> jpeg(quality=90),"[{""order"":1,""transform"":""colour"",""parameter_name"":""strength"",""parameter_value"":-0.2},{""order"":2,""transform"":""noise"",""parameter_name"":""sigma"",""parameter_value"":0.1},{""order"":3,""transform"":""jpeg"",""parameter_name"":""quality"",""parameter_value"":90}]",True,False,False,True,True,False,0.9134118556976318,1,True,Random standard-3 robustness evaluation — Old SID B - SID-only robustness training vs New Mixed B - SID and CIFAKE robustness training,-0.4283778965473175,True,False,false_negative,New Mixed B - SID and CIFAKE robustness training,efficientnet_b0
mixed_sid_cifake_b,9159a9d4ceb7fccd3eee24c3ddf9600c79c8abf1444cb0646b93ac66fd3b5c44,REAL/img_7168.jpg,REAL/img_7168.jpg,SID_Set,,FLUX,0,random_standard_3,,45,0.5520205497741699,1,False,1.4259381093779666,SID_Set,4,45,random_standard_3,3,resize -> blur -> jpeg,resize(scale=0.25) -> blur(sigma=1.0) -> jpeg(quality=50),"[{""order"":1,""transform"":""resize"",""parameter_name"":""scale"",""parameter_value"":0.25},{""order"":2,""transform"":""blur"",""parameter_name"":""sigma"",""parameter_value"":1.0},{""order"":3,""transform"":""jpeg"",""parameter_name"":""quality"",""parameter_value"":50}]",True,True,True,False,False,False,0.944058895111084,1,False,Random standard-3 robustness evaluation — Old SID B - SID-only robustness training vs New Mixed B - SID and CIFAKE robustness training,-0.39203834533691406,False,False,false_positive,New Mixed B - SID and CIFAKE robustness training,efficientnet_b0
mixed_sid_cifake_b,9159a9d4ceb7fccd3eee24c3ddf9600c79c8abf1444cb0646b93ac66fd3b5c44,REAL/img_3548.jpg,REAL/img_3548.jpg,SID_Set,,FLUX,0,random_standard_3,,45,0.8940659761428833,1,False,1.4505835468838768,SID_Set,4,45,random_standard_3,3,colour -> jpeg -> blur,colour(strength=-0.2) -> jpeg(quality=30) -> blur(sigma=0.5),"[{""order"":1,""transform"":""colour"",""parameter_name"":""strength"",""parameter_value"":-0.2},{""order"":2,""transform"":""jpeg"",""parameter_name"":""quality"",""parameter_value"":30},{""order"":3,""transform"":""blur"",""parameter_name"":""sigma"",""parameter_value"":0.5}]",True,True,False,False,True,False,0.978095293045044,1,False,Random standard-3 robustness evaluation — Old SID B - SID-only robustness training vs New Mixed B - SID and CIFAKE robustness training,-0.08402931690216064,False,False,false_positive,New Mixed B - SID and CIFAKE robustness training,efficientnet_b0
mixed_sid_cifake_b,9159a9d4ceb7fccd3eee24c3ddf9600c79c8abf1444cb0646b93ac66fd3b5c44,FAKE/img_12605.jpg,FAKE/img_12605.jpg,SID_Set,,FLUX,1,random_standard_3,,45,0.1081293448805809,0,False,1.4386971249962244,SID_Set,4,45,random_standard_3,3,jpeg -> crop -> noise,jpeg(quality=30) -> crop(fraction=0.8) -> noise(sigma=0.1),"[{""order"":1,""transform"":""jpeg"",""parameter_name"":""quality"",""parameter_value"":30},{""order"":2,""transform"":""crop"",""parameter_name"":""fraction"",""parameter_value"":0.8},{""order"":3,""transform"":""noise"",""parameter_name"":""sigma"",""parameter_value"":0.1}]",True,False,False,True,False,True,0.578194260597229,1,True,Random standard-3 robustness evaluation — Old SID B - SID-only robustness training vs New Mixed B - SID and CIFAKE robustness training,-0.4700649157166481,True,False,false_negative,New Mixed B - SID and CIFAKE robustness training,efficientnet_b0
mixed_sid_cifake_b,9159a9d4ceb7fccd3eee24c3ddf9600c79c8abf1444cb0646b93ac66fd3b5c44,FAKE/img_12460.jpg,FAKE/img_12460.jpg,SID_Set,,FLUX,1,random_standard_3,,45,0.4162597060203552,0,False,1.4409813749978184,SID_Set,4,45,random_standard_3,3,crop -> resize -> colour,crop(fraction=0.8) -> resize(scale=0.5) -> colour(strength=-0.2),"[{""order"":1,""transform"":""crop"",""parameter_name"":""fraction"",""parameter_value"":0.8},{""order"":2,""transform"":""resize"",""parameter_name"":""scale"",""parameter_value"":0.5},{""order"":3,""transform"":""colour"",""parameter_name"":""strength"",""parameter_value"":-0.2}]",False,False,True,False,True,True,0.9764362573623657,1,True,Random standard-3 robustness evaluation — Old SID B - SID-only robustness training vs New Mixed B - SID and CIFAKE robustness training,-0.5601765513420105,True,False,false_negative,New Mixed B - SID and CIFAKE robustness training,efficientnet_b0
mixed_sid_cifake_b,9159a9d4ceb7fccd3eee24c3ddf9600c79c8abf1444cb0646b93ac66fd3b5c44,REAL/img_8599.jpg,REAL/img_8599.jpg,SID_Set,,FLUX,0,random_standard_3,,45,0.8943133354187012,1,False,1.4232501250006635,SID_Set,4,45,random_standard_3,3,crop -> jpeg -> resize,crop(fraction=0.8) -> jpeg(quality=30) -> resize(scale=0.25),"[{""order"":1,""transform"":""crop"",""parameter_name"":""fraction"",""parameter_value"":0.8},{""order"":2,""transform"":""jpeg"",""parameter_name"":""quality"",""parameter_value"":30},{""order"":3,""transform"":""resize"",""parameter_name"":""scale"",""parameter_value"":0.25}]",True,False,True,False,False,True,0.7634474039077759,1,False,Random standard-3 robustness evaluation — Old SID B - SID-only robustness training vs New Mixed B - SID and CIFAKE robustness training,0.1308659315109253,False,False,false_positive,New Mixed B - SID and CIFAKE robustness training,efficientnet_b0
mixed_sid_cifake_b,9159a9d4ceb7fccd3eee24c3ddf9600c79c8abf1444cb0646b93ac66fd3b5c44,REAL/img_2145.jpg,REAL/img_2145.jpg,SID_Set,,FLUX,0,random_standard_3,,45,0.6356350779533386,1,False,1.4232501250006635,SID_Set,4,45,random_standard_3,3,crop -> resize -> blur,crop(fraction=0.8) -> resize(scale=0.5) -> blur(sigma=2.0),"[{""order"":1,""transform"":""crop"",""parameter_name"":""fraction"",""parameter_value"":0.8},{""order"":2,""transform"":""resize"",""parameter_name"":""scale"",""parameter_value"":0.5},{""order"":3,""transform"":""blur"",""parameter_name"":""sigma"",""parameter_value"":2.0}]",False,True,True,False,False,True,0.7396129965782166,1,False,Random standard-3 robustness evaluation — Old SID B - SID-only robustness training vs New Mixed B - SID and CIFAKE robustness training,-0.10397791862487793,False,False,false_positive,New Mixed B - SID and CIFAKE robustness training,efficientnet_b0
mixed_sid_cifake_b,9159a9d4ceb7fccd3eee24c3ddf9600c79c8abf1444cb0646b93ac66fd3b5c44,FAKE/img_479.jpg,FAKE/img_479.jpg,SID_Set,,FLUX,1,random_standard_3,,45,0.1909969449043274,0,False,1.4203192968693656,SID_Set,4,45,random_standard_3,3,crop -> noise -> blur,crop(fraction=0.8) -> noise(sigma=0.05) -> blur(sigma=1.0),"[{""order"":1,""transform"":""crop"",""parameter_name"":""fraction"",""parameter_value"":0.8},{""order"":2,""transform"":""noise"",""parameter_name"":""sigma"",""parameter_value"":0.05},{""order"":3,""transform"":""blur"",""parameter_name"":""sigma"",""parameter_value"":1.0}]",False,True,False,True,False,True,0.4102001488208771,0,False,Random standard-3 robustness evaluation — Old SID B - SID-only robustness training vs New Mixed B - SID and CIFAKE robustness training,-0.21920320391654968,False,False,false_negative,New Mixed B - SID and CIFAKE robustness training,efficientnet_b0
mixed_sid_cifake_b,9159a9d4ceb7fccd3eee24c3ddf9600c79c8abf1444cb0646b93ac66fd3b5c44,FAKE/img_7924.jpg,FAKE/img_7924.jpg,SID_Set,,FLUX,1,random_standard_3,,45,0.42082783579826355,0,False,1.4387841718814798,SID_Set,4,45,random_standard_3,3,colour -> noise -> blur,colour(strength=0.2) -> noise(sigma=0.1) -> blur(sigma=1.0),"[{""order"":1,""transform"":""colour"",""parameter_name"":""strength"",""parameter_value"":0.2},{""order"":2,""transform"":""noise"",""parameter_name"":""sigma"",""parameter_value"":0.1},{""order"":3,""transform"":""blur"",""parameter_name"":""sigma"",""parameter_value"":1.0}]",False,True,False,True,True,False,0.9886786341667175,1,True,Random standard-3 robustness evaluation — Old SID B - SID-only robustness training vs New Mixed B - SID and CIFAKE robustness training,-0.567850798368454,True,False,false_negative,New Mixed B - SID and CIFAKE robustness training,efficientnet_b0
mixed_sid_cifake_b,9159a9d4ceb7fccd3eee24c3ddf9600c79c8abf1444cb0646b93ac66fd3b5c44,FAKE/img_1717.jpg,FAKE/img_1717.jpg,SID_Set,,FLUX,1,random_standard_3,,45,0.04154922068119049,0,False,1.4188862500077448,SID_Set,4,45,random_standard_3,3,colour -> noise -> crop,colour(strength=-0.2) -> noise(sigma=0.1) -> crop(fraction=0.8),"[{""order"":1,""transform"":""colour"",""parameter_name"":""strength"",""parameter_value"":-0.2},{""order"":2,""transform"":""noise"",""parameter_name"":""sigma"",""parameter_value"":0.1},{""order"":3,""transform"":""crop"",""parameter_name"":""fraction"",""parameter_value"":0.8}]",False,False,False,True,True,True,0.8339476585388184,1,True,Random standard-3 robustness evaluation — Old SID B - SID-only robustness training vs New Mixed B - SID and CIFAKE robustness training,-0.7923984378576279,True,False,false_negative,New Mixed B - SID and CIFAKE robustness training,efficientnet_b0
mixed_sid_cifake_b,9159a9d4ceb7fccd3eee24c3ddf9600c79c8abf1444cb0646b93ac66fd3b5c44,REAL/img_2934.jpg,REAL/img_2934.jpg,SID_Set,,FLUX,0,random_standard_3,,45,0.5714576244354248,1,False,1.4200883906312356,SID_Set,4,45,random_standard_3,3,jpeg -> resize -> noise,jpeg(quality=90) -> resize(scale=0.25) -> noise(sigma=0.05),"[{""order"":1,""transform"":""jpeg"",""parameter_name"":""quality"",""parameter_value"":90},{""order"":2,""transform"":""resize"",""parameter_name"":""scale"",""parameter_value"":0.25},{""order"":3,""transform"":""noise"",""parameter_name"":""sigma"",""parameter_value"":0.05}]",True,False,True,True,False,False,0.7979865074157715,1,False,Random standard-3 robustness evaluation — Old SID B - SID-only robustness training vs New Mixed B - SID and CIFAKE robustness training,-0.22652888298034668,False,False,false_positive,New Mixed B - SID and CIFAKE robustness training,efficientnet_b0
mixed_sid_cifake_b,9159a9d4ceb7fccd3eee24c3ddf9600c79c8abf1444cb0646b93ac66fd3b5c44,FAKE/img_2562.jpg,FAKE/img_2562.jpg,SID_Set,,FLUX,1,random_standard_3,,45,0.4217451810836792,0,False,1.4200883906312356,SID_Set,4,45,random_standard_3,3,crop -> resize -> noise,crop(fraction=0.8) -> resize(scale=0.25) -> noise(sigma=0.1),"[{""order"":1,""transform"":""crop"",""parameter_name"":""fraction"",""parameter_value"":0.8},{""order"":2,""transform"":""resize"",""parameter_name"":""scale"",""parameter_value"":0.25},{""order"":3,""transform"":""noise"",""parameter_name"":""sigma"",""parameter_value"":0.1}]",False,False,True,True,False,True,0.997637152671814,1,True,Random standard-3 robustness evaluation — Old SID B - SID-only robustness training vs New Mixed B - SID and CIFAKE robustness training,-0.5758919715881348,True,False,false_negative,New Mixed B - SID and CIFAKE robustness training,efficientnet_b0
mixed_sid_cifake_b,9159a9d4ceb7fccd3eee24c3ddf9600c79c8abf1444cb0646b93ac66fd3b5c44,REAL/img_8684.jpg,REAL/img_8684.jpg,SID_Set,,FLUX,0,random_standard_3,,45,0.8466494679450989,1,False,1.4284453593660373,SID_Set,4,45,random_standard_3,3,resize -> jpeg -> colour,resize(scale=0.25) -> jpeg(quality=90) -> colour(strength=-0.2),"[{""order"":1,""transform"":""resize"",""parameter_name"":""scale"",""parameter_value"":0.25},{""order"":2,""transform"":""jpeg"",""parameter_name"":""quality"",""parameter_value"":90},{""order"":3,""transform"":""colour"",""parameter_name"":""strength"",""parameter_value"":-0.2}]",True,False,True,False,True,False,0.6032043099403381,1,False,Random standard-3 robustness evaluation — Old SID B - SID-only robustness training vs New Mixed B - SID and CIFAKE robustness training,0.24344515800476074,False,False,false_positive,New Mixed B - SID and CIFAKE robustness training,efficientnet_b0
mixed_sid_cifake_b,9159a9d4ceb7fccd3eee24c3ddf9600c79c8abf1444cb0646b93ac66fd3b5c44,FAKE/img_2715.jpg,FAKE/img_2715.jpg,SID_Set,,FLUX,1,random_standard_3,,45,0.4602389633655548,0,False,1.4200971250062366,SID_Set,4,45,random_standard_3,3,blur -> jpeg -> resize,blur(sigma=2.0) -> jpeg(quality=30) -> resize(scale=0.25),"[{""order"":1,""transform"":""blur"",""parameter_name"":""sigma"",""parameter_value"":2.0},{""order"":2,""transform"":""jpeg"",""parameter_name"":""quality"",""parameter_value"":30},{""order"":3,""transform"":""resize"",""parameter_name"":""scale"",""parameter_value"":0.25}]",True,True,True,False,False,False,0.9600524306297302,1,True,Random standard-3 robustness evaluation — Old SID B - SID-only robustness training vs New Mixed B - SID and CIFAKE robustness training,-0.4998134672641754,True,False,false_negative,New Mixed B - SID and CIFAKE robustness training,efficientnet_b0
mixed_sid_cifake_b,9159a9d4ceb7fccd3eee24c3ddf9600c79c8abf1444cb0646b93ac66fd3b5c44,FAKE/img_4940.jpg,FAKE/img_4940.jpg,SID_Set,,FLUX,1,random_standard_3,,45,0.258052796125412,0,False,1.4199834687502744,SID_Set,4,45,random_standard_3,3,noise -> colour -> crop,noise(sigma=0.02) -> colour(strength=0.2) -> crop(fraction=0.8),"[{""order"":1,""transform"":""noise"",""parameter_name"":""sigma"",""parameter_value"":0.02},{""order"":2,""transform"":""colour"",""parameter_name"":""strength"",""parameter_value"":0.2},{""order"":3,""transform"":""crop"",""parameter_name"":""fraction"",""parameter_value"":0.8}]",False,False,False,True,True,True,0.9115412831306458,1,True,Random standard-3 robustness evaluation — Old SID B - SID-only robustness training vs New Mixed B - SID and CIFAKE robustness training,-0.6534884870052338,True,False,false_negative,New Mixed B - SID and CIFAKE robustness training,efficientnet_b0
old_sid_b,918083148a04149dd2209ae21810aa4279583e57f687b4b63d9300a5aae64d55,FAKE/img_13780.jpg,FAKE/img_13780.jpg,SID_Set,,FLUX,1,random_standard_3,,46,0.23144954442977905,0,False,1.481805687504334,SID_Set,5,46,random_standard_3,3,blur -> resize -> noise,blur(sigma=1.0) -> resize(scale=0.25) -> noise(sigma=0.1),"[{""order"":1,""transform"":""blur"",""parameter_name"":""sigma"",""parameter_value"":1.0},{""order"":2,""transform"":""resize"",""parameter_name"":""scale"",""parameter_value"":0.25},{""order"":3,""transform"":""noise"",""parameter_name"":""sigma"",""parameter_value"":0.1}]",False,True,True,True,False,False,0.9145621061325073,1,True,Random standard-3 robustness evaluation — Old SID B - SID-only robustness training vs New Mixed B - SID and CIFAKE robustness training,-0.6831125617027283,True,False,false_negative,Old SID B - SID-only robustness training,efficientnet_b0
old_sid_b,918083148a04149dd2209ae21810aa4279583e57f687b4b63d9300a5aae64d55,FAKE/img_3145.jpg,FAKE/img_3145.jpg,SID_Set,,FLUX,1,random_standard_3,,46,0.035159993916749954,0,False,1.316345437501809,SID_Set,5,46,random_standard_3,3,crop -> noise -> jpeg,crop(fraction=0.8) -> noise(sigma=0.02) -> jpeg(quality=70),"[{""order"":1,""transform"":""crop"",""parameter_name"":""fraction"",""parameter_value"":0.8},{""order"":2,""transform"":""noise"",""parameter_name"":""sigma"",""parameter_value"":0.02},{""order"":3,""transform"":""jpeg"",""parameter_name"":""quality"",""parameter_value"":70}]",True,False,False,True,False,True,0.9815183281898499,1,True,Random standard-3 robustness evaluation — Old SID B - SID-only robustness training vs New Mixed B - SID and CIFAKE robustness training,-0.9463583342730999,True,False,false_negative,Old SID B - SID-only robustness training,efficientnet_b0
old_sid_b,918083148a04149dd2209ae21810aa4279583e57f687b4b63d9300a5aae64d55,REAL/img_16326.jpg,REAL/img_16326.jpg,SID_Set,,FLUX,0,random_standard_3,,46,0.7103262543678284,1,False,1.4195887968639909,SID_Set,5,46,random_standard_3,3,noise -> jpeg -> colour,noise(sigma=0.05) -> jpeg(quality=30) -> colour(strength=-0.2),"[{""order"":1,""transform"":""noise"",""parameter_name"":""sigma"",""parameter_value"":0.05},{""order"":2,""transform"":""jpeg"",""parameter_name"":""quality"",""parameter_value"":30},{""order"":3,""transform"":""colour"",""parameter_name"":""strength"",""parameter_value"":-0.2}]",True,False,False,True,True,False,0.9791862368583679,1,False,Random standard-3 robustness evaluation — Old SID B - SID-only robustness training vs New Mixed B - SID and CIFAKE robustness training,-0.26885998249053955,False,False,false_positive,Old SID B - SID-only robustness training,efficientnet_b0
old_sid_b,918083148a04149dd2209ae21810aa4279583e57f687b4b63d9300a5aae64d55,FAKE/img_10261.jpg,FAKE/img_10261.jpg,SID_Set,,FLUX,1,random_standard_3,,46,0.34426355361938477,0,False,1.4195887968639909,SID_Set,5,46,random_standard_3,3,noise -> crop -> blur,noise(sigma=0.1) -> crop(fraction=0.8) -> blur(sigma=2.0),"[{""order"":1,""transform"":""noise"",""parameter_name"":""sigma"",""parameter_value"":0.1},{""order"":2,""transform"":""crop"",""parameter_name"":""fraction"",""parameter_value"":0.8},{""order"":3,""transform"":""blur"",""parameter_name"":""sigma"",""parameter_value"":2.0}]",False,True,False,True,False,True,0.9997279047966003,1,True,Random standard-3 robustness evaluation — Old SID B - SID-only robustness training vs New Mixed B - SID and CIFAKE robustness training,-0.6554643511772156,True,False,false_negative,Old SID B - SID-only robustness training,efficientnet_b0
old_sid_b,918083148a04149dd2209ae21810aa4279583e57f687b4b63d9300a5aae64d55,FAKE/img_8157.jpg,FAKE/img_8157.jpg,SID_Set,,FLUX,1,random_standard_3,,46,0.38242030143737793,0,False,1.300488875003225,SID_Set,5,46,random_standard_3,3,noise -> colour -> jpeg,noise(sigma=0.05) -> colour(strength=0.2) -> jpeg(quality=50),"[{""order"":1,""transform"":""noise"",""parameter_name"":""sigma"",""parameter_value"":0.05},{""order"":2,""transform"":""colour"",""parameter_name"":""strength"",""parameter_value"":0.2},{""order"":3,""transform"":""jpeg"",""parameter_name"":""quality"",""parameter_value"":50}]",True,False,False,True,True,False,0.9983671307563782,1,True,Random standard-3 robustness evaluation — Old SID B - SID-only robustness training vs New Mixed B - SID and CIFAKE robustness training,-0.6159468293190002,True,False,false_negative,Old SID B - SID-only robustness training,efficientnet_b0
old_sid_b,918083148a04149dd2209ae21810aa4279583e57f687b4b63d9300a5aae64d55,FAKE/img_5791.jpg,FAKE/img_5791.jpg,SID_Set,,FLUX,1,random_standard_3,,46,0.0034963504876941442,0,False,1.4457723437431014,SID_Set,5,46,random_standard_3,3,crop -> resize -> noise,crop(fraction=0.8) -> resize(scale=0.25) -> noise(sigma=0.1),"[{""order"":1,""transform"":""crop"",""parameter_name"":""fraction"",""parameter_value"":0.8},{""order"":2,""transform"":""resize"",""parameter_name"":""scale"",""parameter_value"":0.25},{""order"":3,""transform"":""noise"",""parameter_name"":""sigma"",""parameter_value"":0.1}]",False,False,True,True,False,True,0.0035398853942751884,0,False,Random standard-3 robustness evaluation — Old SID B - SID-only robustness training vs New Mixed B - SID and CIFAKE robustness training,-4.35349065810442e-05,False,False,false_negative,Old SID B - SID-only robustness training,efficientnet_b0
old_sid_b,918083148a04149dd2209ae21810aa4279583e57f687b4b63d9300a5aae64d55,FAKE/img_4950.jpg,FAKE/img_4950.jpg,SID_Set,,FLUX,1,random_standard_3,,46,0.28186920285224915,0,False,1.4199677656137055,SID_Set,5,46,random_standard_3,3,crop -> jpeg -> colour,crop(fraction=0.8) -> jpeg(quality=90) -> colour(strength=0.2),"[{""order"":1,""transform"":""crop"",""parameter_name"":""fraction"",""parameter_value"":0.8},{""order"":2,""transform"":""jpeg"",""parameter_name"":""quality"",""parameter_value"":90},{""order"":3,""transform"":""colour"",""parameter_name"":""strength"",""parameter_value"":0.2}]",True,False,False,False,True,True,0.9998062252998352,1,True,Random standard-3 robustness evaluation — Old SID B - SID-only robustness training vs New Mixed B - SID and CIFAKE robustness training,-0.7179370224475861,True,False,false_negative,Old SID B - SID-only robustness training,efficientnet_b0
old_sid_b,918083148a04149dd2209ae21810aa4279583e57f687b4b63d9300a5aae64d55,FAKE/img_11044.jpg,FAKE/img_11044.jpg,SID_Set,,FLUX,1,random_standard_3,,46,0.4864201247692108,0,False,1.4199677656137055,SID_Set,5,46,random_standard_3,3,resize -> crop -> colour,resize(scale=0.5) -> crop(fraction=0.8) -> colour(strength=-0.2),"[{""order"":1,""transform"":""resize"",""parameter_name"":""scale"",""parameter_value"":0.5},{""order"":2,""transform"":""crop"",""parameter_name"":""fraction"",""parameter_value"":0.8},{""order"":3,""transform"":""colour"",""parameter_name"":""strength"",""parameter_value"":-0.2}]",False,False,True,False,True,True,0.9986322522163391,1,True,Random standard-3 robustness evaluation — Old SID B - SID-only robustness training vs New Mixed B - SID and CIFAKE robustness training,-0.5122121274471283,True,False,false_negative,Old SID B - SID-only robustness training,efficientnet_b0
old_sid_b,918083148a04149dd2209ae21810aa4279583e57f687b4b63d9300a5aae64d55,REAL/img_11947.jpg,REAL/img_11947.jpg,SID_Set,,FLUX,0,random_standard_3,,46,0.9551865458488464,1,False,1.4203735468782952,SID_Set,5,46,random_standard_3,3,jpeg -> colour -> noise,jpeg(quality=70) -> colour(strength=0.2) -> noise(sigma=0.05),"[{""order"":1,""transform"":""jpeg"",""parameter_name"":""quality"",""parameter_value"":70},{""order"":2,""transform"":""colour"",""parameter_name"":""strength"",""parameter_value"":0.2},{""order"":3,""transform"":""noise"",""parameter_name"":""sigma"",""parameter_value"":0.05}]",True,False,False,True,True,False,0.7449929714202881,1,False,Random standard-3 robustness evaluation — Old SID B - SID-only robustness training vs New Mixed B - SID and CIFAKE robustness training,0.21019357442855835,False,False,false_positive,Old SID B - SID-only robustness training,efficientnet_b0
old_sid_b,918083148a04149dd2209ae21810aa4279583e57f687b4b63d9300a5aae64d55,FAKE/img_304.jpg,FAKE/img_304.jpg,SID_Set,,FLUX,1,random_standard_3,,46,0.1887121945619583,0,False,1.4200633281262753,SID_Set,5,46,random_standard_3,3,crop -> colour -> blur,crop(fraction=0.8) -> colour(strength=-0.2) -> blur(sigma=2.0),"[{""order"":1,""transform"":""crop"",""parameter_name"":""fraction"",""parameter_value"":0.8},{""order"":2,""transform"":""colour"",""parameter_name"":""strength"",""parameter_value"":-0.2},{""order"":3,""transform"":""blur"",""parameter_name"":""sigma"",""parameter_value"":2.0}]",False,True,False,False,True,True,0.7747717499732971,1,True,Random standard-3 robustness evaluation — Old SID B - SID-only robustness training vs New Mixed B - SID and CIFAKE robustness training,-0.5860595554113388,True,False,false_negative,Old SID B - SID-only robustness training,efficientnet_b0
old_sid_b,918083148a04149dd2209ae21810aa4279583e57f687b4b63d9300a5aae64d55,FAKE/img_10745.jpg,FAKE/img_10745.jpg,SID_Set,,FLUX,1,random_standard_3,,46,0.46803030371665955,0,False,1.434144265630266,SID_Set,5,46,random_standard_3,3,blur -> colour -> crop,blur(sigma=1.0) -> colour(strength=0.2) -> crop(fraction=0.8),"[{""order"":1,""transform"":""blur"",""parameter_name"":""sigma"",""parameter_value"":1.0},{""order"":2,""transform"":""colour"",""parameter_name"":""strength"",""parameter_value"":0.2},{""order"":3,""transform"":""crop"",""parameter_name"":""fraction"",""parameter_value"":0.8}]",False,True,False,False,True,True,0.5851360559463501,1,True,Random standard-3 robustness evaluation — Old SID B - SID-only robustness training vs New Mixed B - SID and CIFAKE robustness training,-0.11710575222969055,True,False,false_negative,Old SID B - SID-only robustness training,efficientnet_b0
old_sid_b,918083148a04149dd2209ae21810aa4279583e57f687b4b63d9300a5aae64d55,FAKE/img_12773.jpg,FAKE/img_12773.jpg,SID_Set,,FLUX,1,random_standard_3,,46,0.24047249555587769,0,False,1.4200484218633846,SID_Set,5,46,random_standard_3,3,blur -> crop -> jpeg,blur(sigma=2.0) -> crop(fraction=0.8) -> jpeg(quality=50),"[{""order"":1,""transform"":""blur"",""parameter_name"":""sigma"",""parameter_value"":2.0},{""order"":2,""transform"":""crop"",""parameter_name"":""fraction"",""parameter_value"":0.8},{""order"":3,""transform"":""jpeg"",""parameter_name"":""quality"",""parameter_value"":50}]",True,True,False,False,False,True,0.9890535473823547,1,True,Random standard-3 robustness evaluation — Old SID B - SID-only robustness training vs New Mixed B - SID and CIFAKE robustness training,-0.748581051826477,True,False,false_negative,Old SID B - SID-only robustness training,efficientnet_b0
old_sid_b,918083148a04149dd2209ae21810aa4279583e57f687b4b63d9300a5aae64d55,FAKE/img_1576.jpg,FAKE/img_1576.jpg,SID_Set,,FLUX,1,random_standard_3,,46,0.029033683240413666,0,False,1.419973562505561,SID_Set,5,46,random_standard_3,3,blur -> resize -> noise,blur(sigma=1.0) -> resize(scale=0.5) -> noise(sigma=0.02),"[{""order"":1,""transform"":""blur"",""parameter_name"":""sigma"",""parameter_value"":1.0},{""order"":2,""transform"":""resize"",""parameter_name"":""scale"",""parameter_value"":0.5},{""order"":3,""transform"":""noise"",""parameter_name"":""sigma"",""parameter_value"":0.02}]",False,True,True,True,False,False,0.0226239413022995,0,False,Random standard-3 robustness evaluation — Old SID B - SID-only robustness training vs New Mixed B - SID and CIFAKE robustness training,0.006409741938114166,False,False,false_negative,Old SID B - SID-only robustness training,efficientnet_b0
old_sid_b,918083148a04149dd2209ae21810aa4279583e57f687b4b63d9300a5aae64d55,FAKE/img_15540.jpg,FAKE/img_15540.jpg,SID_Set,,FLUX,1,random_standard_3,,46,0.24890431761741638,0,False,1.450705921868689,SID_Set,5,46,random_standard_3,3,resize -> crop -> jpeg,resize(scale=0.5) -> crop(fraction=0.8) -> jpeg(quality=30),"[{""order"":1,""transform"":""resize"",""parameter_name"":""scale"",""parameter_value"":0.5},{""order"":2,""transform"":""crop"",""parameter_name"":""fraction"",""parameter_value"":0.8},{""order"":3,""transform"":""jpeg"",""parameter_name"":""quality"",""parameter_value"":30}]",True,False,True,False,False,True,0.9338117837905884,1,True,Random standard-3 robustness evaluation — Old SID B - SID-only robustness training vs New Mixed B - SID and CIFAKE robustness training,-0.684907466173172,True,False,false_negative,Old SID B - SID-only robustness training,efficientnet_b0
old_sid_b,918083148a04149dd2209ae21810aa4279583e57f687b4b63d9300a5aae64d55,REAL/img_10836.jpg,REAL/img_10836.jpg,SID_Set,,FLUX,0,random_standard_3,,46,0.9714570045471191,1,False,1.4242513124997913,SID_Set,5,46,random_standard_3,3,resize -> crop -> jpeg,resize(scale=0.5) -> crop(fraction=0.8) -> jpeg(quality=30),"[{""order"":1,""transform"":""resize"",""parameter_name"":""scale"",""parameter_value"":0.5},{""order"":2,""transform"":""crop"",""parameter_name"":""fraction"",""parameter_value"":0.8},{""order"":3,""transform"":""jpeg"",""parameter_name"":""quality"",""parameter_value"":30}]",True,False,True,False,False,True,0.03565986081957817,0,True,Random standard-3 robustness evaluation — Old SID B - SID-only robustness training vs New Mixed B - SID and CIFAKE robustness training,0.935797143727541,True,False,false_positive,Old SID B - SID-only robustness training,efficientnet_b0
old_sid_b,918083148a04149dd2209ae21810aa4279583e57f687b4b63d9300a5aae64d55,REAL/img_759.jpg,REAL/img_759.jpg,SID_Set,,FLUX,0,random_standard_3,,46,0.6660361289978027,1,False,1.424993453127854,SID_Set,5,46,random_standard_3,3,resize -> crop -> noise,resize(scale=0.25) -> crop(fraction=0.8) -> noise(sigma=0.05),"[{""order"":1,""transform"":""resize"",""parameter_name"":""scale"",""parameter_value"":0.25},{""order"":2,""transform"":""crop"",""parameter_name"":""fraction"",""parameter_value"":0.8},{""order"":3,""transform"":""noise"",""parameter_name"":""sigma"",""parameter_value"":0.05}]",False,False,True,True,False,True,0.26038727164268494,0,True,Random standard-3 robustness evaluation — Old SID B - SID-only robustness training vs New Mixed B - SID and CIFAKE robustness training,0.4056488573551178,True,False,false_positive,Old SID B - SID-only robustness training,efficientnet_b0
old_sid_b,918083148a04149dd2209ae21810aa4279583e57f687b4b63d9300a5aae64d55,FAKE/img_15143.jpg,FAKE/img_15143.jpg,SID_Set,,FLUX,1,random_standard_3,,46,0.3816826641559601,0,False,1.4197362031183047,SID_Set,5,46,random_standard_3,3,resize -> noise -> colour,resize(scale=0.25) -> noise(sigma=0.05) -> colour(strength=0.2),"[{""order"":1,""transform"":""resize"",""parameter_name"":""scale"",""parameter_value"":0.25},{""order"":2,""transform"":""noise"",""parameter_name"":""sigma"",""parameter_value"":0.05},{""order"":3,""transform"":""colour"",""parameter_name"":""strength"",""parameter_value"":0.2}]",False,False,True,True,True,False,0.9793041944503784,1,True,Random standard-3 robustness evaluation — Old SID B - SID-only robustness training vs New Mixed B - SID and CIFAKE robustness training,-0.5976215302944183,True,False,false_negative,Old SID B - SID-only robustness training,efficientnet_b0
old_sid_b,918083148a04149dd2209ae21810aa4279583e57f687b4b63d9300a5aae64d55,FAKE/img_1615.jpg,FAKE/img_1615.jpg,SID_Set,,FLUX,1,random_standard_3,,46,0.4626579284667969,0,False,1.4200235625025925,SID_Set,5,46,random_standard_3,3,jpeg -> blur -> noise,jpeg(quality=30) -> blur(sigma=2.0) -> noise(sigma=0.1),"[{""order"":1,""transform"":""jpeg"",""parameter_name"":""quality"",""parameter_value"":30},{""order"":2,""transform"":""blur"",""parameter_name"":""sigma"",""parameter_value"":2.0},{""order"":3,""transform"":""noise"",""parameter_name"":""sigma"",""parameter_value"":0.1}]",True,True,False,True,False,False,0.8247297406196594,1,True,Random standard-3 robustness evaluation — Old SID B - SID-only robustness training vs New Mixed B - SID and CIFAKE robustness training,-0.36207181215286255,True,False,false_negative,Old SID B - SID-only robustness training,efficientnet_b0
old_sid_b,918083148a04149dd2209ae21810aa4279583e57f687b4b63d9300a5aae64d55,FAKE/img_5890.jpg,FAKE/img_5890.jpg,SID_Set,,FLUX,1,random_standard_3,,46,0.38720348477363586,0,False,1.4202835625098942,SID_Set,5,46,random_standard_3,3,jpeg -> noise -> blur,jpeg(quality=30) -> noise(sigma=0.05) -> blur(sigma=1.0),"[{""order"":1,""transform"":""jpeg"",""parameter_name"":""quality"",""parameter_value"":30},{""order"":2,""transform"":""noise"",""parameter_name"":""sigma"",""parameter_value"":0.05},{""order"":3,""transform"":""blur"",""parameter_name"":""sigma"",""parameter_value"":1.0}]",True,True,False,True,False,False,0.9809457659721375,1,True,Random standard-3 robustness evaluation — Old SID B - SID-only robustness training vs New Mixed B - SID and CIFAKE robustness training,-0.5937422811985016,True,False,false_negative,Old SID B - SID-only robustness training,efficientnet_b0
old_sid_b,918083148a04149dd2209ae21810aa4279583e57f687b4b63d9300a5aae64d55,FAKE/img_16180.jpg,FAKE/img_16180.jpg,SID_Set,,FLUX,1,random_standard_3,,46,0.03847429156303406,0,False,1.3321864531263827,SID_Set,5,46,random_standard_3,3,colour -> resize -> jpeg,colour(strength=-0.2) -> resize(scale=0.5) -> jpeg(quality=70),"[{""order"":1,""transform"":""colour"",""parameter_name"":""strength"",""parameter_value"":-0.2},{""order"":2,""transform"":""resize"",""parameter_name"":""scale"",""parameter_value"":0.5},{""order"":3,""transform"":""jpeg"",""parameter_name"":""quality"",""parameter_value"":70}]",True,False,True,False,True,False,0.8345484137535095,1,True,Random standard-3 robustness evaluation — Old SID B - SID-only robustness training vs New Mixed B - SID and CIFAKE robustness training,-0.7960741221904755,True,False,false_negative,Old SID B - SID-only robustness training,efficientnet_b0
old_sid_b,918083148a04149dd2209ae21810aa4279583e57f687b4b63d9300a5aae64d55,FAKE/img_9598.jpg,FAKE/img_9598.jpg,SID_Set,,FLUX,1,random_standard_3,,46,0.3845754861831665,0,False,1.3321864531263827,SID_Set,5,46,random_standard_3,3,crop -> colour -> jpeg,crop(fraction=0.8) -> colour(strength=0.2) -> jpeg(quality=30),"[{""order"":1,""transform"":""crop"",""parameter_name"":""fraction"",""parameter_value"":0.8},{""order"":2,""transform"":""colour"",""parameter_name"":""strength"",""parameter_value"":0.2},{""order"":3,""transform"":""jpeg"",""parameter_name"":""quality"",""parameter_value"":30}]",True,False,False,False,True,True,0.9995336532592773,1,True,Random standard-3 robustness evaluation — Old SID B - SID-only robustness training vs New Mixed B - SID and CIFAKE robustness training,-0.6149581670761108,True,False,false_negative,Old SID B - SID-only robustness training,efficientnet_b0
old_sid_b,918083148a04149dd2209ae21810aa4279583e57f687b4b63d9300a5aae64d55,FAKE/img_12728.jpg,FAKE/img_12728.jpg,SID_Set,,FLUX,1,random_standard_3,,46,0.24805323779582977,0,False,1.4197637812571884,SID_Set,5,46,random_standard_3,3,noise -> blur -> crop,noise(sigma=0.1) -> blur(sigma=2.0) -> crop(fraction=0.8),"[{""order"":1,""transform"":""noise"",""parameter_name"":""sigma"",""parameter_value"":0.1},{""order"":2,""transform"":""blur"",""parameter_name"":""sigma"",""parameter_value"":2.0},{""order"":3,""transform"":""crop"",""parameter_name"":""fraction"",""parameter_value"":0.8}]",False,True,False,True,False,True,0.9999241828918457,1,True,Random standard-3 robustness evaluation — Old SID B - SID-only robustness training vs New Mixed B - SID and CIFAKE robustness training,-0.7518709450960159,True,False,false_negative,Old SID B - SID-only robustness training,efficientnet_b0
old_sid_b,918083148a04149dd2209ae21810aa4279583e57f687b4b63d9300a5aae64d55,FAKE/img_2277.jpg,FAKE/img_2277.jpg,SID_Set,,FLUX,1,random_standard_3,,46,0.358740895986557,0,False,1.335832765619216,SID_Set,5,46,random_standard_3,3,noise -> colour -> crop,noise(sigma=0.1) -> colour(strength=-0.2) -> crop(fraction=0.8),"[{""order"":1,""transform"":""noise"",""parameter_name"":""sigma"",""parameter_value"":0.1},{""order"":2,""transform"":""colour"",""parameter_name"":""strength"",""parameter_value"":-0.2},{""order"":3,""transform"":""crop"",""parameter_name"":""fraction"",""parameter_value"":0.8}]",False,False,False,True,True,True,0.9961250424385071,1,True,Random standard-3 robustness evaluation — Old SID B - SID-only robustness training vs New Mixed B - SID and CIFAKE robustness training,-0.6373841464519501,True,False,false_negative,Old SID B - SID-only robustness training,efficientnet_b0
old_sid_b,918083148a04149dd2209ae21810aa4279583e57f687b4b63d9300a5aae64d55,FAKE/img_10659.jpg,FAKE/img_10659.jpg,SID_Set,,FLUX,1,random_standard_3,,46,0.3340781629085541,0,False,1.4523512656268167,SID_Set,5,46,random_standard_3,3,colour -> resize -> crop,colour(strength=-0.2) -> resize(scale=0.25) -> crop(fraction=0.8),"[{""order"":1,""transform"":""colour"",""parameter_name"":""strength"",""parameter_value"":-0.2},{""order"":2,""transform"":""resize"",""parameter_name"":""scale"",""parameter_value"":0.25},{""order"":3,""transform"":""crop"",""parameter_name"":""fraction"",""parameter_value"":0.8}]",False,False,True,False,True,True,0.9987585544586182,1,True,Random standard-3 robustness evaluation — Old SID B - SID-only robustness training vs New Mixed B - SID and CIFAKE robustness training,-0.6646803915500641,True,False,false_negative,Old SID B - SID-only robustness training,efficientnet_b0
old_sid_b,918083148a04149dd2209ae21810aa4279583e57f687b4b63d9300a5aae64d55,FAKE/img_3487.jpg,FAKE/img_3487.jpg,SID_Set,,FLUX,1,random_standard_3,,46,0.2618469297885895,0,False,1.4523512656268167,SID_Set,5,46,random_standard_3,3,colour -> crop -> jpeg,colour(strength=-0.2) -> crop(fraction=0.8) -> jpeg(quality=70),"[{""order"":1,""transform"":""colour"",""parameter_name"":""strength"",""parameter_value"":-0.2},{""order"":2,""transform"":""crop"",""parameter_name"":""fraction"",""parameter_value"":0.8},{""order"":3,""transform"":""jpeg"",""parameter_name"":""quality"",""parameter_value"":70}]",True,False,False,False,True,True,0.9615530371665955,1,True,Random standard-3 robustness evaluation — Old SID B - SID-only robustness training vs New Mixed B - SID and CIFAKE robustness training,-0.699706107378006,True,False,false_negative,Old SID B - SID-only robustness training,efficientnet_b0
old_sid_b,918083148a04149dd2209ae21810aa4279583e57f687b4b63d9300a5aae64d55,FAKE/img_4126.jpg,FAKE/img_4126.jpg,SID_Set,,FLUX,1,random_standard_3,,46,0.22313225269317627,0,False,1.4202186250003024,SID_Set,5,46,random_standard_3,3,blur -> jpeg -> crop,blur(sigma=2.0) -> jpeg(quality=50) -> crop(fraction=0.8),"[{""order"":1,""transform"":""blur"",""parameter_name"":""sigma"",""parameter_value"":2.0},{""order"":2,""transform"":""jpeg"",""parameter_name"":""quality"",""parameter_value"":50},{""order"":3,""transform"":""crop"",""parameter_name"":""fraction"",""parameter_value"":0.8}]",True,True,False,False,False,True,0.9440560340881348,1,True,Random standard-3 robustness evaluation — Old SID B - SID-only robustness training vs New Mixed B - SID and CIFAKE robustness training,-0.7209237813949585,True,False,false_negative,Old SID B - SID-only robustness training,efficientnet_b0
old_sid_b,918083148a04149dd2209ae21810aa4279583e57f687b4b63d9300a5aae64d55,FAKE/img_7227.jpg,FAKE/img_7227.jpg,SID_Set,,FLUX,1,random_standard_3,,46,0.1357005089521408,0,False,1.4704956406177416,SID_Set,5,46,random_standard_3,3,blur -> jpeg -> noise,blur(sigma=2.0) -> jpeg(quality=50) -> noise(sigma=0.1),"[{""order"":1,""transform"":""blur"",""parameter_name"":""sigma"",""parameter_value"":2.0},{""order"":2,""transform"":""jpeg"",""parameter_name"":""quality"",""parameter_value"":50},{""order"":3,""transform"":""noise"",""parameter_name"":""sigma"",""parameter_value"":0.1}]",True,True,False,True,False,False,0.8411197662353516,1,True,Random standard-3 robustness evaluation — Old SID B - SID-only robustness training vs New Mixed B - SID and CIFAKE robustness training,-0.7054192572832108,True,False,false_negative,Old SID B - SID-only robustness training,efficientnet_b0
old_sid_b,918083148a04149dd2209ae21810aa4279583e57f687b4b63d9300a5aae64d55,FAKE/img_12460.jpg,FAKE/img_12460.jpg,SID_Set,,FLUX,1,random_standard_3,,46,0.09155961126089096,0,False,1.45187490625176,SID_Set,5,46,random_standard_3,3,noise -> resize -> crop,noise(sigma=0.1) -> resize(scale=0.5) -> crop(fraction=0.8),"[{""order"":1,""transform"":""noise"",""parameter_name"":""sigma"",""parameter_value"":0.1},{""order"":2,""transform"":""resize"",""parameter_name"":""scale"",""parameter_value"":0.5},{""order"":3,""transform"":""crop"",""parameter_name"":""fraction"",""parameter_value"":0.8}]",False,False,True,True,False,True,0.9928241968154907,1,True,Random standard-3 robustness evaluation — Old SID B - SID-only robustness training vs New Mixed B - SID and CIFAKE robustness training,-0.9012645855545998,True,False,false_negative,Old SID B - SID-only robustness training,efficientnet_b0
old_sid_b,918083148a04149dd2209ae21810aa4279583e57f687b4b63d9300a5aae64d55,FAKE/img_10955.jpg,FAKE/img_10955.jpg,SID_Set,,FLUX,1,random_standard_3,,46,0.3634527921676636,0,False,1.4200885781292527,SID_Set,5,46,random_standard_3,3,jpeg -> crop -> colour,jpeg(quality=50) -> crop(fraction=0.8) -> colour(strength=0.2),"[{""order"":1,""transform"":""jpeg"",""parameter_name"":""quality"",""parameter_value"":50},{""order"":2,""transform"":""crop"",""parameter_name"":""fraction"",""parameter_value"":0.8},{""order"":3,""transform"":""colour"",""parameter_name"":""strength"",""parameter_value"":0.2}]",True,False,False,False,True,True,0.9965997338294983,1,True,Random standard-3 robustness evaluation — Old SID B - SID-only robustness training vs New Mixed B - SID and CIFAKE robustness training,-0.6331469416618347,True,False,false_negative,Old SID B - SID-only robustness training,efficientnet_b0
old_sid_b,918083148a04149dd2209ae21810aa4279583e57f687b4b63d9300a5aae64d55,FAKE/img_12025.jpg,FAKE/img_12025.jpg,SID_Set,,FLUX,1,random_standard_3,,46,0.2732066214084625,0,False,1.3634532187580817,SID_Set,5,46,random_standard_3,3,colour -> noise -> crop,colour(strength=0.2) -> noise(sigma=0.02) -> crop(fraction=0.8),"[{""order"":1,""transform"":""colour"",""parameter_name"":""strength"",""parameter_value"":0.2},{""order"":2,""transform"":""noise"",""parameter_name"":""sigma"",""parameter_value"":0.02},{""order"":3,""transform"":""crop"",""parameter_name"":""fraction"",""parameter_value"":0.8}]",False,False,False,True,True,True,0.9996434450149536,1,True,Random standard-3 robustness evaluation — Old SID B - SID-only robustness training vs New Mixed B - SID and CIFAKE robustness training,-0.7264368236064911,True,False,false_negative,Old SID B - SID-only robustness training,efficientnet_b0
old_sid_b,918083148a04149dd2209ae21810aa4279583e57f687b4b63d9300a5aae64d55,FAKE/img_4362.jpg,FAKE/img_4362.jpg,SID_Set,,FLUX,1,random_standard_3,,46,0.43344372510910034,0,False,1.4196690781318466,SID_Set,5,46,random_standard_3,3,crop -> noise -> blur,crop(fraction=0.8) -> noise(sigma=0.1) -> blur(sigma=0.5),"[{""order"":1,""transform"":""crop"",""parameter_name"":""fraction"",""parameter_value"":0.8},{""order"":2,""transform"":""noise"",""parameter_name"":""sigma"",""parameter_value"":0.1},{""order"":3,""transform"":""blur"",""parameter_name"":""sigma"",""parameter_value"":0.5}]",False,True,False,True,False,True,0.9992324113845825,1,True,Random standard-3 robustness evaluation — Old SID B - SID-only robustness training vs New Mixed B - SID and CIFAKE robustness training,-0.5657886862754822,True,False,false_negative,Old SID B - SID-only robustness training,efficientnet_b0
old_sid_b,918083148a04149dd2209ae21810aa4279583e57f687b4b63d9300a5aae64d55,FAKE/img_10170.jpg,FAKE/img_10170.jpg,SID_Set,,FLUX,1,random_standard_3,,46,0.12469964474439621,0,False,1.4196690781318466,SID_Set,5,46,random_standard_3,3,noise -> jpeg -> crop,noise(sigma=0.1) -> jpeg(quality=70) -> crop(fraction=0.8),"[{""order"":1,""transform"":""noise"",""parameter_name"":""sigma"",""parameter_value"":0.1},{""order"":2,""transform"":""jpeg"",""parameter_name"":""quality"",""parameter_value"":70},{""order"":3,""transform"":""crop"",""parameter_name"":""fraction"",""parameter_value"":0.8}]",True,False,False,True,False,True,0.9987583160400391,1,True,Random standard-3 robustness evaluation — Old SID B - SID-only robustness training vs New Mixed B - SID and CIFAKE robustness training,-0.8740586712956429,True,False,false_negative,Old SID B - SID-only robustness training,efficientnet_b0
old_sid_b,918083148a04149dd2209ae21810aa4279583e57f687b4b63d9300a5aae64d55,FAKE/img_1361.jpg,FAKE/img_1361.jpg,SID_Set,,FLUX,1,random_standard_3,,46,0.4374370574951172,0,False,1.326816937492481,SID_Set,5,46,random_standard_3,3,crop -> blur -> jpeg,crop(fraction=0.8) -> blur(sigma=0.5) -> jpeg(quality=50),"[{""order"":1,""transform"":""crop"",""parameter_name"":""fraction"",""parameter_value"":0.8},{""order"":2,""transform"":""blur"",""parameter_name"":""sigma"",""parameter_value"":0.5},{""order"":3,""transform"":""jpeg"",""parameter_name"":""quality"",""parameter_value"":50}]",True,True,False,False,False,True,0.9551105499267578,1,True,Random standard-3 robustness evaluation — Old SID B - SID-only robustness training vs New Mixed B - SID and CIFAKE robustness training,-0.5176734924316406,True,False,false_negative,Old SID B - SID-only robustness training,efficientnet_b0
old_sid_b,918083148a04149dd2209ae21810aa4279583e57f687b4b63d9300a5aae64d55,FAKE/img_14799.jpg,FAKE/img_14799.jpg,SID_Set,,FLUX,1,random_standard_3,,46,0.18962156772613525,0,False,1.326816937492481,SID_Set,5,46,random_standard_3,3,resize -> noise -> blur,resize(scale=0.25) -> noise(sigma=0.1) -> blur(sigma=1.0),"[{""order"":1,""transform"":""resize"",""parameter_name"":""scale"",""parameter_value"":0.25},{""order"":2,""transform"":""noise"",""parameter_name"":""sigma"",""parameter_value"":0.1},{""order"":3,""transform"":""blur"",""parameter_name"":""sigma"",""parameter_value"":1.0}]",False,True,True,True,False,False,0.8943628072738647,1,True,Random standard-3 robustness evaluation — Old SID B - SID-only robustness training vs New Mixed B - SID and CIFAKE robustness training,-0.7047412395477295,True,False,false_negative,Old SID B - SID-only robustness training,efficientnet_b0
old_sid_b,918083148a04149dd2209ae21810aa4279583e57f687b4b63d9300a5aae64d55,FAKE/img_12.jpg,FAKE/img_12.jpg,SID_Set,,FLUX,1,random_standard_3,,46,0.1526770144701004,0,False,1.326816937492481,SID_Set,5,46,random_standard_3,3,colour -> noise -> resize,colour(strength=-0.2) -> noise(sigma=0.05) -> resize(scale=0.5),"[{""order"":1,""transform"":""colour"",""parameter_name"":""strength"",""parameter_value"":-0.2},{""order"":2,""transform"":""noise"",""parameter_name"":""sigma"",""parameter_value"":0.05},{""order"":3,""transform"":""resize"",""parameter_name"":""scale"",""parameter_value"":0.5}]",False,False,True,True,True,False,0.9985979199409485,1,True,Random standard-3 robustness evaluation — Old SID B - SID-only robustness training vs New Mixed B - SID and CIFAKE robustness training,-0.8459209054708481,True,False,false_negative,Old SID B - SID-only robustness training,efficientnet_b0
old_sid_b,918083148a04149dd2209ae21810aa4279583e57f687b4b63d9300a5aae64d55,FAKE/img_479.jpg,FAKE/img_479.jpg,SID_Set,,FLUX,1,random_standard_3,,46,0.43724945187568665,0,False,1.326816937492481,SID_Set,5,46,random_standard_3,3,crop -> jpeg -> resize,crop(fraction=0.8) -> jpeg(quality=30) -> resize(scale=0.25),"[{""order"":1,""transform"":""crop"",""parameter_name"":""fraction"",""parameter_value"":0.8},{""order"":2,""transform"":""jpeg"",""parameter_name"":""quality"",""parameter_value"":30},{""order"":3,""transform"":""resize"",""parameter_name"":""scale"",""parameter_value"":0.25}]",True,False,True,False,False,True,0.7612101435661316,1,True,Random standard-3 robustness evaluation — Old SID B - SID-only robustness training vs New Mixed B - SID and CIFAKE robustness training,-0.32396069169044495,True,False,false_negative,Old SID B - SID-only robustness training,efficientnet_b0
old_sid_b,918083148a04149dd2209ae21810aa4279583e57f687b4b63d9300a5aae64d55,FAKE/img_447.jpg,FAKE/img_447.jpg,SID_Set,,FLUX,1,random_standard_3,,46,0.014897712506353855,0,False,1.442370265621662,SID_Set,5,46,random_standard_3,3,noise -> blur -> crop,noise(sigma=0.1) -> blur(sigma=2.0) -> crop(fraction=0.8),"[{""order"":1,""transform"":""noise"",""parameter_name"":""sigma"",""parameter_value"":0.1},{""order"":2,""transform"":""blur"",""parameter_name"":""sigma"",""parameter_value"":2.0},{""order"":3,""transform"":""crop"",""parameter_name"":""fraction"",""parameter_value"":0.8}]",False,True,False,True,False,True,0.9992434978485107,1,True,Random standard-3 robustness evaluation — Old SID B - SID-only robustness training vs New Mixed B - SID and CIFAKE robustness training,-0.9843457853421569,True,False,false_negative,Old SID B - SID-only robustness training,efficientnet_b0
old_sid_b,918083148a04149dd2209ae21810aa4279583e57f687b4b63d9300a5aae64d55,REAL/img_8008.jpg,REAL/img_8008.jpg,SID_Set,,FLUX,0,random_standard_3,,46,0.5288997292518616,1,False,1.4307603125018886,SID_Set,5,46,random_standard_3,3,jpeg -> colour -> noise,jpeg(quality=70) -> colour(strength=-0.2) -> noise(sigma=0.1),"[{""order"":1,""transform"":""jpeg"",""parameter_name"":""quality"",""parameter_value"":70},{""order"":2,""transform"":""colour"",""parameter_name"":""strength"",""parameter_value"":-0.2},{""order"":3,""transform"":""noise"",""parameter_name"":""sigma"",""parameter_value"":0.1}]",True,False,False,True,True,False,0.009271805174648762,0,True,Random standard-3 robustness evaluation — Old SID B - SID-only robustness training vs New Mixed B - SID and CIFAKE robustness training,0.5196279240772128,True,False,false_positive,Old SID B - SID-only robustness training,efficientnet_b0
old_sid_b,918083148a04149dd2209ae21810aa4279583e57f687b4b63d9300a5aae64d55,FAKE/img_14689.jpg,FAKE/img_14689.jpg,SID_Set,,FLUX,1,random_standard_3,,46,0.395253449678421,0,False,1.454537421878399,SID_Set,5,46,random_standard_3,3,resize -> noise -> colour,resize(scale=0.25) -> noise(sigma=0.05) -> colour(strength=0.2),"[{""order"":1,""transform"":""resize"",""parameter_name"":""scale"",""parameter_value"":0.25},{""order"":2,""transform"":""noise"",""parameter_name"":""sigma"",""parameter_value"":0.05},{""order"":3,""transform"":""colour"",""parameter_name"":""strength"",""parameter_value"":0.2}]",False,False,True,True,True,False,0.9884160757064819,1,True,Random standard-3 robustness evaluation — Old SID B - SID-only robustness training vs New Mixed B - SID and CIFAKE robustness training,-0.5931626260280609,True,False,false_negative,Old SID B - SID-only robustness training,efficientnet_b0
old_sid_b,918083148a04149dd2209ae21810aa4279583e57f687b4b63d9300a5aae64d55,FAKE/img_14336.jpg,FAKE/img_14336.jpg,SID_Set,,FLUX,1,random_standard_3,,46,0.36438485980033875,0,False,1.423924874998761,SID_Set,5,46,random_standard_3,3,jpeg -> noise -> crop,jpeg(quality=70) -> noise(sigma=0.1) -> crop(fraction=0.8),"[{""order"":1,""transform"":""jpeg"",""parameter_name"":""quality"",""parameter_value"":70},{""order"":2,""transform"":""noise"",""parameter_name"":""sigma"",""parameter_value"":0.1},{""order"":3,""transform"":""crop"",""parameter_name"":""fraction"",""parameter_value"":0.8}]",True,False,False,True,False,True,0.9960512518882751,1,True,Random standard-3 robustness evaluation — Old SID B - SID-only robustness training vs New Mixed B - SID and CIFAKE robustness training,-0.6316663920879364,True,False,false_negative,Old SID B - SID-only robustness training,efficientnet_b0
old_sid_b,918083148a04149dd2209ae21810aa4279583e57f687b4b63d9300a5aae64d55,FAKE/img_3993.jpg,FAKE/img_3993.jpg,SID_Set,,FLUX,1,random_standard_3,,46,0.27166131138801575,0,False,1.4205832343634484,SID_Set,5,46,random_standard_3,3,colour -> jpeg -> noise,colour(strength=-0.2) -> jpeg(quality=30) -> noise(sigma=0.02),"[{""order"":1,""transform"":""colour"",""parameter_name"":""strength"",""parameter_value"":-0.2},{""order"":2,""transform"":""jpeg"",""parameter_name"":""quality"",""parameter_value"":30},{""order"":3,""transform"":""noise"",""parameter_name"":""sigma"",""parameter_value"":0.02}]",True,False,False,True,True,False,0.9985760450363159,1,True,Random standard-3 robustness evaluation — Old SID B - SID-only robustness training vs New Mixed B - SID and CIFAKE robustness training,-0.7269147336483002,True,False,false_negative,Old SID B - SID-only robustness training,efficientnet_b0
old_sid_b,918083148a04149dd2209ae21810aa4279583e57f687b4b63d9300a5aae64d55,FAKE/img_2715.jpg,FAKE/img_2715.jpg,SID_Set,,FLUX,1,random_standard_3,,46,0.28046393394470215,0,False,1.4205832343634484,SID_Set,5,46,random_standard_3,3,crop -> noise -> jpeg,crop(fraction=0.8) -> noise(sigma=0.1) -> jpeg(quality=90),"[{""order"":1,""transform"":""crop"",""parameter_name"":""fraction"",""parameter_value"":0.8},{""order"":2,""transform"":""noise"",""parameter_name"":""sigma"",""parameter_value"":0.1},{""order"":3,""transform"":""jpeg"",""parameter_name"":""quality"",""parameter_value"":90}]",True,False,False,True,False,True,0.9931715726852417,1,True,Random standard-3 robustness evaluation — Old SID B - SID-only robustness training vs New Mixed B - SID and CIFAKE robustness training,-0.7127076387405396,True,False,false_negative,Old SID B - SID-only robustness training,efficientnet_b0
old_sid_b,918083148a04149dd2209ae21810aa4279583e57f687b4b63d9300a5aae64d55,FAKE/img_15462.jpg,FAKE/img_15462.jpg,SID_Set,,FLUX,1,random_standard_3,,46,0.09224008768796921,0,False,1.4205832343634484,SID_Set,5,46,random_standard_3,3,colour -> noise -> blur,colour(strength=-0.2) -> noise(sigma=0.1) -> blur(sigma=2.0),"[{""order"":1,""transform"":""colour"",""parameter_name"":""strength"",""parameter_value"":-0.2},{""order"":2,""transform"":""noise"",""parameter_name"":""sigma"",""parameter_value"":0.1},{""order"":3,""transform"":""blur"",""parameter_name"":""sigma"",""parameter_value"":2.0}]",False,True,False,True,True,False,0.9995725750923157,1,True,Random standard-3 robustness evaluation — Old SID B - SID-only robustness training vs New Mixed B - SID and CIFAKE robustness training,-0.9073324874043465,True,False,false_negative,Old SID B - SID-only robustness training,efficientnet_b0
old_sid_b,918083148a04149dd2209ae21810aa4279583e57f687b4b63d9300a5aae64d55,FAKE/img_6797.jpg,FAKE/img_6797.jpg,SID_Set,,FLUX,1,random_standard_3,,46,0.3578633964061737,0,False,1.434774343749723,SID_Set,5,46,random_standard_3,3,jpeg -> crop -> colour,jpeg(quality=90) -> crop(fraction=0.8) -> colour(strength=0.2),"[{""order"":1,""transform"":""jpeg"",""parameter_name"":""quality"",""parameter_value"":90},{""order"":2,""transform"":""crop"",""parameter_name"":""fraction"",""parameter_value"":0.8},{""order"":3,""transform"":""colour"",""parameter_name"":""strength"",""parameter_value"":0.2}]",True,False,False,False,True,True,0.9996227025985718,1,True,Random standard-3 robustness evaluation — Old SID B - SID-only robustness training vs New Mixed B - SID and CIFAKE robustness training,-0.6417593061923981,True,False,false_negative,Old SID B - SID-only robustness training,efficientnet_b0
old_sid_b,918083148a04149dd2209ae21810aa4279583e57f687b4b63d9300a5aae64d55,FAKE/img_15485.jpg,FAKE/img_15485.jpg,SID_Set,,FLUX,1,random_standard_3,,46,0.442895770072937,0,False,1.434774343749723,SID_Set,5,46,random_standard_3,3,blur -> colour -> jpeg,blur(sigma=2.0) -> colour(strength=0.2) -> jpeg(quality=50),"[{""order"":1,""transform"":""blur"",""parameter_name"":""sigma"",""parameter_value"":2.0},{""order"":2,""transform"":""colour"",""parameter_name"":""strength"",""parameter_value"":0.2},{""order"":3,""transform"":""jpeg"",""parameter_name"":""quality"",""parameter_value"":50}]",True,True,False,False,True,False,0.9972240924835205,1,True,Random standard-3 robustness evaluation — Old SID B - SID-only robustness training vs New Mixed B - SID and CIFAKE robustness training,-0.5543283224105835,True,False,false_negative,Old SID B - SID-only robustness training,efficientnet_b0
mixed_sid_cifake_b,9159a9d4ceb7fccd3eee24c3ddf9600c79c8abf1444cb0646b93ac66fd3b5c44,FAKE/img_13780.jpg,FAKE/img_13780.jpg,SID_Set,,FLUX,1,random_standard_3,,46,0.07993372529745102,0,False,1.4631606250077311,SID_Set,5,46,random_standard_3,3,blur -> resize -> noise,blur(sigma=1.0) -> resize(scale=0.25) -> noise(sigma=0.1),"[{""order"":1,""transform"":""blur"",""parameter_name"":""sigma"",""parameter_value"":1.0},{""order"":2,""transform"":""resize"",""parameter_name"":""scale"",""parameter_value"":0.25},{""order"":3,""transform"":""noise"",""parameter_name"":""sigma"",""parameter_value"":0.1}]",False,True,True,True,False,False,0.14670106768608093,0,False,Random standard-3 robustness evaluation — Old SID B - SID-only robustness training vs New Mixed B - SID and CIFAKE robustness training,-0.06676734238862991,False,False,false_negative,New Mixed B - SID and CIFAKE robustness training,efficientnet_b0
mixed_sid_cifake_b,9159a9d4ceb7fccd3eee24c3ddf9600c79c8abf1444cb0646b93ac66fd3b5c44,FAKE/img_6889.jpg,FAKE/img_6889.jpg,SID_Set,,FLUX,1,random_standard_3,,46,0.3994210958480835,0,False,1.4201935468776128,SID_Set,5,46,random_standard_3,3,noise -> colour -> blur,noise(sigma=0.05) -> colour(strength=-0.2) -> blur(sigma=0.5),"[{""order"":1,""transform"":""noise"",""parameter_name"":""sigma"",""parameter_value"":0.05},{""order"":2,""transform"":""colour"",""parameter_name"":""strength"",""parameter_value"":-0.2},{""order"":3,""transform"":""blur"",""parameter_name"":""sigma"",""parameter_value"":0.5}]",False,True,False,True,True,False,0.8409308195114136,1,True,Random standard-3 robustness evaluation — Old SID B - SID-only robustness training vs New Mixed B - SID and CIFAKE robustness training,-0.4415097236633301,True,False,false_negative,New Mixed B - SID and CIFAKE robustness training,efficientnet_b0
mixed_sid_cifake_b,9159a9d4ceb7fccd3eee24c3ddf9600c79c8abf1444cb0646b93ac66fd3b5c44,FAKE/img_3145.jpg,FAKE/img_3145.jpg,SID_Set,,FLUX,1,random_standard_3,,46,0.16998781263828278,0,False,1.3102173125076888,SID_Set,5,46,random_standard_3,3,crop -> noise -> jpeg,crop(fraction=0.8) -> noise(sigma=0.02) -> jpeg(quality=70),"[{""order"":1,""transform"":""crop"",""parameter_name"":""fraction"",""parameter_value"":0.8},{""order"":2,""transform"":""noise"",""parameter_name"":""sigma"",""parameter_value"":0.02},{""order"":3,""transform"":""jpeg"",""parameter_name"":""quality"",""parameter_value"":70}]",True,False,False,True,False,True,0.8192870616912842,1,True,Random standard-3 robustness evaluation — Old SID B - SID-only robustness training vs New Mixed B - SID and CIFAKE robustness training,-0.6492992490530014,True,False,false_negative,New Mixed B - SID and CIFAKE robustness training,efficientnet_b0
mixed_sid_cifake_b,9159a9d4ceb7fccd3eee24c3ddf9600c79c8abf1444cb0646b93ac66fd3b5c44,FAKE/img_8157.jpg,FAKE/img_8157.jpg,SID_Set,,FLUX,1,random_standard_3,,46,0.11408020555973053,0,False,1.4199394374969643,SID_Set,5,46,random_standard_3,3,noise -> colour -> jpeg,noise(sigma=0.05) -> colour(strength=0.2) -> jpeg(quality=50),"[{""order"":1,""transform"":""noise"",""parameter_name"":""sigma"",""parameter_value"":0.05},{""order"":2,""transform"":""colour"",""parameter_name"":""strength"",""parameter_value"":0.2},{""order"":3,""transform"":""jpeg"",""parameter_name"":""quality"",""parameter_value"":50}]",True,False,False,True,True,False,0.9999581575393677,1,True,Random standard-3 robustness evaluation — Old SID B - SID-only robustness training vs New Mixed B - SID and CIFAKE robustness training,-0.8858779519796371,True,False,false_negative,New Mixed B - SID and CIFAKE robustness training,efficientnet_b0
mixed_sid_cifake_b,9159a9d4ceb7fccd3eee24c3ddf9600c79c8abf1444cb0646b93ac66fd3b5c44,FAKE/img_7965.jpg,FAKE/img_7965.jpg,SID_Set,,FLUX,1,random_standard_3,,46,0.18463988602161407,0,False,1.4461318593674832,SID_Set,5,46,random_standard_3,3,resize -> colour -> noise,resize(scale=0.5) -> colour(strength=0.2) -> noise(sigma=0.05),"[{""order"":1,""transform"":""resize"",""parameter_name"":""scale"",""parameter_value"":0.5},{""order"":2,""transform"":""colour"",""parameter_name"":""strength"",""parameter_value"":0.2},{""order"":3,""transform"":""noise"",""parameter_name"":""sigma"",""parameter_value"":0.05}]",False,False,True,True,True,False,0.9287010431289673,1,True,Random standard-3 robustness evaluation — Old SID B - SID-only robustness training vs New Mixed B - SID and CIFAKE robustness training,-0.7440611571073532,True,False,false_negative,New Mixed B - SID and CIFAKE robustness training,efficientnet_b0
mixed_sid_cifake_b,9159a9d4ceb7fccd3eee24c3ddf9600c79c8abf1444cb0646b93ac66fd3b5c44,FAKE/img_1151.jpg,FAKE/img_1151.jpg,SID_Set,,FLUX,1,random_standard_3,,46,0.40543439984321594,0,False,1.3111320937468918,SID_Set,5,46,random_standard_3,3,crop -> jpeg -> noise,crop(fraction=0.8) -> jpeg(quality=30) -> noise(sigma=0.1),"[{""order"":1,""transform"":""crop"",""parameter_name"":""fraction"",""parameter_value"":0.8},{""order"":2,""transform"":""jpeg"",""parameter_name"":""quality"",""parameter_value"":30},{""order"":3,""transform"":""noise"",""parameter_name"":""sigma"",""parameter_value"":0.1}]",True,False,False,True,False,True,0.9672949314117432,1,True,Random standard-3 robustness evaluation — Old SID B - SID-only robustness training vs New Mixed B - SID and CIFAKE robustness training,-0.5618605315685272,True,False,false_negative,New Mixed B - SID and CIFAKE robustness training,efficientnet_b0
mixed_sid_cifake_b,9159a9d4ceb7fccd3eee24c3ddf9600c79c8abf1444cb0646b93ac66fd3b5c44,FAKE/img_5791.jpg,FAKE/img_5791.jpg,SID_Set,,FLUX,1,random_standard_3,,46,0.02990552969276905,0,False,1.4366568437509386,SID_Set,5,46,random_standard_3,3,crop -> resize -> noise,crop(fraction=0.8) -> resize(scale=0.25) -> noise(sigma=0.1),"[{""order"":1,""transform"":""crop"",""parameter_name"":""fraction"",""parameter_value"":0.8},{""order"":2,""transform"":""resize"",""parameter_name"":""scale"",""parameter_value"":0.25},{""order"":3,""transform"":""noise"",""parameter_name"":""sigma"",""parameter_value"":0.1}]",False,False,True,True,False,True,0.007814875803887844,0,False,Random standard-3 robustness evaluation — Old SID B - SID-only robustness training vs New Mixed B - SID and CIFAKE robustness training,0.022090653888881207,False,False,false_negative,New Mixed B - SID and CIFAKE robustness training,efficientnet_b0
mixed_sid_cifake_b,9159a9d4ceb7fccd3eee24c3ddf9600c79c8abf1444cb0646b93ac66fd3b5c44,FAKE/img_2555.jpg,FAKE/img_2555.jpg,SID_Set,,FLUX,1,random_standard_3,,46,0.3747609853744507,0,False,1.4201868750092217,SID_Set,5,46,random_standard_3,3,jpeg -> crop -> colour,jpeg(quality=30) -> crop(fraction=0.8) -> colour(strength=0.2),"[{""order"":1,""transform"":""jpeg"",""parameter_name"":""quality"",""parameter_value"":30},{""order"":2,""transform"":""crop"",""parameter_name"":""fraction"",""parameter_value"":0.8},{""order"":3,""transform"":""colour"",""parameter_name"":""strength"",""parameter_value"":0.2}]",True,False,False,False,True,True,1.0,1,True,Random standard-3 robustness evaluation — Old SID B - SID-only robustness training vs New Mixed B - SID and CIFAKE robustness training,-0.6252390146255493,True,False,false_negative,New Mixed B - SID and CIFAKE robustness training,efficientnet_b0
mixed_sid_cifake_b,9159a9d4ceb7fccd3eee24c3ddf9600c79c8abf1444cb0646b93ac66fd3b5c44,REAL/img_13329.jpg,REAL/img_13329.jpg,SID_Set,,FLUX,0,random_standard_3,,46,0.7224202752113342,1,False,1.420399781238757,SID_Set,5,46,random_standard_3,3,resize -> blur -> noise,resize(scale=0.25) -> blur(sigma=0.5) -> noise(sigma=0.1),"[{""order"":1,""transform"":""resize"",""parameter_name"":""scale"",""parameter_value"":0.25},{""order"":2,""transform"":""blur"",""parameter_name"":""sigma"",""parameter_value"":0.5},{""order"":3,""transform"":""noise"",""parameter_name"":""sigma"",""parameter_value"":0.1}]",False,True,True,True,False,False,0.21446438133716583,0,True,Random standard-3 robustness evaluation — Old SID B - SID-only robustness training vs New Mixed B - SID and CIFAKE robustness training,0.5079558938741684,True,False,false_positive,New Mixed B - SID and CIFAKE robustness training,efficientnet_b0
mixed_sid_cifake_b,9159a9d4ceb7fccd3eee24c3ddf9600c79c8abf1444cb0646b93ac66fd3b5c44,REAL/img_3328.jpg,REAL/img_3328.jpg,SID_Set,,FLUX,0,random_standard_3,,46,0.9989938139915466,1,False,1.419835906247613,SID_Set,5,46,random_standard_3,3,colour -> blur -> jpeg,colour(strength=0.2) -> blur(sigma=2.0) -> jpeg(quality=50),"[{""order"":1,""transform"":""colour"",""parameter_name"":""strength"",""parameter_value"":0.2},{""order"":2,""transform"":""blur"",""parameter_name"":""sigma"",""parameter_value"":2.0},{""order"":3,""transform"":""jpeg"",""parameter_name"":""quality"",""parameter_value"":50}]",True,True,False,False,True,False,0.9264559149742126,1,False,Random standard-3 robustness evaluation — Old SID B - SID-only robustness training vs New Mixed B - SID and CIFAKE robustness training,0.07253789901733398,False,False,false_positive,New Mixed B - SID and CIFAKE robustness training,efficientnet_b0
mixed_sid_cifake_b,9159a9d4ceb7fccd3eee24c3ddf9600c79c8abf1444cb0646b93ac66fd3b5c44,FAKE/img_304.jpg,FAKE/img_304.jpg,SID_Set,,FLUX,1,random_standard_3,,46,0.0008637823048047721,0,False,1.420452906245373,SID_Set,5,46,random_standard_3,3,crop -> colour -> blur,crop(fraction=0.8) -> colour(strength=-0.2) -> blur(sigma=2.0),"[{""order"":1,""transform"":""crop"",""parameter_name"":""fraction"",""parameter_value"":0.8},{""order"":2,""transform"":""colour"",""parameter_name"":""strength"",""parameter_value"":-0.2},{""order"":3,""transform"":""blur"",""parameter_name"":""sigma"",""parameter_value"":2.0}]",False,True,False,False,True,True,0.8638738989830017,1,True,Random standard-3 robustness evaluation — Old SID B - SID-only robustness training vs New Mixed B - SID and CIFAKE robustness training,-0.8630101166781969,True,False,false_negative,New Mixed B - SID and CIFAKE robustness training,efficientnet_b0
mixed_sid_cifake_b,9159a9d4ceb7fccd3eee24c3ddf9600c79c8abf1444cb0646b93ac66fd3b5c44,REAL/img_504.jpg,REAL/img_504.jpg,SID_Set,,FLUX,0,random_standard_3,,46,0.7122026085853577,1,False,1.420452906245373,SID_Set,5,46,random_standard_3,3,colour -> jpeg -> blur,colour(strength=-0.2) -> jpeg(quality=30) -> blur(sigma=1.0),"[{""order"":1,""transform"":""colour"",""parameter_name"":""strength"",""parameter_value"":-0.2},{""order"":2,""transform"":""jpeg"",""parameter_name"":""quality"",""parameter_value"":30},{""order"":3,""transform"":""blur"",""parameter_name"":""sigma"",""parameter_value"":1.0}]",True,True,False,False,True,False,0.3272336423397064,0,True,Random standard-3 robustness evaluation — Old SID B - SID-only robustness training vs New Mixed B - SID and CIFAKE robustness training,0.38496896624565125,True,False,false_positive,New Mixed B - SID and CIFAKE robustness training,efficientnet_b0
mixed_sid_cifake_b,9159a9d4ceb7fccd3eee24c3ddf9600c79c8abf1444cb0646b93ac66fd3b5c44,FAKE/img_10745.jpg,FAKE/img_10745.jpg,SID_Set,,FLUX,1,random_standard_3,,46,0.35512080788612366,0,False,1.300222718739974,SID_Set,5,46,random_standard_3,3,blur -> colour -> crop,blur(sigma=1.0) -> colour(strength=0.2) -> crop(fraction=0.8),"[{""order"":1,""transform"":""blur"",""parameter_name"":""sigma"",""parameter_value"":1.0},{""order"":2,""transform"":""colour"",""parameter_name"":""strength"",""parameter_value"":0.2},{""order"":3,""transform"":""crop"",""parameter_name"":""fraction"",""parameter_value"":0.8}]",False,True,False,False,True,True,0.9861736297607422,1,True,Random standard-3 robustness evaluation — Old SID B - SID-only robustness training vs New Mixed B - SID and CIFAKE robustness training,-0.6310528218746185,True,False,false_negative,New Mixed B - SID and CIFAKE robustness training,efficientnet_b0
mixed_sid_cifake_b,9159a9d4ceb7fccd3eee24c3ddf9600c79c8abf1444cb0646b93ac66fd3b5c44,FAKE/img_12773.jpg,FAKE/img_12773.jpg,SID_Set,,FLUX,1,random_standard_3,,46,0.267344206571579,0,False,1.4240930624964676,SID_Set,5,46,random_standard_3,3,blur -> crop -> jpeg,blur(sigma=2.0) -> crop(fraction=0.8) -> jpeg(quality=50),"[{""order"":1,""transform"":""blur"",""parameter_name"":""sigma"",""parameter_value"":2.0},{""order"":2,""transform"":""crop"",""parameter_name"":""fraction"",""parameter_value"":0.8},{""order"":3,""transform"":""jpeg"",""parameter_name"":""quality"",""parameter_value"":50}]",True,True,False,False,False,True,0.9259954690933228,1,True,Random standard-3 robustness evaluation — Old SID B - SID-only robustness training vs New Mixed B - SID and CIFAKE robustness training,-0.6586512625217438,True,False,false_negative,New Mixed B - SID and CIFAKE robustness training,efficientnet_b0
mixed_sid_cifake_b,9159a9d4ceb7fccd3eee24c3ddf9600c79c8abf1444cb0646b93ac66fd3b5c44,FAKE/img_10516.jpg,FAKE/img_10516.jpg,SID_Set,,FLUX,1,random_standard_3,,46,0.06619323045015335,0,False,1.4196023281272119,SID_Set,5,46,random_standard_3,3,crop -> noise -> blur,crop(fraction=0.8) -> noise(sigma=0.05) -> blur(sigma=1.0),"[{""order"":1,""transform"":""crop"",""parameter_name"":""fraction"",""parameter_value"":0.8},{""order"":2,""transform"":""noise"",""parameter_name"":""sigma"",""parameter_value"":0.05},{""order"":3,""transform"":""blur"",""parameter_name"":""sigma"",""parameter_value"":1.0}]",False,True,False,True,False,True,0.8519684076309204,1,True,Random standard-3 robustness evaluation — Old SID B - SID-only robustness training vs New Mixed B - SID and CIFAKE robustness training,-0.7857751771807671,True,False,false_negative,New Mixed B - SID and CIFAKE robustness training,efficientnet_b0
mixed_sid_cifake_b,9159a9d4ceb7fccd3eee24c3ddf9600c79c8abf1444cb0646b93ac66fd3b5c44,FAKE/img_15154.jpg,FAKE/img_15154.jpg,SID_Set,,FLUX,1,random_standard_3,,46,0.038256533443927765,0,False,1.4237194218651439,SID_Set,5,46,random_standard_3,3,resize -> colour -> blur,resize(scale=0.25) -> colour(strength=0.2) -> blur(sigma=0.5),"[{""order"":1,""transform"":""resize"",""parameter_name"":""scale"",""parameter_value"":0.25},{""order"":2,""transform"":""colour"",""parameter_name"":""strength"",""parameter_value"":0.2},{""order"":3,""transform"":""blur"",""parameter_name"":""sigma"",""parameter_value"":0.5}]",False,True,True,False,True,False,0.2629113793373108,0,False,Random standard-3 robustness evaluation — Old SID B - SID-only robustness training vs New Mixed B - SID and CIFAKE robustness training,-0.22465484589338303,False,False,false_negative,New Mixed B - SID and CIFAKE robustness training,efficientnet_b0
mixed_sid_cifake_b,9159a9d4ceb7fccd3eee24c3ddf9600c79c8abf1444cb0646b93ac66fd3b5c44,FAKE/img_12935.jpg,FAKE/img_12935.jpg,SID_Set,,FLUX,1,random_standard_3,,46,0.4493488073348999,0,False,1.342823828125006,SID_Set,5,46,random_standard_3,3,resize -> colour -> blur,resize(scale=0.5) -> colour(strength=0.2) -> blur(sigma=1.0),"[{""order"":1,""transform"":""resize"",""parameter_name"":""scale"",""parameter_value"":0.5},{""order"":2,""transform"":""colour"",""parameter_name"":""strength"",""parameter_value"":0.2},{""order"":3,""transform"":""blur"",""parameter_name"":""sigma"",""parameter_value"":1.0}]",False,True,True,False,True,False,0.6126285791397095,1,True,Random standard-3 robustness evaluation — Old SID B - SID-only robustness training vs New Mixed B - SID and CIFAKE robustness training,-0.16327977180480957,True,False,false_negative,New Mixed B - SID and CIFAKE robustness training,efficientnet_b0
mixed_sid_cifake_b,9159a9d4ceb7fccd3eee24c3ddf9600c79c8abf1444cb0646b93ac66fd3b5c44,FAKE/img_1576.jpg,FAKE/img_1576.jpg,SID_Set,,FLUX,1,random_standard_3,,46,0.008016436360776424,0,False,1.342823828125006,SID_Set,5,46,random_standard_3,3,blur -> resize -> noise,blur(sigma=1.0) -> resize(scale=0.5) -> noise(sigma=0.02),"[{""order"":1,""transform"":""blur"",""parameter_name"":""sigma"",""parameter_value"":1.0},{""order"":2,""transform"":""resize"",""parameter_name"":""scale"",""parameter_value"":0.5},{""order"":3,""transform"":""noise"",""parameter_name"":""sigma"",""parameter_value"":0.02}]",False,True,True,True,False,False,0.0434529148042202,0,False,Random standard-3 robustness evaluation — Old SID B - SID-only robustness training vs New Mixed B - SID and CIFAKE robustness training,-0.035436478443443775,False,False,false_negative,New Mixed B - SID and CIFAKE robustness training,efficientnet_b0
mixed_sid_cifake_b,9159a9d4ceb7fccd3eee24c3ddf9600c79c8abf1444cb0646b93ac66fd3b5c44,FAKE/img_5676.jpg,FAKE/img_5676.jpg,SID_Set,,FLUX,1,random_standard_3,,46,0.37821710109710693,0,False,1.342823828125006,SID_Set,5,46,random_standard_3,3,jpeg -> blur -> resize,jpeg(quality=30) -> blur(sigma=2.0) -> resize(scale=0.5),"[{""order"":1,""transform"":""jpeg"",""parameter_name"":""quality"",""parameter_value"":30},{""order"":2,""transform"":""blur"",""parameter_name"":""sigma"",""parameter_value"":2.0},{""order"":3,""transform"":""resize"",""parameter_name"":""scale"",""parameter_value"":0.5}]",True,True,True,False,False,False,0.2528587281703949,0,False,Random standard-3 robustness evaluation — Old SID B - SID-only robustness training vs New Mixed B - SID and CIFAKE robustness training,0.12535837292671204,False,False,false_negative,New Mixed B - SID and CIFAKE robustness training,efficientnet_b0
mixed_sid_cifake_b,9159a9d4ceb7fccd3eee24c3ddf9600c79c8abf1444cb0646b93ac66fd3b5c44,FAKE/img_6024.jpg,FAKE/img_6024.jpg,SID_Set,,FLUX,1,random_standard_3,,46,0.1863757222890854,0,False,1.342823828125006,SID_Set,5,46,random_standard_3,3,noise -> colour -> crop,noise(sigma=0.05) -> colour(strength=-0.2) -> crop(fraction=0.8),"[{""order"":1,""transform"":""noise"",""parameter_name"":""sigma"",""parameter_value"":0.05},{""order"":2,""transform"":""colour"",""parameter_name"":""strength"",""parameter_value"":-0.2},{""order"":3,""transform"":""crop"",""parameter_name"":""fraction"",""parameter_value"":0.8}]",False,False,False,True,True,True,0.7492343783378601,1,True,Random standard-3 robustness evaluation — Old SID B - SID-only robustness training vs New Mixed B - SID and CIFAKE robustness training,-0.5628586560487747,True,False,false_negative,New Mixed B - SID and CIFAKE robustness training,efficientnet_b0
mixed_sid_cifake_b,9159a9d4ceb7fccd3eee24c3ddf9600c79c8abf1444cb0646b93ac66fd3b5c44,FAKE/img_4452.jpg,FAKE/img_4452.jpg,SID_Set,,FLUX,1,random_standard_3,,46,0.44302478432655334,0,False,1.41930981249061,SID_Set,5,46,random_standard_3,3,resize -> noise -> colour,resize(scale=0.5) -> noise(sigma=0.05) -> colour(strength=-0.2),"[{""order"":1,""transform"":""resize"",""parameter_name"":""scale"",""parameter_value"":0.5},{""order"":2,""transform"":""noise"",""parameter_name"":""sigma"",""parameter_value"":0.05},{""order"":3,""transform"":""colour"",""parameter_name"":""strength"",""parameter_value"":-0.2}]",False,False,True,True,True,False,0.9957184195518494,1,True,Random standard-3 robustness evaluation — Old SID B - SID-only robustness training vs New Mixed B - SID and CIFAKE robustness training,-0.552693635225296,True,False,false_negative,New Mixed B - SID and CIFAKE robustness training,efficientnet_b0
mixed_sid_cifake_b,9159a9d4ceb7fccd3eee24c3ddf9600c79c8abf1444cb0646b93ac66fd3b5c44,REAL/img_13948.jpg,REAL/img_13948.jpg,SID_Set,,FLUX,0,random_standard_3,,46,0.6535566449165344,1,False,1.4194111874985538,SID_Set,5,46,random_standard_3,3,jpeg -> crop -> noise,jpeg(quality=30) -> crop(fraction=0.8) -> noise(sigma=0.1),"[{""order"":1,""transform"":""jpeg"",""parameter_name"":""quality"",""parameter_value"":30},{""order"":2,""transform"":""crop"",""parameter_name"":""fraction"",""parameter_value"":0.8},{""order"":3,""transform"":""noise"",""parameter_name"":""sigma"",""parameter_value"":0.1}]",True,False,False,True,False,True,0.4237542152404785,0,True,Random standard-3 robustness evaluation — Old SID B - SID-only robustness training vs New Mixed B - SID and CIFAKE robustness training,0.2298024296760559,True,False,false_positive,New Mixed B - SID and CIFAKE robustness training,efficientnet_b0
mixed_sid_cifake_b,9159a9d4ceb7fccd3eee24c3ddf9600c79c8abf1444cb0646b93ac66fd3b5c44,REAL/img_8528.jpg,REAL/img_8528.jpg,SID_Set,,FLUX,0,random_standard_3,,46,0.5353549718856812,1,False,1.4559416562462957,SID_Set,5,46,random_standard_3,3,noise -> colour -> crop,noise(sigma=0.1) -> colour(strength=-0.2) -> crop(fraction=0.8),"[{""order"":1,""transform"":""noise"",""parameter_name"":""sigma"",""parameter_value"":0.1},{""order"":2,""transform"":""colour"",""parameter_name"":""strength"",""parameter_value"":-0.2},{""order"":3,""transform"":""crop"",""parameter_name"":""fraction"",""parameter_value"":0.8}]",False,False,False,True,True,True,0.9805907607078552,1,False,Random standard-3 robustness evaluation — Old SID B - SID-only robustness training vs New Mixed B - SID and CIFAKE robustness training,-0.4452357888221741,False,False,false_positive,New Mixed B - SID and CIFAKE robustness training,efficientnet_b0
mixed_sid_cifake_b,9159a9d4ceb7fccd3eee24c3ddf9600c79c8abf1444cb0646b93ac66fd3b5c44,REAL/img_7008.jpg,REAL/img_7008.jpg,SID_Set,,FLUX,0,random_standard_3,,46,0.8728718161582947,1,False,1.4559416562462957,SID_Set,5,46,random_standard_3,3,resize -> crop -> blur,resize(scale=0.5) -> crop(fraction=0.8) -> blur(sigma=1.0),"[{""order"":1,""transform"":""resize"",""parameter_name"":""scale"",""parameter_value"":0.5},{""order"":2,""transform"":""crop"",""parameter_name"":""fraction"",""parameter_value"":0.8},{""order"":3,""transform"":""blur"",""parameter_name"":""sigma"",""parameter_value"":1.0}]",False,True,True,False,False,True,0.7254787087440491,1,False,Random standard-3 robustness evaluation — Old SID B - SID-only robustness training vs New Mixed B - SID and CIFAKE robustness training,0.1473931074142456,False,False,false_positive,New Mixed B - SID and CIFAKE robustness training,efficientnet_b0
mixed_sid_cifake_b,9159a9d4ceb7fccd3eee24c3ddf9600c79c8abf1444cb0646b93ac66fd3b5c44,FAKE/img_12526.jpg,FAKE/img_12526.jpg,SID_Set,,FLUX,1,random_standard_3,,46,0.2761957049369812,0,False,1.4559416562462957,SID_Set,5,46,random_standard_3,3,jpeg -> noise -> colour,jpeg(quality=50) -> noise(sigma=0.05) -> colour(strength=-0.2),"[{""order"":1,""transform"":""jpeg"",""parameter_name"":""quality"",""parameter_value"":50},{""order"":2,""transform"":""noise"",""parameter_name"":""sigma"",""parameter_value"":0.05},{""order"":3,""transform"":""colour"",""parameter_name"":""strength"",""parameter_value"":-0.2}]",True,False,False,True,True,False,0.9996291399002075,1,True,Random standard-3 robustness evaluation — Old SID B - SID-only robustness training vs New Mixed B - SID and CIFAKE robustness training,-0.7234334349632263,True,False,false_negative,New Mixed B - SID and CIFAKE robustness training,efficientnet_b0
mixed_sid_cifake_b,9159a9d4ceb7fccd3eee24c3ddf9600c79c8abf1444cb0646b93ac66fd3b5c44,REAL/img_600.jpg,REAL/img_600.jpg,SID_Set,,FLUX,0,random_standard_3,,46,0.8218880891799927,1,False,1.4192779062511818,SID_Set,5,46,random_standard_3,3,colour -> noise -> crop,colour(strength=0.2) -> noise(sigma=0.1) -> crop(fraction=0.8),"[{""order"":1,""transform"":""colour"",""parameter_name"":""strength"",""parameter_value"":0.2},{""order"":2,""transform"":""noise"",""parameter_name"":""sigma"",""parameter_value"":0.1},{""order"":3,""transform"":""crop"",""parameter_name"":""fraction"",""parameter_value"":0.8}]",False,False,False,True,True,True,7.042349807306891e-06,0,True,Random standard-3 robustness evaluation — Old SID B - SID-only robustness training vs New Mixed B - SID and CIFAKE robustness training,0.8218810468301854,True,False,false_positive,New Mixed B - SID and CIFAKE robustness training,efficientnet_b0
mixed_sid_cifake_b,9159a9d4ceb7fccd3eee24c3ddf9600c79c8abf1444cb0646b93ac66fd3b5c44,FAKE/img_3018.jpg,FAKE/img_3018.jpg,SID_Set,,FLUX,1,random_standard_3,,46,0.19709482789039612,0,False,1.4192779062511818,SID_Set,5,46,random_standard_3,3,noise -> resize -> blur,noise(sigma=0.1) -> resize(scale=0.25) -> blur(sigma=1.0),"[{""order"":1,""transform"":""noise"",""parameter_name"":""sigma"",""parameter_value"":0.1},{""order"":2,""transform"":""resize"",""parameter_name"":""scale"",""parameter_value"":0.25},{""order"":3,""transform"":""blur"",""parameter_name"":""sigma"",""parameter_value"":1.0}]",False,True,True,True,False,False,0.9964178800582886,1,True,Random standard-3 robustness evaluation — Old SID B - SID-only robustness training vs New Mixed B - SID and CIFAKE robustness training,-0.7993230521678925,True,False,false_negative,New Mixed B - SID and CIFAKE robustness training,efficientnet_b0
mixed_sid_cifake_b,9159a9d4ceb7fccd3eee24c3ddf9600c79c8abf1444cb0646b93ac66fd3b5c44,FAKE/img_8999.jpg,FAKE/img_8999.jpg,SID_Set,,FLUX,1,random_standard_3,,46,0.3114323616027832,0,False,1.4235035781240413,SID_Set,5,46,random_standard_3,3,colour -> resize -> noise,colour(strength=0.2) -> resize(scale=0.5) -> noise(sigma=0.02),"[{""order"":1,""transform"":""colour"",""parameter_name"":""strength"",""parameter_value"":0.2},{""order"":2,""transform"":""resize"",""parameter_name"":""scale"",""parameter_value"":0.5},{""order"":3,""transform"":""noise"",""parameter_name"":""sigma"",""parameter_value"":0.02}]",False,False,True,True,True,False,0.9824173450469971,1,True,Random standard-3 robustness evaluation — Old SID B - SID-only robustness training vs New Mixed B - SID and CIFAKE robustness training,-0.6709849834442139,True,False,false_negative,New Mixed B - SID and CIFAKE robustness training,efficientnet_b0
mixed_sid_cifake_b,9159a9d4ceb7fccd3eee24c3ddf9600c79c8abf1444cb0646b93ac66fd3b5c44,REAL/img_759.jpg,REAL/img_759.jpg,SID_Set,,FLUX,0,random_standard_3,,46,0.9627408981323242,1,False,1.419491250004512,SID_Set,5,46,random_standard_3,3,resize -> crop -> noise,resize(scale=0.25) -> crop(fraction=0.8) -> noise(sigma=0.05),"[{""order"":1,""transform"":""resize"",""parameter_name"":""scale"",""parameter_value"":0.25},{""order"":2,""transform"":""crop"",""parameter_name"":""fraction"",""parameter_value"":0.8},{""order"":3,""transform"":""noise"",""parameter_name"":""sigma"",""parameter_value"":0.05}]",False,False,True,True,False,True,0.9560602307319641,1,False,Random standard-3 robustness evaluation — Old SID B - SID-only robustness training vs New Mixed B - SID and CIFAKE robustness training,0.006680667400360107,False,False,false_positive,New Mixed B - SID and CIFAKE robustness training,efficientnet_b0
mixed_sid_cifake_b,9159a9d4ceb7fccd3eee24c3ddf9600c79c8abf1444cb0646b93ac66fd3b5c44,FAKE/img_14407.jpg,FAKE/img_14407.jpg,SID_Set,,FLUX,1,random_standard_3,,46,0.4935060441493988,0,False,1.419491250004512,SID_Set,5,46,random_standard_3,3,jpeg -> noise -> blur,jpeg(quality=50) -> noise(sigma=0.05) -> blur(sigma=2.0),"[{""order"":1,""transform"":""jpeg"",""parameter_name"":""quality"",""parameter_value"":50},{""order"":2,""transform"":""noise"",""parameter_name"":""sigma"",""parameter_value"":0.05},{""order"":3,""transform"":""blur"",""parameter_name"":""sigma"",""parameter_value"":2.0}]",True,True,False,True,False,False,0.9815207123756409,1,True,Random standard-3 robustness evaluation — Old SID B - SID-only robustness training vs New Mixed B - SID and CIFAKE robustness training,-0.48801466822624207,True,False,false_negative,New Mixed B - SID and CIFAKE robustness training,efficientnet_b0
mixed_sid_cifake_b,9159a9d4ceb7fccd3eee24c3ddf9600c79c8abf1444cb0646b93ac66fd3b5c44,FAKE/img_15143.jpg,FAKE/img_15143.jpg,SID_Set,,FLUX,1,random_standard_3,,46,0.01792953908443451,0,False,1.4422034218739554,SID_Set,5,46,random_standard_3,3,resize -> noise -> colour,resize(scale=0.25) -> noise(sigma=0.05) -> colour(strength=0.2),"[{""order"":1,""transform"":""resize"",""parameter_name"":""scale"",""parameter_value"":0.25},{""order"":2,""transform"":""noise"",""parameter_name"":""sigma"",""parameter_value"":0.05},{""order"":3,""transform"":""colour"",""parameter_name"":""strength"",""parameter_value"":0.2}]",False,False,True,True,True,False,0.893527626991272,1,True,Random standard-3 robustness evaluation — Old SID B - SID-only robustness training vs New Mixed B - SID and CIFAKE robustness training,-0.8755980879068375,True,False,false_negative,New Mixed B - SID and CIFAKE robustness training,efficientnet_b0
mixed_sid_cifake_b,9159a9d4ceb7fccd3eee24c3ddf9600c79c8abf1444cb0646b93ac66fd3b5c44,FAKE/img_16191.jpg,FAKE/img_16191.jpg,SID_Set,,FLUX,1,random_standard_3,,46,0.394196093082428,0,False,1.4329985156251723,SID_Set,5,46,random_standard_3,3,noise -> crop -> colour,noise(sigma=0.1) -> crop(fraction=0.8) -> colour(strength=-0.2),"[{""order"":1,""transform"":""noise"",""parameter_name"":""sigma"",""parameter_value"":0.1},{""order"":2,""transform"":""crop"",""parameter_name"":""fraction"",""parameter_value"":0.8},{""order"":3,""transform"":""colour"",""parameter_name"":""strength"",""parameter_value"":-0.2}]",False,False,False,True,True,True,0.9995585083961487,1,True,Random standard-3 robustness evaluation — Old SID B - SID-only robustness training vs New Mixed B - SID and CIFAKE robustness training,-0.6053624153137207,True,False,false_negative,New Mixed B - SID and CIFAKE robustness training,efficientnet_b0
mixed_sid_cifake_b,9159a9d4ceb7fccd3eee24c3ddf9600c79c8abf1444cb0646b93ac66fd3b5c44,FAKE/img_11337.jpg,FAKE/img_11337.jpg,SID_Set,,FLUX,1,random_standard_3,,46,0.447813481092453,0,False,1.458724671877576,SID_Set,5,46,random_standard_3,3,noise -> jpeg -> resize,noise(sigma=0.1) -> jpeg(quality=90) -> resize(scale=0.25),"[{""order"":1,""transform"":""noise"",""parameter_name"":""sigma"",""parameter_value"":0.1},{""order"":2,""transform"":""jpeg"",""parameter_name"":""quality"",""parameter_value"":90},{""order"":3,""transform"":""resize"",""parameter_name"":""scale"",""parameter_value"":0.25}]",True,False,True,True,False,False,0.9998291730880737,1,True,Random standard-3 robustness evaluation — Old SID B - SID-only robustness training vs New Mixed B - SID and CIFAKE robustness training,-0.5520156919956207,True,False,false_negative,New Mixed B - SID and CIFAKE robustness training,efficientnet_b0
mixed_sid_cifake_b,9159a9d4ceb7fccd3eee24c3ddf9600c79c8abf1444cb0646b93ac66fd3b5c44,FAKE/img_9359.jpg,FAKE/img_9359.jpg,SID_Set,,FLUX,1,random_standard_3,,46,0.16602124273777008,0,False,1.458724671877576,SID_Set,5,46,random_standard_3,3,colour -> crop -> noise,colour(strength=-0.2) -> crop(fraction=0.8) -> noise(sigma=0.05),"[{""order"":1,""transform"":""colour"",""parameter_name"":""strength"",""parameter_value"":-0.2},{""order"":2,""transform"":""crop"",""parameter_name"":""fraction"",""parameter_value"":0.8},{""order"":3,""transform"":""noise"",""parameter_name"":""sigma"",""parameter_value"":0.05}]",False,False,False,True,True,True,0.999914288520813,1,True,Random standard-3 robustness evaluation — Old SID B - SID-only robustness training vs New Mixed B - SID and CIFAKE robustness training,-0.8338930457830429,True,False,false_negative,New Mixed B - SID and CIFAKE robustness training,efficientnet_b0
mixed_sid_cifake_b,9159a9d4ceb7fccd3eee24c3ddf9600c79c8abf1444cb0646b93ac66fd3b5c44,REAL/img_10812.jpg,REAL/img_10812.jpg,SID_Set,,FLUX,0,random_standard_3,,46,0.9999545812606812,1,False,1.419985875003249,SID_Set,5,46,random_standard_3,3,blur -> jpeg -> crop,blur(sigma=0.5) -> jpeg(quality=90) -> crop(fraction=0.8),"[{""order"":1,""transform"":""blur"",""parameter_name"":""sigma"",""parameter_value"":0.5},{""order"":2,""transform"":""jpeg"",""parameter_name"":""quality"",""parameter_value"":90},{""order"":3,""transform"":""crop"",""parameter_name"":""fraction"",""parameter_value"":0.8}]",True,True,False,False,False,True,0.9350079298019409,1,False,Random standard-3 robustness evaluation — Old SID B - SID-only robustness training vs New Mixed B - SID and CIFAKE robustness training,0.06494665145874023,False,False,false_positive,New Mixed B - SID and CIFAKE robustness training,efficientnet_b0
mixed_sid_cifake_b,9159a9d4ceb7fccd3eee24c3ddf9600c79c8abf1444cb0646b93ac66fd3b5c44,FAKE/img_12728.jpg,FAKE/img_12728.jpg,SID_Set,,FLUX,1,random_standard_3,,46,0.42895692586898804,0,False,1.419985875003249,SID_Set,5,46,random_standard_3,3,noise -> blur -> crop,noise(sigma=0.1) -> blur(sigma=2.0) -> crop(fraction=0.8),"[{""order"":1,""transform"":""noise"",""parameter_name"":""sigma"",""parameter_value"":0.1},{""order"":2,""transform"":""blur"",""parameter_name"":""sigma"",""parameter_value"":2.0},{""order"":3,""transform"":""crop"",""parameter_name"":""fraction"",""parameter_value"":0.8}]",False,True,False,True,False,True,0.9999845027923584,1,True,Random standard-3 robustness evaluation — Old SID B - SID-only robustness training vs New Mixed B - SID and CIFAKE robustness training,-0.5710275769233704,True,False,false_negative,New Mixed B - SID and CIFAKE robustness training,efficientnet_b0
mixed_sid_cifake_b,9159a9d4ceb7fccd3eee24c3ddf9600c79c8abf1444cb0646b93ac66fd3b5c44,FAKE/img_11508.jpg,FAKE/img_11508.jpg,SID_Set,,FLUX,1,random_standard_3,,46,0.48263657093048096,0,False,1.4206592500016768,SID_Set,5,46,random_standard_3,3,jpeg -> blur -> colour,jpeg(quality=30) -> blur(sigma=0.5) -> colour(strength=0.2),"[{""order"":1,""transform"":""jpeg"",""parameter_name"":""quality"",""parameter_value"":30},{""order"":2,""transform"":""blur"",""parameter_name"":""sigma"",""parameter_value"":0.5},{""order"":3,""transform"":""colour"",""parameter_name"":""strength"",""parameter_value"":0.2}]",True,True,False,False,True,False,0.9134118556976318,1,True,Random standard-3 robustness evaluation — Old SID B - SID-only robustness training vs New Mixed B - SID and CIFAKE robustness training,-0.4307752847671509,True,False,false_negative,New Mixed B - SID and CIFAKE robustness training,efficientnet_b0
mixed_sid_cifake_b,9159a9d4ceb7fccd3eee24c3ddf9600c79c8abf1444cb0646b93ac66fd3b5c44,REAL/img_7168.jpg,REAL/img_7168.jpg,SID_Set,,FLUX,0,random_standard_3,,46,0.6714540123939514,1,False,1.4449759375025906,SID_Set,5,46,random_standard_3,3,crop -> resize -> jpeg,crop(fraction=0.8) -> resize(scale=0.25) -> jpeg(quality=70),"[{""order"":1,""transform"":""crop"",""parameter_name"":""fraction"",""parameter_value"":0.8},{""order"":2,""transform"":""resize"",""parameter_name"":""scale"",""parameter_value"":0.25},{""order"":3,""transform"":""jpeg"",""parameter_name"":""quality"",""parameter_value"":70}]",True,False,True,False,False,True,0.944058895111084,1,False,Random standard-3 robustness evaluation — Old SID B - SID-only robustness training vs New Mixed B - SID and CIFAKE robustness training,-0.27260488271713257,False,False,false_positive,New Mixed B - SID and CIFAKE robustness training,efficientnet_b0
mixed_sid_cifake_b,9159a9d4ceb7fccd3eee24c3ddf9600c79c8abf1444cb0646b93ac66fd3b5c44,FAKE/img_16546.jpg,FAKE/img_16546.jpg,SID_Set,,FLUX,1,random_standard_3,,46,0.4145757853984833,0,False,1.4449759375025906,SID_Set,5,46,random_standard_3,3,blur -> jpeg -> crop,blur(sigma=0.5) -> jpeg(quality=30) -> crop(fraction=0.8),"[{""order"":1,""transform"":""blur"",""parameter_name"":""sigma"",""parameter_value"":0.5},{""order"":2,""transform"":""jpeg"",""parameter_name"":""quality"",""parameter_value"":30},{""order"":3,""transform"":""crop"",""parameter_name"":""fraction"",""parameter_value"":0.8}]",True,True,False,False,False,True,0.99528968334198,1,True,Random standard-3 robustness evaluation — Old SID B - SID-only robustness training vs New Mixed B - SID and CIFAKE robustness training,-0.5807138979434967,True,False,false_negative,New Mixed B - SID and CIFAKE robustness training,efficientnet_b0
mixed_sid_cifake_b,9159a9d4ceb7fccd3eee24c3ddf9600c79c8abf1444cb0646b93ac66fd3b5c44,REAL/img_3548.jpg,REAL/img_3548.jpg,SID_Set,,FLUX,0,random_standard_3,,46,0.6904283165931702,1,False,1.4196283281222577,SID_Set,5,46,random_standard_3,3,resize -> crop -> jpeg,resize(scale=0.25) -> crop(fraction=0.8) -> jpeg(quality=90),"[{""order"":1,""transform"":""resize"",""parameter_name"":""scale"",""parameter_value"":0.25},{""order"":2,""transform"":""crop"",""parameter_name"":""fraction"",""parameter_value"":0.8},{""order"":3,""transform"":""jpeg"",""parameter_name"":""quality"",""parameter_value"":90}]",True,False,True,False,False,True,0.978095293045044,1,False,Random standard-3 robustness evaluation — Old SID B - SID-only robustness training vs New Mixed B - SID and CIFAKE robustness training,-0.2876669764518738,False,False,false_positive,New Mixed B - SID and CIFAKE robustness training,efficientnet_b0
mixed_sid_cifake_b,9159a9d4ceb7fccd3eee24c3ddf9600c79c8abf1444cb0646b93ac66fd3b5c44,REAL/img_4609.jpg,REAL/img_4609.jpg,SID_Set,,FLUX,0,random_standard_3,,46,0.5139221549034119,1,False,1.4196283281222577,SID_Set,5,46,random_standard_3,3,crop -> colour -> noise,crop(fraction=0.8) -> colour(strength=0.2) -> noise(sigma=0.1),"[{""order"":1,""transform"":""crop"",""parameter_name"":""fraction"",""parameter_value"":0.8},{""order"":2,""transform"":""colour"",""parameter_name"":""strength"",""parameter_value"":0.2},{""order"":3,""transform"":""noise"",""parameter_name"":""sigma"",""parameter_value"":0.1}]",False,False,False,True,True,True,0.16229568421840668,0,True,Random standard-3 robustness evaluation — Old SID B - SID-only robustness training vs New Mixed B - SID and CIFAKE robustness training,0.3516264706850052,True,False,false_positive,New Mixed B - SID and CIFAKE robustness training,efficientnet_b0
mixed_sid_cifake_b,9159a9d4ceb7fccd3eee24c3ddf9600c79c8abf1444cb0646b93ac66fd3b5c44,FAKE/img_12605.jpg,FAKE/img_12605.jpg,SID_Set,,FLUX,1,random_standard_3,,46,0.3767445385456085,0,False,1.4200184687496176,SID_Set,5,46,random_standard_3,3,jpeg -> blur -> resize,jpeg(quality=70) -> blur(sigma=0.5) -> resize(scale=0.5),"[{""order"":1,""transform"":""jpeg"",""parameter_name"":""quality"",""parameter_value"":70},{""order"":2,""transform"":""blur"",""parameter_name"":""sigma"",""parameter_value"":0.5},{""order"":3,""transform"":""resize"",""parameter_name"":""scale"",""parameter_value"":0.5}]",True,True,True,False,False,False,0.578194260597229,1,True,Random standard-3 robustness evaluation — Old SID B - SID-only robustness training vs New Mixed B - SID and CIFAKE robustness training,-0.20144972205162048,True,False,false_negative,New Mixed B - SID and CIFAKE robustness training,efficientnet_b0
mixed_sid_cifake_b,9159a9d4ceb7fccd3eee24c3ddf9600c79c8abf1444cb0646b93ac66fd3b5c44,FAKE/img_10570.jpg,FAKE/img_10570.jpg,SID_Set,,FLUX,1,random_standard_3,,46,0.28486132621765137,0,False,1.4200184687496176,SID_Set,5,46,random_standard_3,3,colour -> jpeg -> noise,colour(strength=-0.2) -> jpeg(quality=30) -> noise(sigma=0.1),"[{""order"":1,""transform"":""colour"",""parameter_name"":""strength"",""parameter_value"":-0.2},{""order"":2,""transform"":""jpeg"",""parameter_name"":""quality"",""parameter_value"":30},{""order"":3,""transform"":""noise"",""parameter_name"":""sigma"",""parameter_value"":0.1}]",True,False,False,True,True,False,0.9825201630592346,1,True,Random standard-3 robustness evaluation — Old SID B - SID-only robustness training vs New Mixed B - SID and CIFAKE robustness training,-0.6976588368415833,True,False,false_negative,New Mixed B - SID and CIFAKE robustness training,efficientnet_b0
mixed_sid_cifake_b,9159a9d4ceb7fccd3eee24c3ddf9600c79c8abf1444cb0646b93ac66fd3b5c44,FAKE/img_12460.jpg,FAKE/img_12460.jpg,SID_Set,,FLUX,1,random_standard_3,,46,0.43910276889801025,0,False,1.4873509687589603,SID_Set,5,46,random_standard_3,3,noise -> resize -> crop,noise(sigma=0.1) -> resize(scale=0.5) -> crop(fraction=0.8),"[{""order"":1,""transform"":""noise"",""parameter_name"":""sigma"",""parameter_value"":0.1},{""order"":2,""transform"":""resize"",""parameter_name"":""scale"",""parameter_value"":0.5},{""order"":3,""transform"":""crop"",""parameter_name"":""fraction"",""parameter_value"":0.8}]",False,False,True,True,False,True,0.9764362573623657,1,True,Random standard-3 robustness evaluation — Old SID B - SID-only robustness training vs New Mixed B - SID and CIFAKE robustness training,-0.5373334884643555,True,False,false_negative,New Mixed B - SID and CIFAKE robustness training,efficientnet_b0
mixed_sid_cifake_b,9159a9d4ceb7fccd3eee24c3ddf9600c79c8abf1444cb0646b93ac66fd3b5c44,FAKE/img_9233.jpg,FAKE/img_9233.jpg,SID_Set,,FLUX,1,random_standard_3,,46,0.24615971744060516,0,False,1.419392828125865,SID_Set,5,46,random_standard_3,3,jpeg -> noise -> crop,jpeg(quality=90) -> noise(sigma=0.02) -> crop(fraction=0.8),"[{""order"":1,""transform"":""jpeg"",""parameter_name"":""quality"",""parameter_value"":90},{""order"":2,""transform"":""noise"",""parameter_name"":""sigma"",""parameter_value"":0.02},{""order"":3,""transform"":""crop"",""parameter_name"":""fraction"",""parameter_value"":0.8}]",True,False,False,True,False,True,0.9716418981552124,1,True,Random standard-3 robustness evaluation — Old SID B - SID-only robustness training vs New Mixed B - SID and CIFAKE robustness training,-0.7254821807146072,True,False,false_negative,New Mixed B - SID and CIFAKE robustness training,efficientnet_b0
mixed_sid_cifake_b,9159a9d4ceb7fccd3eee24c3ddf9600c79c8abf1444cb0646b93ac66fd3b5c44,REAL/img_10048.jpg,REAL/img_10048.jpg,SID_Set,,FLUX,0,random_standard_3,,46,0.9425622820854187,1,False,1.419392828125865,SID_Set,5,46,random_standard_3,3,crop -> resize -> jpeg,crop(fraction=0.8) -> resize(scale=0.25) -> jpeg(quality=70),"[{""order"":1,""transform"":""crop"",""parameter_name"":""fraction"",""parameter_value"":0.8},{""order"":2,""transform"":""resize"",""parameter_name"":""scale"",""parameter_value"":0.25},{""order"":3,""transform"":""jpeg"",""parameter_name"":""quality"",""parameter_value"":70}]",True,False,True,False,False,True,0.9853718876838684,1,False,Random standard-3 robustness evaluation — Old SID B - SID-only robustness training vs New Mixed B - SID and CIFAKE robustness training,-0.04280960559844971,False,False,false_positive,New Mixed B - SID and CIFAKE robustness training,efficientnet_b0
mixed_sid_cifake_b,9159a9d4ceb7fccd3eee24c3ddf9600c79c8abf1444cb0646b93ac66fd3b5c44,FAKE/img_10170.jpg,FAKE/img_10170.jpg,SID_Set,,FLUX,1,random_standard_3,,46,0.4779963195323944,0,False,1.4200807500088786,SID_Set,5,46,random_standard_3,3,noise -> jpeg -> crop,noise(sigma=0.1) -> jpeg(quality=70) -> crop(fraction=0.8),"[{""order"":1,""transform"":""noise"",""parameter_name"":""sigma"",""parameter_value"":0.1},{""order"":2,""transform"":""jpeg"",""parameter_name"":""quality"",""parameter_value"":70},{""order"":3,""transform"":""crop"",""parameter_name"":""fraction"",""parameter_value"":0.8}]",True,False,False,True,False,True,0.9957494735717773,1,True,Random standard-3 robustness evaluation — Old SID B - SID-only robustness training vs New Mixed B - SID and CIFAKE robustness training,-0.5177531540393829,True,False,false_negative,New Mixed B - SID and CIFAKE robustness training,efficientnet_b0
mixed_sid_cifake_b,9159a9d4ceb7fccd3eee24c3ddf9600c79c8abf1444cb0646b93ac66fd3b5c44,FAKE/img_11999.jpg,FAKE/img_11999.jpg,SID_Set,,FLUX,1,random_standard_3,,46,0.45125293731689453,0,False,1.4200807500088786,SID_Set,5,46,random_standard_3,3,noise -> colour -> crop,noise(sigma=0.1) -> colour(strength=0.2) -> crop(fraction=0.8),"[{""order"":1,""transform"":""noise"",""parameter_name"":""sigma"",""parameter_value"":0.1},{""order"":2,""transform"":""colour"",""parameter_name"":""strength"",""parameter_value"":0.2},{""order"":3,""transform"":""crop"",""parameter_name"":""fraction"",""parameter_value"":0.8}]",False,False,False,True,True,True,1.0,1,True,Random standard-3 robustness evaluation — Old SID B - SID-only robustness training vs New Mixed B - SID and CIFAKE robustness training,-0.5487470626831055,True,False,false_negative,New Mixed B - SID and CIFAKE robustness training,efficientnet_b0
mixed_sid_cifake_b,9159a9d4ceb7fccd3eee24c3ddf9600c79c8abf1444cb0646b93ac66fd3b5c44,REAL/img_8599.jpg,REAL/img_8599.jpg,SID_Set,,FLUX,0,random_standard_3,,46,0.7921285629272461,1,False,1.4545318437484411,SID_Set,5,46,random_standard_3,3,crop -> noise -> blur,crop(fraction=0.8) -> noise(sigma=0.02) -> blur(sigma=1.0),"[{""order"":1,""transform"":""crop"",""parameter_name"":""fraction"",""parameter_value"":0.8},{""order"":2,""transform"":""noise"",""parameter_name"":""sigma"",""parameter_value"":0.02},{""order"":3,""transform"":""blur"",""parameter_name"":""sigma"",""parameter_value"":1.0}]",False,True,False,True,False,True,0.7634474039077759,1,False,Random standard-3 robustness evaluation — Old SID B - SID-only robustness training vs New Mixed B - SID and CIFAKE robustness training,0.028681159019470215,False,False,false_positive,New Mixed B - SID and CIFAKE robustness training,efficientnet_b0
mixed_sid_cifake_b,9159a9d4ceb7fccd3eee24c3ddf9600c79c8abf1444cb0646b93ac66fd3b5c44,REAL/img_2145.jpg,REAL/img_2145.jpg,SID_Set,,FLUX,0,random_standard_3,,46,0.6889904737472534,1,False,1.4545318437484411,SID_Set,5,46,random_standard_3,3,resize -> blur -> noise,resize(scale=0.25) -> blur(sigma=1.0) -> noise(sigma=0.1),"[{""order"":1,""transform"":""resize"",""parameter_name"":""scale"",""parameter_value"":0.25},{""order"":2,""transform"":""blur"",""parameter_name"":""sigma"",""parameter_value"":1.0},{""order"":3,""transform"":""noise"",""parameter_name"":""sigma"",""parameter_value"":0.1}]",False,True,True,True,False,False,0.7396129965782166,1,False,Random standard-3 robustness evaluation — Old SID B - SID-only robustness training vs New Mixed B - SID and CIFAKE robustness training,-0.050622522830963135,False,False,false_positive,New Mixed B - SID and CIFAKE robustness training,efficientnet_b0
mixed_sid_cifake_b,9159a9d4ceb7fccd3eee24c3ddf9600c79c8abf1444cb0646b93ac66fd3b5c44,FAKE/img_1361.jpg,FAKE/img_1361.jpg,SID_Set,,FLUX,1,random_standard_3,,46,0.3190343379974365,0,False,1.4352487031317196,SID_Set,5,46,random_standard_3,3,crop -> blur -> jpeg,crop(fraction=0.8) -> blur(sigma=0.5) -> jpeg(quality=50),"[{""order"":1,""transform"":""crop"",""parameter_name"":""fraction"",""parameter_value"":0.8},{""order"":2,""transform"":""blur"",""parameter_name"":""sigma"",""parameter_value"":0.5},{""order"":3,""transform"":""jpeg"",""parameter_name"":""quality"",""parameter_value"":50}]",True,True,False,False,False,True,0.9982099533081055,1,True,Random standard-3 robustness evaluation — Old SID B - SID-only robustness training vs New Mixed B - SID and CIFAKE robustness training,-0.679175615310669,True,False,false_negative,New Mixed B - SID and CIFAKE robustness training,efficientnet_b0
mixed_sid_cifake_b,9159a9d4ceb7fccd3eee24c3ddf9600c79c8abf1444cb0646b93ac66fd3b5c44,FAKE/img_14799.jpg,FAKE/img_14799.jpg,SID_Set,,FLUX,1,random_standard_3,,46,0.27309131622314453,0,False,1.4352487031317196,SID_Set,5,46,random_standard_3,3,resize -> noise -> blur,resize(scale=0.25) -> noise(sigma=0.1) -> blur(sigma=1.0),"[{""order"":1,""transform"":""resize"",""parameter_name"":""scale"",""parameter_value"":0.25},{""order"":2,""transform"":""noise"",""parameter_name"":""sigma"",""parameter_value"":0.1},{""order"":3,""transform"":""blur"",""parameter_name"":""sigma"",""parameter_value"":1.0}]",False,True,True,True,False,False,0.9936845898628235,1,True,Random standard-3 robustness evaluation — Old SID B - SID-only robustness training vs New Mixed B - SID and CIFAKE robustness training,-0.720593273639679,True,False,false_negative,New Mixed B - SID and CIFAKE robustness training,efficientnet_b0
mixed_sid_cifake_b,9159a9d4ceb7fccd3eee24c3ddf9600c79c8abf1444cb0646b93ac66fd3b5c44,FAKE/img_12.jpg,FAKE/img_12.jpg,SID_Set,,FLUX,1,random_standard_3,,46,0.38769614696502686,0,False,1.4352487031317196,SID_Set,5,46,random_standard_3,3,colour -> noise -> resize,colour(strength=-0.2) -> noise(sigma=0.05) -> resize(scale=0.5),"[{""order"":1,""transform"":""colour"",""parameter_name"":""strength"",""parameter_value"":-0.2},{""order"":2,""transform"":""noise"",""parameter_name"":""sigma"",""parameter_value"":0.05},{""order"":3,""transform"":""resize"",""parameter_name"":""scale"",""parameter_value"":0.5}]",False,False,True,True,True,False,0.9976131916046143,1,True,Random standard-3 robustness evaluation — Old SID B - SID-only robustness training vs New Mixed B - SID and CIFAKE robustness training,-0.6099170446395874,True,False,false_negative,New Mixed B - SID and CIFAKE robustness training,efficientnet_b0
mixed_sid_cifake_b,9159a9d4ceb7fccd3eee24c3ddf9600c79c8abf1444cb0646b93ac66fd3b5c44,FAKE/img_479.jpg,FAKE/img_479.jpg,SID_Set,,FLUX,1,random_standard_3,,46,0.36947065591812134,0,False,1.4352487031317196,SID_Set,5,46,random_standard_3,3,crop -> jpeg -> resize,crop(fraction=0.8) -> jpeg(quality=30) -> resize(scale=0.25),"[{""order"":1,""transform"":""crop"",""parameter_name"":""fraction"",""parameter_value"":0.8},{""order"":2,""transform"":""jpeg"",""parameter_name"":""quality"",""parameter_value"":30},{""order"":3,""transform"":""resize"",""parameter_name"":""scale"",""parameter_value"":0.25}]",True,False,True,False,False,True,0.4102001488208771,0,False,Random standard-3 robustness evaluation — Old SID B - SID-only robustness training vs New Mixed B - SID and CIFAKE robustness training,-0.04072949290275574,False,False,false_negative,New Mixed B - SID and CIFAKE robustness training,efficientnet_b0
mixed_sid_cifake_b,9159a9d4ceb7fccd3eee24c3ddf9600c79c8abf1444cb0646b93ac66fd3b5c44,FAKE/img_447.jpg,FAKE/img_447.jpg,SID_Set,,FLUX,1,random_standard_3,,46,0.2869572937488556,0,False,1.4195379843755518,SID_Set,5,46,random_standard_3,3,noise -> blur -> crop,noise(sigma=0.1) -> blur(sigma=2.0) -> crop(fraction=0.8),"[{""order"":1,""transform"":""noise"",""parameter_name"":""sigma"",""parameter_value"":0.1},{""order"":2,""transform"":""blur"",""parameter_name"":""sigma"",""parameter_value"":2.0},{""order"":3,""transform"":""crop"",""parameter_name"":""fraction"",""parameter_value"":0.8}]",False,True,False,True,False,True,1.0,1,True,Random standard-3 robustness evaluation — Old SID B - SID-only robustness training vs New Mixed B - SID and CIFAKE robustness training,-0.7130427062511444,True,False,false_negative,New Mixed B - SID and CIFAKE robustness training,efficientnet_b0
mixed_sid_cifake_b,9159a9d4ceb7fccd3eee24c3ddf9600c79c8abf1444cb0646b93ac66fd3b5c44,FAKE/img_1717.jpg,FAKE/img_1717.jpg,SID_Set,,FLUX,1,random_standard_3,,46,0.41555947065353394,0,False,1.4197774218729364,SID_Set,5,46,random_standard_3,3,blur -> colour -> crop,blur(sigma=0.5) -> colour(strength=0.2) -> crop(fraction=0.8),"[{""order"":1,""transform"":""blur"",""parameter_name"":""sigma"",""parameter_value"":0.5},{""order"":2,""transform"":""colour"",""parameter_name"":""strength"",""parameter_value"":0.2},{""order"":3,""transform"":""crop"",""parameter_name"":""fraction"",""parameter_value"":0.8}]",False,True,False,False,True,True,0.8339476585388184,1,True,Random standard-3 robustness evaluation — Old SID B - SID-only robustness training vs New Mixed B - SID and CIFAKE robustness training,-0.4183881878852844,True,False,false_negative,New Mixed B - SID and CIFAKE robustness training,efficientnet_b0
mixed_sid_cifake_b,9159a9d4ceb7fccd3eee24c3ddf9600c79c8abf1444cb0646b93ac66fd3b5c44,REAL/img_5809.jpg,REAL/img_5809.jpg,SID_Set,,FLUX,0,random_standard_3,,46,1.0,1,False,1.4411080156264688,SID_Set,5,46,random_standard_3,3,noise -> blur -> colour,noise(sigma=0.1) -> blur(sigma=0.5) -> colour(strength=0.2),"[{""order"":1,""transform"":""noise"",""parameter_name"":""sigma"",""parameter_value"":0.1},{""order"":2,""transform"":""blur"",""parameter_name"":""sigma"",""parameter_value"":0.5},{""order"":3,""transform"":""colour"",""parameter_name"":""strength"",""parameter_value"":0.2}]",False,True,False,True,True,False,7.198407842023968e-11,0,True,Random standard-3 robustness evaluation — Old SID B - SID-only robustness training vs New Mixed B - SID and CIFAKE robustness training,0.9999999999280159,True,False,false_positive,New Mixed B - SID and CIFAKE robustness training,efficientnet_b0
mixed_sid_cifake_b,9159a9d4ceb7fccd3eee24c3ddf9600c79c8abf1444cb0646b93ac66fd3b5c44,REAL/img_8684.jpg,REAL/img_8684.jpg,SID_Set,,FLUX,0,random_standard_3,,46,0.5518000721931458,1,False,1.3522804687511325,SID_Set,5,46,random_standard_3,3,jpeg -> blur -> colour,jpeg(quality=70) -> blur(sigma=0.5) -> colour(strength=-0.2),"[{""order"":1,""transform"":""jpeg"",""parameter_name"":""quality"",""parameter_value"":70},{""order"":2,""transform"":""blur"",""parameter_name"":""sigma"",""parameter_value"":0.5},{""order"":3,""transform"":""colour"",""parameter_name"":""strength"",""parameter_value"":-0.2}]",True,True,False,False,True,False,0.6032043099403381,1,False,Random standard-3 robustness evaluation — Old SID B - SID-only robustness training vs New Mixed B - SID and CIFAKE robustness training,-0.05140423774719238,False,False,false_positive,New Mixed B - SID and CIFAKE robustness training,efficientnet_b0
mixed_sid_cifake_b,9159a9d4ceb7fccd3eee24c3ddf9600c79c8abf1444cb0646b93ac66fd3b5c44,REAL/img_3867.jpg,REAL/img_3867.jpg,SID_Set,,FLUX,0,random_standard_3,,46,0.7588295936584473,1,False,1.4369886562519696,SID_Set,5,46,random_standard_3,3,resize -> colour -> noise,resize(scale=0.25) -> colour(strength=-0.2) -> noise(sigma=0.1),"[{""order"":1,""transform"":""resize"",""parameter_name"":""scale"",""parameter_value"":0.25},{""order"":2,""transform"":""colour"",""parameter_name"":""strength"",""parameter_value"":-0.2},{""order"":3,""transform"":""noise"",""parameter_name"":""sigma"",""parameter_value"":0.1}]",False,False,True,True,True,False,0.1524403840303421,0,True,Random standard-3 robustness evaluation — Old SID B - SID-only robustness training vs New Mixed B - SID and CIFAKE robustness training,0.6063892096281052,True,False,false_positive,New Mixed B - SID and CIFAKE robustness training,efficientnet_b0
mixed_sid_cifake_b,9159a9d4ceb7fccd3eee24c3ddf9600c79c8abf1444cb0646b93ac66fd3b5c44,FAKE/img_2715.jpg,FAKE/img_2715.jpg,SID_Set,,FLUX,1,random_standard_3,,46,0.2344372719526291,0,False,1.4369886562519696,SID_Set,5,46,random_standard_3,3,crop -> noise -> jpeg,crop(fraction=0.8) -> noise(sigma=0.1) -> jpeg(quality=90),"[{""order"":1,""transform"":""crop"",""parameter_name"":""fraction"",""parameter_value"":0.8},{""order"":2,""transform"":""noise"",""parameter_name"":""sigma"",""parameter_value"":0.1},{""order"":3,""transform"":""jpeg"",""parameter_name"":""quality"",""parameter_value"":90}]",True,False,False,True,False,True,0.9600524306297302,1,True,Random standard-3 robustness evaluation — Old SID B - SID-only robustness training vs New Mixed B - SID and CIFAKE robustness training,-0.7256151586771011,True,False,false_negative,New Mixed B - SID and CIFAKE robustness training,efficientnet_b0
mixed_sid_cifake_b,9159a9d4ceb7fccd3eee24c3ddf9600c79c8abf1444cb0646b93ac66fd3b5c44,FAKE/img_15462.jpg,FAKE/img_15462.jpg,SID_Set,,FLUX,1,random_standard_3,,46,0.30738192796707153,0,False,1.4369886562519696,SID_Set,5,46,random_standard_3,3,colour -> noise -> blur,colour(strength=-0.2) -> noise(sigma=0.1) -> blur(sigma=2.0),"[{""order"":1,""transform"":""colour"",""parameter_name"":""strength"",""parameter_value"":-0.2},{""order"":2,""transform"":""noise"",""parameter_name"":""sigma"",""parameter_value"":0.1},{""order"":3,""transform"":""blur"",""parameter_name"":""sigma"",""parameter_value"":2.0}]",False,True,False,True,True,False,0.9998366832733154,1,True,Random standard-3 robustness evaluation — Old SID B - SID-only robustness training vs New Mixed B - SID and CIFAKE robustness training,-0.6924547553062439,True,False,false_negative,New Mixed B - SID and CIFAKE robustness training,efficientnet_b0
mixed_sid_cifake_b,9159a9d4ceb7fccd3eee24c3ddf9600c79c8abf1444cb0646b93ac66fd3b5c44,REAL/img_13926.jpg,REAL/img_13926.jpg,SID_Set,,FLUX,0,random_standard_3,,46,0.7033491730690002,1,False,1.431158734376936,SID_Set,5,46,random_standard_3,3,resize -> noise -> jpeg,resize(scale=0.25) -> noise(sigma=0.05) -> jpeg(quality=50),"[{""order"":1,""transform"":""resize"",""parameter_name"":""scale"",""parameter_value"":0.25},{""order"":2,""transform"":""noise"",""parameter_name"":""sigma"",""parameter_value"":0.05},{""order"":3,""transform"":""jpeg"",""parameter_name"":""quality"",""parameter_value"":50}]",True,False,True,True,False,False,0.36554139852523804,0,True,Random standard-3 robustness evaluation — Old SID B - SID-only robustness training vs New Mixed B - SID and CIFAKE robustness training,0.3378077745437622,True,False,false_positive,New Mixed B - SID and CIFAKE robustness training,efficientnet_b0
mixed_sid_cifake_b,9159a9d4ceb7fccd3eee24c3ddf9600c79c8abf1444cb0646b93ac66fd3b5c44,FAKE/img_15485.jpg,FAKE/img_15485.jpg,SID_Set,,FLUX,1,random_standard_3,,46,0.04998985677957535,0,False,1.431158734376936,SID_Set,5,46,random_standard_3,3,blur -> colour -> jpeg,blur(sigma=2.0) -> colour(strength=0.2) -> jpeg(quality=50),"[{""order"":1,""transform"":""blur"",""parameter_name"":""sigma"",""parameter_value"":2.0},{""order"":2,""transform"":""colour"",""parameter_name"":""strength"",""parameter_value"":0.2},{""order"":3,""transform"":""jpeg"",""parameter_name"":""quality"",""parameter_value"":50}]",True,True,False,False,True,False,0.15037019550800323,0,False,Random standard-3 robustness evaluation — Old SID B - SID-only robustness training vs New Mixed B - SID and CIFAKE robustness training,-0.10038033872842789,False,False,false_negative,New Mixed B - SID and CIFAKE robustness training,efficientnet_b0
