evaluation_title,dataset_id,random_policy,breakdown_type,breakdown_value,model_id,model_title,num_trials_represented,num_samples,threshold,true_negatives,false_positives,false_negatives,true_positives,accuracy,balanced_accuracy,precision,recall,f1,auroc,auprc,false_positive_rate,false_negative_rate,brier_score
Random standard-3 robustness evaluation — Old SID B - SID-only robustness training vs New Mixed B - SID and CIFAKE robustness training,SID_Set,random_standard_3,ordered_chain_pattern,blur -> colour -> crop,mixed_sid_cifake_b,New Mixed B - SID and CIFAKE robustness training,5,207,0.5,100,0,3,104,0.9855072463768116,0.985981308411215,1.0,0.9719626168224299,0.985781990521327,0.9998130841121495,0.9998285175340822,0.0,0.028037383177570093,0.008703688042877411
Random standard-3 robustness evaluation — Old SID B - SID-only robustness training vs New Mixed B - SID and CIFAKE robustness training,SID_Set,random_standard_3,ordered_chain_pattern,blur -> colour -> jpeg,mixed_sid_cifake_b,New Mixed B - SID and CIFAKE robustness training,5,270,0.5,140,1,3,126,0.9851851851851852,0.9848259937324757,0.9921259842519685,0.9767441860465116,0.984375,0.9993402605970642,0.9992654417368407,0.0070921985815602835,0.023255813953488372,0.012256728504957182
Random standard-3 robustness evaluation — Old SID B - SID-only robustness training vs New Mixed B - SID and CIFAKE robustness training,SID_Set,random_standard_3,ordered_chain_pattern,blur -> colour -> noise,mixed_sid_cifake_b,New Mixed B - SID and CIFAKE robustness training,5,192,0.5,98,0,0,94,1.0,1.0,1.0,1.0,1.0,1.0,1.0,0.0,0.0,0.003452014050653757
Random standard-3 robustness evaluation — Old SID B - SID-only robustness training vs New Mixed B - SID and CIFAKE robustness training,SID_Set,random_standard_3,ordered_chain_pattern,blur -> colour -> resize,mixed_sid_cifake_b,New Mixed B - SID and CIFAKE robustness training,5,179,0.5,92,4,1,82,0.9720670391061452,0.9731425702811245,0.9534883720930233,0.9879518072289156,0.9704142011834319,0.9979919678714859,0.9979432435624851,0.041666666666666664,0.012048192771084338,0.01515309990634728
Random standard-3 robustness evaluation — Old SID B - SID-only robustness training vs New Mixed B - SID and CIFAKE robustness training,SID_Set,random_standard_3,ordered_chain_pattern,blur -> crop -> colour,mixed_sid_cifake_b,New Mixed B - SID and CIFAKE robustness training,5,228,0.5,111,0,5,112,0.9780701754385965,0.9786324786324787,1.0,0.9572649572649573,0.9781659388646288,0.9999229999229999,0.9999275677241779,0.0,0.042735042735042736,0.012078850006267468
Random standard-3 robustness evaluation — Old SID B - SID-only robustness training vs New Mixed B - SID and CIFAKE robustness training,SID_Set,random_standard_3,ordered_chain_pattern,blur -> crop -> jpeg,mixed_sid_cifake_b,New Mixed B - SID and CIFAKE robustness training,5,185,0.5,85,1,3,96,0.9783783783783784,0.9790345313601128,0.9896907216494846,0.9696969696969697,0.9795918367346939,0.998825463941743,0.9990135735643837,0.011627906976744186,0.030303030303030304,0.013656123545899256
Random standard-3 robustness evaluation — Old SID B - SID-only robustness training vs New Mixed B - SID and CIFAKE robustness training,SID_Set,random_standard_3,ordered_chain_pattern,blur -> crop -> noise,mixed_sid_cifake_b,New Mixed B - SID and CIFAKE robustness training,5,225,0.5,125,3,1,96,0.9822222222222222,0.9831266108247423,0.9696969696969697,0.9896907216494846,0.9795918367346939,0.9993556701030928,0.9991890660778375,0.0234375,0.010309278350515464,0.010070020475414072
Random standard-3 robustness evaluation — Old SID B - SID-only robustness training vs New Mixed B - SID and CIFAKE robustness training,SID_Set,random_standard_3,ordered_chain_pattern,blur -> crop -> resize,mixed_sid_cifake_b,New Mixed B - SID and CIFAKE robustness training,5,195,0.5,91,0,0,104,1.0,1.0,1.0,1.0,1.0,1.0,1.0,0.0,0.0,0.0025169703188102736
Random standard-3 robustness evaluation — Old SID B - SID-only robustness training vs New Mixed B - SID and CIFAKE robustness training,SID_Set,random_standard_3,ordered_chain_pattern,blur -> jpeg -> colour,mixed_sid_cifake_b,New Mixed B - SID and CIFAKE robustness training,5,205,0.5,90,0,1,114,0.9951219512195122,0.9956521739130435,1.0,0.991304347826087,0.9956331877729258,0.9999033816425121,0.9999250374812593,0.0,0.008695652173913044,0.004221828602123324
Random standard-3 robustness evaluation — Old SID B - SID-only robustness training vs New Mixed B - SID and CIFAKE robustness training,SID_Set,random_standard_3,ordered_chain_pattern,blur -> jpeg -> crop,mixed_sid_cifake_b,New Mixed B - SID and CIFAKE robustness training,5,218,0.5,114,1,3,100,0.981651376146789,0.981089067116927,0.9900990099009901,0.970873786407767,0.9803921568627451,0.9956943858168004,0.9935000516838741,0.008695652173913044,0.02912621359223301,0.011098469690750193
Random standard-3 robustness evaluation — Old SID B - SID-only robustness training vs New Mixed B - SID and CIFAKE robustness training,SID_Set,random_standard_3,ordered_chain_pattern,blur -> jpeg -> noise,mixed_sid_cifake_b,New Mixed B - SID and CIFAKE robustness training,5,212,0.5,109,0,0,103,1.0,1.0,1.0,1.0,1.0,1.0,0.9999999999999999,0.0,0.0,0.0017260648576479273
Random standard-3 robustness evaluation — Old SID B - SID-only robustness training vs New Mixed B - SID and CIFAKE robustness training,SID_Set,random_standard_3,ordered_chain_pattern,blur -> jpeg -> resize,mixed_sid_cifake_b,New Mixed B - SID and CIFAKE robustness training,5,202,0.5,100,0,3,99,0.9851485148514851,0.9852941176470589,1.0,0.9705882352941176,0.9850746268656716,0.9998039215686274,0.9998086994173263,0.0,0.029411764705882353,0.008903032671616257
Random standard-3 robustness evaluation — Old SID B - SID-only robustness training vs New Mixed B - SID and CIFAKE robustness training,SID_Set,random_standard_3,ordered_chain_pattern,blur -> noise -> colour,mixed_sid_cifake_b,New Mixed B - SID and CIFAKE robustness training,5,216,0.5,95,1,2,118,0.9861111111111112,0.9864583333333333,0.9915966386554622,0.9833333333333333,0.9874476987447699,0.996267361111111,0.9975025389107856,0.010416666666666666,0.016666666666666666,0.013844197931938
Random standard-3 robustness evaluation — Old SID B - SID-only robustness training vs New Mixed B - SID and CIFAKE robustness training,SID_Set,random_standard_3,ordered_chain_pattern,blur -> noise -> crop,mixed_sid_cifake_b,New Mixed B - SID and CIFAKE robustness training,5,203,0.5,109,2,1,91,0.9852216748768473,0.9855562083822953,0.978494623655914,0.9891304347826086,0.9837837837837838,0.9876126126126127,0.9657857790782074,0.018018018018018018,0.010869565217391304,0.015549981715360069
Random standard-3 robustness evaluation — Old SID B - SID-only robustness training vs New Mixed B - SID and CIFAKE robustness training,SID_Set,random_standard_3,ordered_chain_pattern,blur -> noise -> jpeg,mixed_sid_cifake_b,New Mixed B - SID and CIFAKE robustness training,5,195,0.5,100,0,3,92,0.9846153846153847,0.9842105263157894,1.0,0.968421052631579,0.983957219251337,0.9994736842105263,0.9994516822325612,0.0,0.031578947368421054,0.011096484369768707
Random standard-3 robustness evaluation — Old SID B - SID-only robustness training vs New Mixed B - SID and CIFAKE robustness training,SID_Set,random_standard_3,ordered_chain_pattern,blur -> noise -> resize,mixed_sid_cifake_b,New Mixed B - SID and CIFAKE robustness training,5,219,0.5,112,0,2,105,0.9908675799086758,0.9906542056074766,1.0,0.9813084112149533,0.9905660377358491,1.0,1.0,0.0,0.018691588785046728,0.005574234559814217
Random standard-3 robustness evaluation — Old SID B - SID-only robustness training vs New Mixed B - SID and CIFAKE robustness training,SID_Set,random_standard_3,ordered_chain_pattern,blur -> resize -> colour,mixed_sid_cifake_b,New Mixed B - SID and CIFAKE robustness training,5,217,0.5,100,1,0,116,0.9953917050691244,0.995049504950495,0.9914529914529915,1.0,0.9957081545064378,0.99965858654831,0.9997014199982701,0.009900990099009901,0.0,0.004915982344171446
Random standard-3 robustness evaluation — Old SID B - SID-only robustness training vs New Mixed B - SID and CIFAKE robustness training,SID_Set,random_standard_3,ordered_chain_pattern,blur -> resize -> crop,mixed_sid_cifake_b,New Mixed B - SID and CIFAKE robustness training,5,189,0.5,95,1,0,93,0.9947089947089947,0.9947916666666667,0.9893617021276596,1.0,0.9946524064171123,0.9940636200716846,0.9911707500249288,0.010416666666666666,0.0,0.007925246431050833
Random standard-3 robustness evaluation — Old SID B - SID-only robustness training vs New Mixed B - SID and CIFAKE robustness training,SID_Set,random_standard_3,ordered_chain_pattern,blur -> resize -> jpeg,mixed_sid_cifake_b,New Mixed B - SID and CIFAKE robustness training,5,232,0.5,112,2,0,118,0.9913793103448276,0.9912280701754386,0.9833333333333333,1.0,0.9915966386554622,0.9953166815343443,0.9938808849201131,0.017543859649122806,0.0,0.009775119589048574
Random standard-3 robustness evaluation — Old SID B - SID-only robustness training vs New Mixed B - SID and CIFAKE robustness training,SID_Set,random_standard_3,ordered_chain_pattern,blur -> resize -> noise,mixed_sid_cifake_b,New Mixed B - SID and CIFAKE robustness training,5,228,0.5,126,3,5,94,0.9649122807017544,0.9631195677707305,0.9690721649484536,0.9494949494949495,0.9591836734693877,0.9935009004776447,0.9915520401541401,0.023255813953488372,0.050505050505050504,0.02642217892324569
Random standard-3 robustness evaluation — Old SID B - SID-only robustness training vs New Mixed B - SID and CIFAKE robustness training,SID_Set,random_standard_3,ordered_chain_pattern,colour -> blur -> crop,mixed_sid_cifake_b,New Mixed B - SID and CIFAKE robustness training,5,229,0.5,140,0,3,86,0.9868995633187773,0.9831460674157304,1.0,0.9662921348314607,0.9828571428571429,0.9997592295345104,0.9996268092468067,0.0,0.033707865168539325,0.008553220378564987
Random standard-3 robustness evaluation — Old SID B - SID-only robustness training vs New Mixed B - SID and CIFAKE robustness training,SID_Set,random_standard_3,ordered_chain_pattern,colour -> blur -> jpeg,mixed_sid_cifake_b,New Mixed B - SID and CIFAKE robustness training,5,224,0.5,133,2,3,86,0.9776785714285714,0.9757386600083229,0.9772727272727273,0.9662921348314607,0.9717514124293786,0.9973366625052018,0.9957917770752078,0.014814814814814815,0.033707865168539325,0.017190897743556095
Random standard-3 robustness evaluation — Old SID B - SID-only robustness training vs New Mixed B - SID and CIFAKE robustness training,SID_Set,random_standard_3,ordered_chain_pattern,colour -> blur -> noise,mixed_sid_cifake_b,New Mixed B - SID and CIFAKE robustness training,5,213,0.5,91,0,1,121,0.9953051643192489,0.9959016393442623,1.0,0.9918032786885246,0.9958847736625515,1.0,1.0,0.0,0.00819672131147541,0.004700072319122152
Random standard-3 robustness evaluation — Old SID B - SID-only robustness training vs New Mixed B - SID and CIFAKE robustness training,SID_Set,random_standard_3,ordered_chain_pattern,colour -> blur -> resize,mixed_sid_cifake_b,New Mixed B - SID and CIFAKE robustness training,5,208,0.5,109,0,0,99,1.0,1.0,1.0,1.0,1.0,1.0,1.0,0.0,0.0,0.0013339548275815166
Random standard-3 robustness evaluation — Old SID B - SID-only robustness training vs New Mixed B - SID and CIFAKE robustness training,SID_Set,random_standard_3,ordered_chain_pattern,colour -> crop -> blur,mixed_sid_cifake_b,New Mixed B - SID and CIFAKE robustness training,5,238,0.5,123,0,2,113,0.9915966386554622,0.991304347826087,1.0,0.9826086956521739,0.9912280701754386,0.9990809473312123,0.9990909307251135,0.0,0.017391304347826087,0.00898448031779415
Random standard-3 robustness evaluation — Old SID B - SID-only robustness training vs New Mixed B - SID and CIFAKE robustness training,SID_Set,random_standard_3,ordered_chain_pattern,colour -> crop -> jpeg,mixed_sid_cifake_b,New Mixed B - SID and CIFAKE robustness training,5,219,0.5,94,0,4,121,0.9817351598173516,0.984,1.0,0.968,0.983739837398374,0.9995744680851063,0.9996839838709679,0.0,0.032,0.01637718158970561
Random standard-3 robustness evaluation — Old SID B - SID-only robustness training vs New Mixed B - SID and CIFAKE robustness training,SID_Set,random_standard_3,ordered_chain_pattern,colour -> crop -> noise,mixed_sid_cifake_b,New Mixed B - SID and CIFAKE robustness training,5,234,0.5,121,2,7,104,0.9615384615384616,0.9603383871676554,0.9811320754716981,0.9369369369369369,0.9585253456221198,0.998168900607925,0.9979473153525125,0.016260162601626018,0.06306306306306306,0.02280750400889155
Random standard-3 robustness evaluation — Old SID B - SID-only robustness training vs New Mixed B - SID and CIFAKE robustness training,SID_Set,random_standard_3,ordered_chain_pattern,colour -> crop -> resize,mixed_sid_cifake_b,New Mixed B - SID and CIFAKE robustness training,5,233,0.5,120,2,2,109,0.9828326180257511,0.9827942696795156,0.9819819819819819,0.9819819819819819,0.9819819819819819,0.9974892925712597,0.9977068055293952,0.01639344262295082,0.018018018018018018,0.013660160498797773
Random standard-3 robustness evaluation — Old SID B - SID-only robustness training vs New Mixed B - SID and CIFAKE robustness training,SID_Set,random_standard_3,ordered_chain_pattern,colour -> jpeg -> blur,mixed_sid_cifake_b,New Mixed B - SID and CIFAKE robustness training,5,198,0.5,89,3,0,106,0.9848484848484849,0.9836956521739131,0.9724770642201835,1.0,0.986046511627907,0.9937448728465956,0.992523929586336,0.03260869565217391,0.0,0.01255639979749885
Random standard-3 robustness evaluation — Old SID B - SID-only robustness training vs New Mixed B - SID and CIFAKE robustness training,SID_Set,random_standard_3,ordered_chain_pattern,colour -> jpeg -> crop,mixed_sid_cifake_b,New Mixed B - SID and CIFAKE robustness training,5,206,0.5,98,1,3,104,0.9805825242718447,0.9809308033607099,0.9904761904761905,0.9719626168224299,0.9811320754716981,0.998772774473709,0.9988391347202926,0.010101010101010102,0.028037383177570093,0.017243466186812103
Random standard-3 robustness evaluation — Old SID B - SID-only robustness training vs New Mixed B - SID and CIFAKE robustness training,SID_Set,random_standard_3,ordered_chain_pattern,colour -> jpeg -> noise,mixed_sid_cifake_b,New Mixed B - SID and CIFAKE robustness training,5,213,0.5,101,2,3,107,0.9765258215962441,0.9766548984995587,0.981651376146789,0.9727272727272728,0.9771689497716894,0.9989408649602824,0.9990372407455901,0.019417475728155338,0.02727272727272727,0.013538384457221673
Random standard-3 robustness evaluation — Old SID B - SID-only robustness training vs New Mixed B - SID and CIFAKE robustness training,SID_Set,random_standard_3,ordered_chain_pattern,colour -> jpeg -> resize,mixed_sid_cifake_b,New Mixed B - SID and CIFAKE robustness training,5,216,0.5,102,1,1,112,0.9907407407407407,0.9907208523068992,0.9911504424778761,0.9911504424778761,0.9911504424778761,0.9987112294870694,0.9987573792177998,0.009708737864077669,0.008849557522123894,0.007708150936978747
Random standard-3 robustness evaluation — Old SID B - SID-only robustness training vs New Mixed B - SID and CIFAKE robustness training,SID_Set,random_standard_3,ordered_chain_pattern,colour -> noise -> blur,mixed_sid_cifake_b,New Mixed B - SID and CIFAKE robustness training,5,231,0.5,125,1,6,99,0.9696969696969697,0.9674603174603175,0.99,0.9428571428571428,0.9658536585365853,0.9993953136810281,0.9992705852622814,0.007936507936507936,0.05714285714285714,0.013663568157415694
Random standard-3 robustness evaluation — Old SID B - SID-only robustness training vs New Mixed B - SID and CIFAKE robustness training,SID_Set,random_standard_3,ordered_chain_pattern,colour -> noise -> crop,mixed_sid_cifake_b,New Mixed B - SID and CIFAKE robustness training,5,195,0.5,106,3,2,84,0.9743589743589743,0.9746106251333475,0.9655172413793104,0.9767441860465116,0.9710982658959537,0.998399829315127,0.9980866812586701,0.027522935779816515,0.023255813953488372,0.015884608860717814
Random standard-3 robustness evaluation — Old SID B - SID-only robustness training vs New Mixed B - SID and CIFAKE robustness training,SID_Set,random_standard_3,ordered_chain_pattern,colour -> noise -> jpeg,mixed_sid_cifake_b,New Mixed B - SID and CIFAKE robustness training,5,210,0.5,113,1,3,93,0.9809523809523809,0.9799890350877193,0.9893617021276596,0.96875,0.9789473684210527,0.9996345029239766,0.9995692588987347,0.008771929824561403,0.03125,0.008714480193894175
Random standard-3 robustness evaluation — Old SID B - SID-only robustness training vs New Mixed B - SID and CIFAKE robustness training,SID_Set,random_standard_3,ordered_chain_pattern,colour -> noise -> resize,mixed_sid_cifake_b,New Mixed B - SID and CIFAKE robustness training,5,206,0.5,100,0,2,104,0.9902912621359223,0.9905660377358491,1.0,0.9811320754716981,0.9904761904761905,1.0,1.0,0.0,0.018867924528301886,0.009903473947920826
Random standard-3 robustness evaluation — Old SID B - SID-only robustness training vs New Mixed B - SID and CIFAKE robustness training,SID_Set,random_standard_3,ordered_chain_pattern,colour -> resize -> blur,mixed_sid_cifake_b,New Mixed B - SID and CIFAKE robustness training,5,233,0.5,126,1,1,105,0.9914163090128756,0.9913460109939087,0.9905660377358491,0.9905660377358491,0.9905660377358491,0.9984400534838805,0.9979714816813621,0.007874015748031496,0.009433962264150943,0.009520898241742638
Random standard-3 robustness evaluation — Old SID B - SID-only robustness training vs New Mixed B - SID and CIFAKE robustness training,SID_Set,random_standard_3,ordered_chain_pattern,colour -> resize -> crop,mixed_sid_cifake_b,New Mixed B - SID and CIFAKE robustness training,5,206,0.5,108,0,2,96,0.9902912621359223,0.9897959183673469,1.0,0.9795918367346939,0.9896907216494846,0.9999055177626606,0.9998969284683571,0.0,0.02040816326530612,0.008039992583950327
Random standard-3 robustness evaluation — Old SID B - SID-only robustness training vs New Mixed B - SID and CIFAKE robustness training,SID_Set,random_standard_3,ordered_chain_pattern,colour -> resize -> jpeg,mixed_sid_cifake_b,New Mixed B - SID and CIFAKE robustness training,5,204,0.5,98,0,1,105,0.9950980392156863,0.9952830188679245,1.0,0.9905660377358491,0.995260663507109,0.9997112052368117,0.9997403496624545,0.0,0.009433962264150943,0.004444599358144787
Random standard-3 robustness evaluation — Old SID B - SID-only robustness training vs New Mixed B - SID and CIFAKE robustness training,SID_Set,random_standard_3,ordered_chain_pattern,colour -> resize -> noise,mixed_sid_cifake_b,New Mixed B - SID and CIFAKE robustness training,5,218,0.5,117,1,2,98,0.9862385321100917,0.9857627118644068,0.98989898989899,0.98,0.9849246231155779,0.9992372881355932,0.9991309113468143,0.00847457627118644,0.02,0.01084569377893823
Random standard-3 robustness evaluation — Old SID B - SID-only robustness training vs New Mixed B - SID and CIFAKE robustness training,SID_Set,random_standard_3,ordered_chain_pattern,crop -> blur -> colour,mixed_sid_cifake_b,New Mixed B - SID and CIFAKE robustness training,5,238,0.5,129,0,3,106,0.9873949579831933,0.9862385321100917,1.0,0.9724770642201835,0.986046511627907,0.9997866439086835,0.9997505290830768,0.0,0.027522935779816515,0.008604889883082428
Random standard-3 robustness evaluation — Old SID B - SID-only robustness training vs New Mixed B - SID and CIFAKE robustness training,SID_Set,random_standard_3,ordered_chain_pattern,crop -> blur -> jpeg,mixed_sid_cifake_b,New Mixed B - SID and CIFAKE robustness training,5,195,0.5,92,1,1,101,0.9897435897435898,0.9897216951296648,0.9901960784313726,0.9901960784313726,0.9901960784313726,0.9996837444655282,0.9997116308869439,0.010752688172043012,0.00980392156862745,0.007051253422889572
Random standard-3 robustness evaluation — Old SID B - SID-only robustness training vs New Mixed B - SID and CIFAKE robustness training,SID_Set,random_standard_3,ordered_chain_pattern,crop -> blur -> noise,mixed_sid_cifake_b,New Mixed B - SID and CIFAKE robustness training,5,228,0.5,105,0,2,121,0.9912280701754386,0.9918699186991871,1.0,0.983739837398374,0.9918032786885246,0.9997677119628339,0.999803820477229,0.0,0.016260162601626018,0.007539006515207369
Random standard-3 robustness evaluation — Old SID B - SID-only robustness training vs New Mixed B - SID and CIFAKE robustness training,SID_Set,random_standard_3,ordered_chain_pattern,crop -> blur -> resize,mixed_sid_cifake_b,New Mixed B - SID and CIFAKE robustness training,5,195,0.5,99,0,0,96,1.0,1.0,1.0,1.0,1.0,1.0,1.0,0.0,0.0,0.0012670757023718557
Random standard-3 robustness evaluation — Old SID B - SID-only robustness training vs New Mixed B - SID and CIFAKE robustness training,SID_Set,random_standard_3,ordered_chain_pattern,crop -> colour -> blur,mixed_sid_cifake_b,New Mixed B - SID and CIFAKE robustness training,5,222,0.5,123,0,1,98,0.9954954954954955,0.994949494949495,1.0,0.98989898989899,0.9949238578680203,0.9973720949330706,0.9975325776852495,0.0,0.010101010101010102,0.008286872779042833
Random standard-3 robustness evaluation — Old SID B - SID-only robustness training vs New Mixed B - SID and CIFAKE robustness training,SID_Set,random_standard_3,ordered_chain_pattern,crop -> colour -> jpeg,mixed_sid_cifake_b,New Mixed B - SID and CIFAKE robustness training,5,214,0.5,111,0,1,102,0.9953271028037384,0.9951456310679612,1.0,0.9902912621359223,0.9951219512195122,0.9998250677862328,0.9998150716597318,0.0,0.009708737864077669,0.007220178471666416
Random standard-3 robustness evaluation — Old SID B - SID-only robustness training vs New Mixed B - SID and CIFAKE robustness training,SID_Set,random_standard_3,ordered_chain_pattern,crop -> colour -> noise,mixed_sid_cifake_b,New Mixed B - SID and CIFAKE robustness training,5,233,0.5,122,3,2,106,0.9785407725321889,0.9787407407407407,0.9724770642201835,0.9814814814814815,0.9769585253456221,0.9977777777777778,0.997533855172938,0.024,0.018518518518518517,0.01598295387688146
Random standard-3 robustness evaluation — Old SID B - SID-only robustness training vs New Mixed B - SID and CIFAKE robustness training,SID_Set,random_standard_3,ordered_chain_pattern,crop -> colour -> resize,mixed_sid_cifake_b,New Mixed B - SID and CIFAKE robustness training,5,200,0.5,95,0,4,101,0.98,0.980952380952381,1.0,0.9619047619047619,0.9805825242718447,0.997593984962406,0.9980509903076275,0.0,0.0380952380952381,0.014535321440956095
Random standard-3 robustness evaluation — Old SID B - SID-only robustness training vs New Mixed B - SID and CIFAKE robustness training,SID_Set,random_standard_3,ordered_chain_pattern,crop -> jpeg -> blur,mixed_sid_cifake_b,New Mixed B - SID and CIFAKE robustness training,5,201,0.5,108,1,1,91,0.9900497512437811,0.9899780614280016,0.9891304347826086,0.9891304347826086,0.9891304347826086,0.9997008376545672,0.9996505852069341,0.009174311926605505,0.010869565217391304,0.006345179898248178
Random standard-3 robustness evaluation — Old SID B - SID-only robustness training vs New Mixed B - SID and CIFAKE robustness training,SID_Set,random_standard_3,ordered_chain_pattern,crop -> jpeg -> colour,mixed_sid_cifake_b,New Mixed B - SID and CIFAKE robustness training,5,205,0.5,102,2,1,100,0.9853658536585366,0.9854341203351105,0.9803921568627451,0.9900990099009901,0.9852216748768473,0.9995239908606245,0.9995146008033128,0.019230769230769232,0.009900990099009901,0.008186796635564188
Random standard-3 robustness evaluation — Old SID B - SID-only robustness training vs New Mixed B - SID and CIFAKE robustness training,SID_Set,random_standard_3,ordered_chain_pattern,crop -> jpeg -> noise,mixed_sid_cifake_b,New Mixed B - SID and CIFAKE robustness training,5,209,0.5,101,0,2,106,0.9904306220095693,0.9907407407407407,1.0,0.9814814814814815,0.9906542056074766,0.9988998899889989,0.999074074074074,0.0,0.018518518518518517,0.011614073438613703
Random standard-3 robustness evaluation — Old SID B - SID-only robustness training vs New Mixed B - SID and CIFAKE robustness training,SID_Set,random_standard_3,ordered_chain_pattern,crop -> jpeg -> resize,mixed_sid_cifake_b,New Mixed B - SID and CIFAKE robustness training,5,219,0.5,104,3,2,110,0.9771689497716894,0.9770527369826435,0.9734513274336283,0.9821428571428571,0.9777777777777777,0.9994993324432577,0.9995321183393266,0.028037383177570093,0.017857142857142856,0.011440439830327205
Random standard-3 robustness evaluation — Old SID B - SID-only robustness training vs New Mixed B - SID and CIFAKE robustness training,SID_Set,random_standard_3,ordered_chain_pattern,crop -> noise -> blur,mixed_sid_cifake_b,New Mixed B - SID and CIFAKE robustness training,5,222,0.5,109,1,4,108,0.9774774774774775,0.9775974025974026,0.9908256880733946,0.9642857142857143,0.9773755656108597,0.9989448051948051,0.9989685181640999,0.00909090909090909,0.03571428571428571,0.016192678294839127
Random standard-3 robustness evaluation — Old SID B - SID-only robustness training vs New Mixed B - SID and CIFAKE robustness training,SID_Set,random_standard_3,ordered_chain_pattern,crop -> noise -> colour,mixed_sid_cifake_b,New Mixed B - SID and CIFAKE robustness training,5,212,0.5,85,2,2,123,0.9811320754716981,0.9805057471264368,0.984,0.984,0.984,0.9947586206896553,0.9954921853572563,0.022988505747126436,0.016,0.014998194412551609
Random standard-3 robustness evaluation — Old SID B - SID-only robustness training vs New Mixed B - SID and CIFAKE robustness training,SID_Set,random_standard_3,ordered_chain_pattern,crop -> noise -> jpeg,mixed_sid_cifake_b,New Mixed B - SID and CIFAKE robustness training,5,167,0.5,83,1,2,81,0.9820359281437125,0.9819994262765348,0.9878048780487805,0.9759036144578314,0.9818181818181818,0.9994262765347103,0.9994296513786236,0.011904761904761904,0.024096385542168676,0.011589092840795736
Random standard-3 robustness evaluation — Old SID B - SID-only robustness training vs New Mixed B - SID and CIFAKE robustness training,SID_Set,random_standard_3,ordered_chain_pattern,crop -> noise -> resize,mixed_sid_cifake_b,New Mixed B - SID and CIFAKE robustness training,5,235,0.5,123,0,3,109,0.9872340425531915,0.9866071428571428,1.0,0.9732142857142857,0.9864253393665159,0.9978948896631823,0.9981636271529888,0.0,0.026785714285714284,0.009766356561807547
Random standard-3 robustness evaluation — Old SID B - SID-only robustness training vs New Mixed B - SID and CIFAKE robustness training,SID_Set,random_standard_3,ordered_chain_pattern,crop -> resize -> blur,mixed_sid_cifake_b,New Mixed B - SID and CIFAKE robustness training,5,216,0.5,118,1,1,96,0.9907407407407407,0.9906436801524734,0.9896907216494846,0.9896907216494846,0.9896907216494846,0.9993935718617344,0.9993061062648692,0.008403361344537815,0.010309278350515464,0.007577563586464754
Random standard-3 robustness evaluation — Old SID B - SID-only robustness training vs New Mixed B - SID and CIFAKE robustness training,SID_Set,random_standard_3,ordered_chain_pattern,crop -> resize -> colour,mixed_sid_cifake_b,New Mixed B - SID and CIFAKE robustness training,5,199,0.5,99,0,2,98,0.9899497487437185,0.99,1.0,0.98,0.98989898989899,0.9997979797979798,0.9998009900990099,0.0,0.02,0.008246162634412524
Random standard-3 robustness evaluation — Old SID B - SID-only robustness training vs New Mixed B - SID and CIFAKE robustness training,SID_Set,random_standard_3,ordered_chain_pattern,crop -> resize -> jpeg,mixed_sid_cifake_b,New Mixed B - SID and CIFAKE robustness training,5,221,0.5,119,2,0,100,0.9909502262443439,0.9917355371900827,0.9803921568627451,1.0,0.9900990099009901,0.9999173553719009,0.9999009900990099,0.01652892561983471,0.0,0.007731123462715298
Random standard-3 robustness evaluation — Old SID B - SID-only robustness training vs New Mixed B - SID and CIFAKE robustness training,SID_Set,random_standard_3,ordered_chain_pattern,crop -> resize -> noise,mixed_sid_cifake_b,New Mixed B - SID and CIFAKE robustness training,5,185,0.5,102,1,2,80,0.9837837837837838,0.9829505091167416,0.9876543209876543,0.975609756097561,0.9815950920245399,0.9968032204593891,0.9960302118507447,0.009708737864077669,0.024390243902439025,0.016228048868038285
Random standard-3 robustness evaluation — Old SID B - SID-only robustness training vs New Mixed B - SID and CIFAKE robustness training,SID_Set,random_standard_3,ordered_chain_pattern,jpeg -> blur -> colour,mixed_sid_cifake_b,New Mixed B - SID and CIFAKE robustness training,5,237,0.5,122,1,2,112,0.9873417721518988,0.987163029525032,0.9911504424778761,0.9824561403508771,0.986784140969163,0.9995007844815289,0.9994844567559249,0.008130081300813009,0.017543859649122806,0.008360150086684653
Random standard-3 robustness evaluation — Old SID B - SID-only robustness training vs New Mixed B - SID and CIFAKE robustness training,SID_Set,random_standard_3,ordered_chain_pattern,jpeg -> blur -> crop,mixed_sid_cifake_b,New Mixed B - SID and CIFAKE robustness training,5,204,0.5,110,1,2,91,0.9852941176470589,0.9847428073234525,0.9891304347826086,0.978494623655914,0.9837837837837838,0.999612515741548,0.9995448470180255,0.009009009009009009,0.021505376344086023,0.010068979978732163
Random standard-3 robustness evaluation — Old SID B - SID-only robustness training vs New Mixed B - SID and CIFAKE robustness training,SID_Set,random_standard_3,ordered_chain_pattern,jpeg -> blur -> noise,mixed_sid_cifake_b,New Mixed B - SID and CIFAKE robustness training,5,210,0.5,106,1,1,102,0.9904761904761905,0.9904727338716994,0.9902912621359223,0.9902912621359223,0.9902912621359223,0.9908810452771981,0.9736735631980833,0.009345794392523364,0.009708737864077669,0.012071190686140031
Random standard-3 robustness evaluation — Old SID B - SID-only robustness training vs New Mixed B - SID and CIFAKE robustness training,SID_Set,random_standard_3,ordered_chain_pattern,jpeg -> blur -> resize,mixed_sid_cifake_b,New Mixed B - SID and CIFAKE robustness training,5,217,0.5,104,0,2,111,0.9907834101382489,0.9911504424778761,1.0,0.9823008849557522,0.9910714285714286,1.0,1.0,0.0,0.017699115044247787,0.005266880740712627
Random standard-3 robustness evaluation — Old SID B - SID-only robustness training vs New Mixed B - SID and CIFAKE robustness training,SID_Set,random_standard_3,ordered_chain_pattern,jpeg -> colour -> blur,mixed_sid_cifake_b,New Mixed B - SID and CIFAKE robustness training,5,216,0.5,106,0,2,108,0.9907407407407407,0.990909090909091,1.0,0.9818181818181818,0.9908256880733946,0.9994854202401372,0.9995220984549048,0.0,0.01818181818181818,0.007733512722801274
Random standard-3 robustness evaluation — Old SID B - SID-only robustness training vs New Mixed B - SID and CIFAKE robustness training,SID_Set,random_standard_3,ordered_chain_pattern,jpeg -> colour -> crop,mixed_sid_cifake_b,New Mixed B - SID and CIFAKE robustness training,5,209,0.5,101,0,1,107,0.9952153110047847,0.9953703703703703,1.0,0.9907407407407407,0.9953488372093023,1.0,1.0,0.0,0.009259259259259259,0.0035390823615486077
Random standard-3 robustness evaluation — Old SID B - SID-only robustness training vs New Mixed B - SID and CIFAKE robustness training,SID_Set,random_standard_3,ordered_chain_pattern,jpeg -> colour -> noise,mixed_sid_cifake_b,New Mixed B - SID and CIFAKE robustness training,5,213,0.5,100,1,2,110,0.9859154929577465,0.9861209335219236,0.990990990990991,0.9821428571428571,0.9865470852017937,0.9996463932107497,0.9996832014277971,0.009900990099009901,0.017857142857142856,0.010669472514447444
Random standard-3 robustness evaluation — Old SID B - SID-only robustness training vs New Mixed B - SID and CIFAKE robustness training,SID_Set,random_standard_3,ordered_chain_pattern,jpeg -> colour -> resize,mixed_sid_cifake_b,New Mixed B - SID and CIFAKE robustness training,5,228,0.5,119,1,1,107,0.9912280701754386,0.9912037037037037,0.9907407407407407,0.9907407407407407,0.9907407407407407,0.998070987654321,0.9979476754659151,0.008333333333333333,0.009259259259259259,0.00927094747639731
Random standard-3 robustness evaluation — Old SID B - SID-only robustness training vs New Mixed B - SID and CIFAKE robustness training,SID_Set,random_standard_3,ordered_chain_pattern,jpeg -> crop -> blur,mixed_sid_cifake_b,New Mixed B - SID and CIFAKE robustness training,5,212,0.5,124,0,0,88,1.0,1.0,1.0,1.0,1.0,1.0,1.0,0.0,0.0,0.0028296127084174428
Random standard-3 robustness evaluation — Old SID B - SID-only robustness training vs New Mixed B - SID and CIFAKE robustness training,SID_Set,random_standard_3,ordered_chain_pattern,jpeg -> crop -> colour,mixed_sid_cifake_b,New Mixed B - SID and CIFAKE robustness training,5,226,0.5,116,1,4,105,0.9778761061946902,0.9773778718732847,0.9905660377358491,0.963302752293578,0.9767441860465116,0.9996079353877518,0.999579840517464,0.008547008547008548,0.03669724770642202,0.015016327505666718
Random standard-3 robustness evaluation — Old SID B - SID-only robustness training vs New Mixed B - SID and CIFAKE robustness training,SID_Set,random_standard_3,ordered_chain_pattern,jpeg -> crop -> noise,mixed_sid_cifake_b,New Mixed B - SID and CIFAKE robustness training,5,203,0.5,111,1,1,90,0.9901477832512315,0.9900412087912088,0.989010989010989,0.989010989010989,0.989010989010989,0.999607535321821,0.9995373048004627,0.008928571428571428,0.01098901098901099,0.009206308977911333
Random standard-3 robustness evaluation — Old SID B - SID-only robustness training vs New Mixed B - SID and CIFAKE robustness training,SID_Set,random_standard_3,ordered_chain_pattern,jpeg -> crop -> resize,mixed_sid_cifake_b,New Mixed B - SID and CIFAKE robustness training,5,191,0.5,104,0,1,86,0.9947643979057592,0.9942528735632183,1.0,0.9885057471264368,0.9942196531791907,0.9998894783377542,0.999869383490073,0.0,0.011494252873563218,0.00574768754878255
Random standard-3 robustness evaluation — Old SID B - SID-only robustness training vs New Mixed B - SID and CIFAKE robustness training,SID_Set,random_standard_3,ordered_chain_pattern,jpeg -> noise -> blur,mixed_sid_cifake_b,New Mixed B - SID and CIFAKE robustness training,5,212,0.5,102,0,1,109,0.9952830188679245,0.9954545454545455,1.0,0.990909090909091,0.9954337899543378,1.0,0.9999999999999999,0.0,0.00909090909090909,0.003807290428006891
Random standard-3 robustness evaluation — Old SID B - SID-only robustness training vs New Mixed B - SID and CIFAKE robustness training,SID_Set,random_standard_3,ordered_chain_pattern,jpeg -> noise -> colour,mixed_sid_cifake_b,New Mixed B - SID and CIFAKE robustness training,5,222,0.5,96,1,3,122,0.9819819819819819,0.9828453608247423,0.991869918699187,0.976,0.9838709677419355,0.9984329896907217,0.9988092821492099,0.010309278350515464,0.024,0.016719619443865186
Random standard-3 robustness evaluation — Old SID B - SID-only robustness training vs New Mixed B - SID and CIFAKE robustness training,SID_Set,random_standard_3,ordered_chain_pattern,jpeg -> noise -> crop,mixed_sid_cifake_b,New Mixed B - SID and CIFAKE robustness training,5,222,0.5,107,0,8,107,0.963963963963964,0.9652173913043478,1.0,0.9304347826086956,0.963963963963964,0.9996749288906949,0.9996994643557173,0.0,0.06956521739130435,0.01800372859823898
Random standard-3 robustness evaluation — Old SID B - SID-only robustness training vs New Mixed B - SID and CIFAKE robustness training,SID_Set,random_standard_3,ordered_chain_pattern,jpeg -> noise -> resize,mixed_sid_cifake_b,New Mixed B - SID and CIFAKE robustness training,5,213,0.5,108,0,0,105,1.0,1.0,1.0,1.0,1.0,1.0,1.0,0.0,0.0,0.0014719244046279224
Random standard-3 robustness evaluation — Old SID B - SID-only robustness training vs New Mixed B - SID and CIFAKE robustness training,SID_Set,random_standard_3,ordered_chain_pattern,jpeg -> resize -> blur,mixed_sid_cifake_b,New Mixed B - SID and CIFAKE robustness training,5,210,0.5,112,1,0,97,0.9952380952380953,0.995575221238938,0.9897959183673469,1.0,0.9948717948717949,0.9986315117233829,0.9982968223210469,0.008849557522123894,0.0,0.006810643354514876
Random standard-3 robustness evaluation — Old SID B - SID-only robustness training vs New Mixed B - SID and CIFAKE robustness training,SID_Set,random_standard_3,ordered_chain_pattern,jpeg -> resize -> colour,mixed_sid_cifake_b,New Mixed B - SID and CIFAKE robustness training,5,201,0.5,97,2,0,102,0.9900497512437811,0.9898989898989898,0.9807692307692307,1.0,0.9902912621359223,0.9964349376114082,0.9961877048791676,0.020202020202020204,0.0,0.01438478935401723
Random standard-3 robustness evaluation — Old SID B - SID-only robustness training vs New Mixed B - SID and CIFAKE robustness training,SID_Set,random_standard_3,ordered_chain_pattern,jpeg -> resize -> crop,mixed_sid_cifake_b,New Mixed B - SID and CIFAKE robustness training,5,213,0.5,105,0,2,106,0.9906103286384976,0.9907407407407407,1.0,0.9814814814814815,0.9906542056074766,0.9989417989417989,0.999074074074074,0.0,0.018518518518518517,0.007869730963948269
Random standard-3 robustness evaluation — Old SID B - SID-only robustness training vs New Mixed B - SID and CIFAKE robustness training,SID_Set,random_standard_3,ordered_chain_pattern,jpeg -> resize -> noise,mixed_sid_cifake_b,New Mixed B - SID and CIFAKE robustness training,5,203,0.5,107,3,2,91,0.9753694581280788,0.9756109481915933,0.9680851063829787,0.978494623655914,0.9732620320855615,0.9991202346041056,0.9989750179064354,0.02727272727272727,0.021505376344086023,0.011527723307977427
Random standard-3 robustness evaluation — Old SID B - SID-only robustness training vs New Mixed B - SID and CIFAKE robustness training,SID_Set,random_standard_3,ordered_chain_pattern,noise -> blur -> colour,mixed_sid_cifake_b,New Mixed B - SID and CIFAKE robustness training,5,184,0.5,84,2,1,97,0.9836956521739131,0.9832700522069293,0.9797979797979798,0.9897959183673469,0.9847715736040609,0.9886093972472709,0.9690031140980857,0.023255813953488372,0.01020408163265306,0.013889334090413824
Random standard-3 robustness evaluation — Old SID B - SID-only robustness training vs New Mixed B - SID and CIFAKE robustness training,SID_Set,random_standard_3,ordered_chain_pattern,noise -> blur -> crop,mixed_sid_cifake_b,New Mixed B - SID and CIFAKE robustness training,5,225,0.5,115,0,2,108,0.9911111111111112,0.990909090909091,1.0,0.9818181818181818,0.9908256880733946,0.9998418972332016,0.9998376623376624,0.0,0.01818181818181818,0.008758544706409003
Random standard-3 robustness evaluation — Old SID B - SID-only robustness training vs New Mixed B - SID and CIFAKE robustness training,SID_Set,random_standard_3,ordered_chain_pattern,noise -> blur -> jpeg,mixed_sid_cifake_b,New Mixed B - SID and CIFAKE robustness training,5,224,0.5,98,1,2,123,0.9866071428571429,0.986949494949495,0.9919354838709677,0.984,0.9879518072289156,0.9996767676767677,0.9997429511570692,0.010101010101010102,0.016,0.00997698755758848
Random standard-3 robustness evaluation — Old SID B - SID-only robustness training vs New Mixed B - SID and CIFAKE robustness training,SID_Set,random_standard_3,ordered_chain_pattern,noise -> blur -> resize,mixed_sid_cifake_b,New Mixed B - SID and CIFAKE robustness training,5,229,0.5,116,1,2,110,0.9868995633187773,0.9867979242979243,0.990990990990991,0.9821428571428571,0.9865470852017937,0.9950396825396826,0.9963541666666669,0.008547008547008548,0.017857142857142856,0.014336323441071825
Random standard-3 robustness evaluation — Old SID B - SID-only robustness training vs New Mixed B - SID and CIFAKE robustness training,SID_Set,random_standard_3,ordered_chain_pattern,noise -> colour -> blur,mixed_sid_cifake_b,New Mixed B - SID and CIFAKE robustness training,5,243,0.5,118,0,2,123,0.9917695473251029,0.992,1.0,0.984,0.9919354838709677,1.0,1.0,0.0,0.016,0.006747708593055328
Random standard-3 robustness evaluation — Old SID B - SID-only robustness training vs New Mixed B - SID and CIFAKE robustness training,SID_Set,random_standard_3,ordered_chain_pattern,noise -> colour -> crop,mixed_sid_cifake_b,New Mixed B - SID and CIFAKE robustness training,5,210,0.5,110,2,3,95,0.9761904761904762,0.9757653061224489,0.979381443298969,0.9693877551020408,0.9743589743589743,0.9940779883381924,0.9899063848160771,0.017857142857142856,0.030612244897959183,0.01586715563349837
Random standard-3 robustness evaluation — Old SID B - SID-only robustness training vs New Mixed B - SID and CIFAKE robustness training,SID_Set,random_standard_3,ordered_chain_pattern,noise -> colour -> jpeg,mixed_sid_cifake_b,New Mixed B - SID and CIFAKE robustness training,5,209,0.5,115,3,2,89,0.9760765550239234,0.9762991246042093,0.967391304347826,0.978021978021978,0.9726775956284153,0.9979512013410318,0.9975221241284952,0.025423728813559324,0.02197802197802198,0.017744651601561284
Random standard-3 robustness evaluation — Old SID B - SID-only robustness training vs New Mixed B - SID and CIFAKE robustness training,SID_Set,random_standard_3,ordered_chain_pattern,noise -> colour -> resize,mixed_sid_cifake_b,New Mixed B - SID and CIFAKE robustness training,5,208,0.5,126,1,2,79,0.9855769230769231,0.9837173131136385,0.9875,0.9753086419753086,0.9813664596273292,0.9982502187226596,0.9975109962344644,0.007874015748031496,0.024691358024691357,0.012503734658915022
Random standard-3 robustness evaluation — Old SID B - SID-only robustness training vs New Mixed B - SID and CIFAKE robustness training,SID_Set,random_standard_3,ordered_chain_pattern,noise -> crop -> blur,mixed_sid_cifake_b,New Mixed B - SID and CIFAKE robustness training,5,206,0.5,98,0,2,106,0.9902912621359223,0.9907407407407407,1.0,0.9814814814814815,0.9906542056074766,0.9995275888133032,0.9995902982628647,0.0,0.018518518518518517,0.01145642619916783
Random standard-3 robustness evaluation — Old SID B - SID-only robustness training vs New Mixed B - SID and CIFAKE robustness training,SID_Set,random_standard_3,ordered_chain_pattern,noise -> crop -> colour,mixed_sid_cifake_b,New Mixed B - SID and CIFAKE robustness training,5,178,0.5,87,3,4,84,0.9606741573033708,0.9606060606060607,0.9655172413793104,0.9545454545454546,0.96,0.9890151515151515,0.9861898836134708,0.03333333333333333,0.045454545454545456,0.03282579600415638
Random standard-3 robustness evaluation — Old SID B - SID-only robustness training vs New Mixed B - SID and CIFAKE robustness training,SID_Set,random_standard_3,ordered_chain_pattern,noise -> crop -> jpeg,mixed_sid_cifake_b,New Mixed B - SID and CIFAKE robustness training,5,193,0.5,98,0,2,93,0.9896373056994818,0.9894736842105263,1.0,0.9789473684210527,0.9893617021276596,1.0,1.0,0.0,0.021052631578947368,0.0100440083658536
Random standard-3 robustness evaluation — Old SID B - SID-only robustness training vs New Mixed B - SID and CIFAKE robustness training,SID_Set,random_standard_3,ordered_chain_pattern,noise -> crop -> resize,mixed_sid_cifake_b,New Mixed B - SID and CIFAKE robustness training,5,194,0.5,96,0,4,94,0.979381443298969,0.9795918367346939,1.0,0.9591836734693877,0.9791666666666666,1.0,1.0,0.0,0.04081632653061224,0.012001909151548775
Random standard-3 robustness evaluation — Old SID B - SID-only robustness training vs New Mixed B - SID and CIFAKE robustness training,SID_Set,random_standard_3,ordered_chain_pattern,noise -> jpeg -> blur,mixed_sid_cifake_b,New Mixed B - SID and CIFAKE robustness training,5,222,0.5,102,1,2,117,0.9864864864864865,0.9867422697234234,0.9915254237288136,0.9831932773109243,0.9873417721518988,0.9998368279350576,0.9998593555069087,0.009708737864077669,0.01680672268907563,0.005044015238160207
Random standard-3 robustness evaluation — Old SID B - SID-only robustness training vs New Mixed B - SID and CIFAKE robustness training,SID_Set,random_standard_3,ordered_chain_pattern,noise -> jpeg -> colour,mixed_sid_cifake_b,New Mixed B - SID and CIFAKE robustness training,5,227,0.5,113,0,3,111,0.986784140969163,0.986842105263158,1.0,0.9736842105263158,0.9866666666666667,0.999844744604875,0.9998467755965047,0.0,0.02631578947368421,0.010441835757478445
Random standard-3 robustness evaluation — Old SID B - SID-only robustness training vs New Mixed B - SID and CIFAKE robustness training,SID_Set,random_standard_3,ordered_chain_pattern,noise -> jpeg -> crop,mixed_sid_cifake_b,New Mixed B - SID and CIFAKE robustness training,5,210,0.5,106,2,6,96,0.9619047619047619,0.9613289760348585,0.9795918367346939,0.9411764705882353,0.96,0.9931917211328976,0.9911187939105699,0.018518518518518517,0.058823529411764705,0.026368091433152635
Random standard-3 robustness evaluation — Old SID B - SID-only robustness training vs New Mixed B - SID and CIFAKE robustness training,SID_Set,random_standard_3,ordered_chain_pattern,noise -> jpeg -> resize,mixed_sid_cifake_b,New Mixed B - SID and CIFAKE robustness training,5,205,0.5,106,0,2,97,0.9902439024390244,0.9898989898989898,1.0,0.9797979797979798,0.9897959183673469,0.9999047074518773,0.99989898989899,0.0,0.020202020202020204,0.0051683843110047764
Random standard-3 robustness evaluation — Old SID B - SID-only robustness training vs New Mixed B - SID and CIFAKE robustness training,SID_Set,random_standard_3,ordered_chain_pattern,noise -> resize -> blur,mixed_sid_cifake_b,New Mixed B - SID and CIFAKE robustness training,5,188,0.5,98,1,2,87,0.9840425531914894,0.9837135398933152,0.9886363636363636,0.9775280898876404,0.9830508474576272,0.9988650550448304,0.9988236354041984,0.010101010101010102,0.02247191011235955,0.012699389352830054
Random standard-3 robustness evaluation — Old SID B - SID-only robustness training vs New Mixed B - SID and CIFAKE robustness training,SID_Set,random_standard_3,ordered_chain_pattern,noise -> resize -> colour,mixed_sid_cifake_b,New Mixed B - SID and CIFAKE robustness training,5,214,0.5,117,0,4,93,0.9813084112149533,0.9793814432989691,1.0,0.9587628865979382,0.9789473684210527,1.0,1.0,0.0,0.041237113402061855,0.007737179787097251
Random standard-3 robustness evaluation — Old SID B - SID-only robustness training vs New Mixed B - SID and CIFAKE robustness training,SID_Set,random_standard_3,ordered_chain_pattern,noise -> resize -> crop,mixed_sid_cifake_b,New Mixed B - SID and CIFAKE robustness training,5,198,0.5,90,0,5,103,0.9747474747474747,0.9768518518518519,1.0,0.9537037037037037,0.976303317535545,1.0,1.0,0.0,0.046296296296296294,0.010603802847854437
Random standard-3 robustness evaluation — Old SID B - SID-only robustness training vs New Mixed B - SID and CIFAKE robustness training,SID_Set,random_standard_3,ordered_chain_pattern,noise -> resize -> jpeg,mixed_sid_cifake_b,New Mixed B - SID and CIFAKE robustness training,5,206,0.5,106,0,2,98,0.9902912621359223,0.99,1.0,0.98,0.98989898989899,0.9997169811320755,0.9997039215686274,0.0,0.02,0.008514939369822876
Random standard-3 robustness evaluation — Old SID B - SID-only robustness training vs New Mixed B - SID and CIFAKE robustness training,SID_Set,random_standard_3,ordered_chain_pattern,resize -> blur -> colour,mixed_sid_cifake_b,New Mixed B - SID and CIFAKE robustness training,5,213,0.5,102,0,0,111,1.0,1.0,1.0,1.0,1.0,1.0,0.9999999999999999,0.0,0.0,0.002050605078682669
Random standard-3 robustness evaluation — Old SID B - SID-only robustness training vs New Mixed B - SID and CIFAKE robustness training,SID_Set,random_standard_3,ordered_chain_pattern,resize -> blur -> crop,mixed_sid_cifake_b,New Mixed B - SID and CIFAKE robustness training,5,197,0.5,98,3,1,95,0.9796954314720813,0.9799401815181519,0.9693877551020408,0.9895833333333334,0.979381443298969,0.9973184818481848,0.9976169307659726,0.0297029702970297,0.010416666666666666,0.01731986562981175
Random standard-3 robustness evaluation — Old SID B - SID-only robustness training vs New Mixed B - SID and CIFAKE robustness training,SID_Set,random_standard_3,ordered_chain_pattern,resize -> blur -> jpeg,mixed_sid_cifake_b,New Mixed B - SID and CIFAKE robustness training,5,232,0.5,116,2,2,112,0.9827586206896551,0.9827534939042522,0.9824561403508771,0.9824561403508771,0.9824561403508771,0.998587570621469,0.9986249418984706,0.01694915254237288,0.017543859649122806,0.014157262276617006
Random standard-3 robustness evaluation — Old SID B - SID-only robustness training vs New Mixed B - SID and CIFAKE robustness training,SID_Set,random_standard_3,ordered_chain_pattern,resize -> blur -> noise,mixed_sid_cifake_b,New Mixed B - SID and CIFAKE robustness training,5,233,0.5,121,2,2,108,0.9828326180257511,0.9827790096082779,0.9818181818181818,0.9818181818181818,0.9818181818181818,0.999408721359941,0.9993592186419384,0.016260162601626018,0.01818181818181818,0.011932386681176136
Random standard-3 robustness evaluation — Old SID B - SID-only robustness training vs New Mixed B - SID and CIFAKE robustness training,SID_Set,random_standard_3,ordered_chain_pattern,resize -> colour -> blur,mixed_sid_cifake_b,New Mixed B - SID and CIFAKE robustness training,5,218,0.5,109,0,2,107,0.9908256880733946,0.9908256880733946,1.0,0.981651376146789,0.9907407407407407,0.9994108240047134,0.9994463777285669,0.0,0.01834862385321101,0.006672665800227245
Random standard-3 robustness evaluation — Old SID B - SID-only robustness training vs New Mixed B - SID and CIFAKE robustness training,SID_Set,random_standard_3,ordered_chain_pattern,resize -> colour -> crop,mixed_sid_cifake_b,New Mixed B - SID and CIFAKE robustness training,5,240,0.5,104,0,1,135,0.9958333333333333,0.9963235294117647,1.0,0.9926470588235294,0.996309963099631,1.0,1.0,0.0,0.007352941176470588,0.004734772379493887
Random standard-3 robustness evaluation — Old SID B - SID-only robustness training vs New Mixed B - SID and CIFAKE robustness training,SID_Set,random_standard_3,ordered_chain_pattern,resize -> colour -> jpeg,mixed_sid_cifake_b,New Mixed B - SID and CIFAKE robustness training,5,192,0.5,88,1,1,102,0.9895833333333334,0.9895276535398713,0.9902912621359223,0.9902912621359223,0.9902912621359223,0.9993454783462419,0.9994324148681618,0.011235955056179775,0.009708737864077669,0.01090574519285426
Random standard-3 robustness evaluation — Old SID B - SID-only robustness training vs New Mixed B - SID and CIFAKE robustness training,SID_Set,random_standard_3,ordered_chain_pattern,resize -> colour -> noise,mixed_sid_cifake_b,New Mixed B - SID and CIFAKE robustness training,5,202,0.5,93,1,2,106,0.9851485148514851,0.9854215918045706,0.9906542056074766,0.9814814814814815,0.986046511627907,0.9997044917257683,0.9997459159496196,0.010638297872340425,0.018518518518518517,0.010186075040101394
Random standard-3 robustness evaluation — Old SID B - SID-only robustness training vs New Mixed B - SID and CIFAKE robustness training,SID_Set,random_standard_3,ordered_chain_pattern,resize -> crop -> blur,mixed_sid_cifake_b,New Mixed B - SID and CIFAKE robustness training,5,192,0.5,86,3,0,103,0.984375,0.9831460674157304,0.9716981132075472,1.0,0.9856459330143541,0.9986909566924839,0.998860089523539,0.033707865168539325,0.0,0.01222667464991368
Random standard-3 robustness evaluation — Old SID B - SID-only robustness training vs New Mixed B - SID and CIFAKE robustness training,SID_Set,random_standard_3,ordered_chain_pattern,resize -> crop -> colour,mixed_sid_cifake_b,New Mixed B - SID and CIFAKE robustness training,5,214,0.5,97,1,1,115,0.9906542056074766,0.9905876143560872,0.9913793103448276,0.9913793103448276,0.9913793103448276,0.9999120337790288,0.9999263188918361,0.01020408163265306,0.008620689655172414,0.005196487432564626
Random standard-3 robustness evaluation — Old SID B - SID-only robustness training vs New Mixed B - SID and CIFAKE robustness training,SID_Set,random_standard_3,ordered_chain_pattern,resize -> crop -> jpeg,mixed_sid_cifake_b,New Mixed B - SID and CIFAKE robustness training,5,199,0.5,100,4,1,94,0.9748743718592965,0.975506072874494,0.9591836734693877,0.9894736842105263,0.9740932642487047,0.9954453441295547,0.9944457174323635,0.038461538461538464,0.010526315789473684,0.0172176418531551
Random standard-3 robustness evaluation — Old SID B - SID-only robustness training vs New Mixed B - SID and CIFAKE robustness training,SID_Set,random_standard_3,ordered_chain_pattern,resize -> crop -> noise,mixed_sid_cifake_b,New Mixed B - SID and CIFAKE robustness training,5,219,0.5,111,4,1,103,0.9771689497716894,0.9778010033444816,0.9626168224299065,0.9903846153846154,0.976303317535545,0.9969063545150503,0.9969415703136967,0.034782608695652174,0.009615384615384616,0.018353435741976367
Random standard-3 robustness evaluation — Old SID B - SID-only robustness training vs New Mixed B - SID and CIFAKE robustness training,SID_Set,random_standard_3,ordered_chain_pattern,resize -> jpeg -> blur,mixed_sid_cifake_b,New Mixed B - SID and CIFAKE robustness training,5,219,0.5,111,0,0,108,1.0,1.0,1.0,1.0,1.0,1.0,0.9999999999999999,0.0,0.0,0.0010581730679664852
Random standard-3 robustness evaluation — Old SID B - SID-only robustness training vs New Mixed B - SID and CIFAKE robustness training,SID_Set,random_standard_3,ordered_chain_pattern,resize -> jpeg -> colour,mixed_sid_cifake_b,New Mixed B - SID and CIFAKE robustness training,5,215,0.5,124,1,1,89,0.9906976744186047,0.9904444444444445,0.9888888888888889,0.9888888888888889,0.9888888888888889,0.9997333333333334,0.9996295991427078,0.008,0.011111111111111112,0.006798383580958269
Random standard-3 robustness evaluation — Old SID B - SID-only robustness training vs New Mixed B - SID and CIFAKE robustness training,SID_Set,random_standard_3,ordered_chain_pattern,resize -> jpeg -> crop,mixed_sid_cifake_b,New Mixed B - SID and CIFAKE robustness training,5,222,0.5,125,1,1,95,0.990990990990991,0.9908234126984128,0.9895833333333334,0.9895833333333334,0.9895833333333334,0.999917328042328,0.9998926116838488,0.007936507936507936,0.010416666666666666,0.004361683347327076
Random standard-3 robustness evaluation — Old SID B - SID-only robustness training vs New Mixed B - SID and CIFAKE robustness training,SID_Set,random_standard_3,ordered_chain_pattern,resize -> jpeg -> noise,mixed_sid_cifake_b,New Mixed B - SID and CIFAKE robustness training,5,210,0.5,114,2,0,94,0.9904761904761905,0.9913793103448276,0.9791666666666666,1.0,0.9894736842105263,0.9995414526779163,0.9994400143288902,0.017241379310344827,0.0,0.010992560102631962
Random standard-3 robustness evaluation — Old SID B - SID-only robustness training vs New Mixed B - SID and CIFAKE robustness training,SID_Set,random_standard_3,ordered_chain_pattern,resize -> noise -> blur,mixed_sid_cifake_b,New Mixed B - SID and CIFAKE robustness training,5,233,0.5,127,2,2,102,0.9828326180257511,0.9826326774001193,0.9807692307692307,0.9807692307692307,0.9807692307692307,0.9997018485390579,0.9996354274656162,0.015503875968992248,0.019230769230769232,0.007341024424623739
Random standard-3 robustness evaluation — Old SID B - SID-only robustness training vs New Mixed B - SID and CIFAKE robustness training,SID_Set,random_standard_3,ordered_chain_pattern,resize -> noise -> colour,mixed_sid_cifake_b,New Mixed B - SID and CIFAKE robustness training,5,201,0.5,107,1,2,91,0.9850746268656716,0.9846176821983273,0.9891304347826086,0.978494623655914,0.9837837837837838,0.9986061330147352,0.9984859166222544,0.009259259259259259,0.021505376344086023,0.012442650614570753
Random standard-3 robustness evaluation — Old SID B - SID-only robustness training vs New Mixed B - SID and CIFAKE robustness training,SID_Set,random_standard_3,ordered_chain_pattern,resize -> noise -> crop,mixed_sid_cifake_b,New Mixed B - SID and CIFAKE robustness training,5,218,0.5,109,1,0,108,0.9954128440366973,0.9954545454545455,0.9908256880733946,1.0,0.9953917050691244,0.999915824915825,0.9999150526673463,0.00909090909090909,0.0,0.005864053292122944
Random standard-3 robustness evaluation — Old SID B - SID-only robustness training vs New Mixed B - SID and CIFAKE robustness training,SID_Set,random_standard_3,ordered_chain_pattern,resize -> noise -> jpeg,mixed_sid_cifake_b,New Mixed B - SID and CIFAKE robustness training,5,224,0.5,114,3,0,107,0.9866071428571429,0.9871794871794872,0.9727272727272728,1.0,0.9861751152073732,0.9996006070772425,0.9995696029539308,0.02564102564102564,0.0,0.009585261339760686
Random standard-3 robustness evaluation — Old SID B - SID-only robustness training vs New Mixed B - SID and CIFAKE robustness training,SID_Set,random_standard_3,ordered_chain_pattern,blur -> colour -> crop,old_sid_b,Old SID B - SID-only robustness training,5,207,0.5,100,0,4,103,0.9806763285024155,0.9813084112149533,1.0,0.9626168224299065,0.9809523809523809,1.0,1.0,0.0,0.037383177570093455,0.011036575516131292
Random standard-3 robustness evaluation — Old SID B - SID-only robustness training vs New Mixed B - SID and CIFAKE robustness training,SID_Set,random_standard_3,ordered_chain_pattern,blur -> colour -> jpeg,old_sid_b,Old SID B - SID-only robustness training,5,270,0.5,141,0,2,127,0.9925925925925926,0.9922480620155039,1.0,0.9844961240310077,0.9921875,1.0,1.0,0.0,0.015503875968992248,0.004471862587435871
Random standard-3 robustness evaluation — Old SID B - SID-only robustness training vs New Mixed B - SID and CIFAKE robustness training,SID_Set,random_standard_3,ordered_chain_pattern,blur -> colour -> noise,old_sid_b,Old SID B - SID-only robustness training,5,192,0.5,98,0,2,92,0.9895833333333334,0.9893617021276595,1.0,0.9787234042553191,0.989247311827957,1.0,0.9999999999999999,0.0,0.02127659574468085,0.005273821912279565
Random standard-3 robustness evaluation — Old SID B - SID-only robustness training vs New Mixed B - SID and CIFAKE robustness training,SID_Set,random_standard_3,ordered_chain_pattern,blur -> colour -> resize,old_sid_b,Old SID B - SID-only robustness training,5,179,0.5,96,0,1,82,0.994413407821229,0.9939759036144578,1.0,0.9879518072289156,0.9939393939393939,1.0,1.0,0.0,0.012048192771084338,0.005030509876356742
Random standard-3 robustness evaluation — Old SID B - SID-only robustness training vs New Mixed B - SID and CIFAKE robustness training,SID_Set,random_standard_3,ordered_chain_pattern,blur -> crop -> colour,old_sid_b,Old SID B - SID-only robustness training,5,228,0.5,111,0,3,114,0.9868421052631579,0.9871794871794872,1.0,0.9743589743589743,0.987012987012987,0.9997689997689998,0.9997808352609114,0.0,0.02564102564102564,0.00886392845253692
Random standard-3 robustness evaluation — Old SID B - SID-only robustness training vs New Mixed B - SID and CIFAKE robustness training,SID_Set,random_standard_3,ordered_chain_pattern,blur -> crop -> jpeg,old_sid_b,Old SID B - SID-only robustness training,5,185,0.5,86,0,4,95,0.9783783783783784,0.9797979797979798,1.0,0.9595959595959596,0.979381443298969,0.9997650927883486,0.9997969594939292,0.0,0.04040404040404041,0.016318157677324016
Random standard-3 robustness evaluation — Old SID B - SID-only robustness training vs New Mixed B - SID and CIFAKE robustness training,SID_Set,random_standard_3,ordered_chain_pattern,blur -> crop -> noise,old_sid_b,Old SID B - SID-only robustness training,5,225,0.5,128,0,2,95,0.9911111111111112,0.9896907216494846,1.0,0.979381443298969,0.9895833333333334,0.9996778350515464,0.9995813383147698,0.0,0.020618556701030927,0.010227343137208815
Random standard-3 robustness evaluation — Old SID B - SID-only robustness training vs New Mixed B - SID and CIFAKE robustness training,SID_Set,random_standard_3,ordered_chain_pattern,blur -> crop -> resize,old_sid_b,Old SID B - SID-only robustness training,5,195,0.5,90,1,1,103,0.9897435897435898,0.9896978021978022,0.9903846153846154,0.9903846153846154,0.9903846153846154,0.999894336432798,0.9999084249084247,0.01098901098901099,0.009615384615384616,0.004886123573647178
Random standard-3 robustness evaluation — Old SID B - SID-only robustness training vs New Mixed B - SID and CIFAKE robustness training,SID_Set,random_standard_3,ordered_chain_pattern,blur -> jpeg -> colour,old_sid_b,Old SID B - SID-only robustness training,5,205,0.5,90,0,1,114,0.9951219512195122,0.9956521739130435,1.0,0.991304347826087,0.9956331877729258,1.0,0.9999999999999997,0.0,0.008695652173913044,0.00437742818408991
Random standard-3 robustness evaluation — Old SID B - SID-only robustness training vs New Mixed B - SID and CIFAKE robustness training,SID_Set,random_standard_3,ordered_chain_pattern,blur -> jpeg -> crop,old_sid_b,Old SID B - SID-only robustness training,5,218,0.5,114,1,1,102,0.9908256880733946,0.9907978049810047,0.9902912621359223,0.9902912621359223,0.9902912621359223,0.9989024905023217,0.9987102239034058,0.008695652173913044,0.009708737864077669,0.008707903652226878
Random standard-3 robustness evaluation — Old SID B - SID-only robustness training vs New Mixed B - SID and CIFAKE robustness training,SID_Set,random_standard_3,ordered_chain_pattern,blur -> jpeg -> noise,old_sid_b,Old SID B - SID-only robustness training,5,212,0.5,109,0,1,102,0.9952830188679245,0.9951456310679612,1.0,0.9902912621359223,0.9951219512195122,0.9999109290104213,0.9999066467513069,0.0,0.009708737864077669,0.004875578310544507
Random standard-3 robustness evaluation — Old SID B - SID-only robustness training vs New Mixed B - SID and CIFAKE robustness training,SID_Set,random_standard_3,ordered_chain_pattern,blur -> jpeg -> resize,old_sid_b,Old SID B - SID-only robustness training,5,202,0.5,100,0,1,101,0.995049504950495,0.9950980392156863,1.0,0.9901960784313726,0.9950738916256158,1.0,1.0,0.0,0.00980392156862745,0.0034117946221991404
Random standard-3 robustness evaluation — Old SID B - SID-only robustness training vs New Mixed B - SID and CIFAKE robustness training,SID_Set,random_standard_3,ordered_chain_pattern,blur -> noise -> colour,old_sid_b,Old SID B - SID-only robustness training,5,216,0.5,96,0,2,118,0.9907407407407407,0.9916666666666667,1.0,0.9833333333333333,0.9915966386554622,0.9993923611111112,0.9995406824146982,0.0,0.016666666666666666,0.010539158783770167
Random standard-3 robustness evaluation — Old SID B - SID-only robustness training vs New Mixed B - SID and CIFAKE robustness training,SID_Set,random_standard_3,ordered_chain_pattern,blur -> noise -> crop,old_sid_b,Old SID B - SID-only robustness training,5,203,0.5,111,0,1,91,0.9950738916256158,0.9945652173913043,1.0,0.9891304347826086,0.994535519125683,1.0,1.0,0.0,0.010869565217391304,0.0038720548199260513
Random standard-3 robustness evaluation — Old SID B - SID-only robustness training vs New Mixed B - SID and CIFAKE robustness training,SID_Set,random_standard_3,ordered_chain_pattern,blur -> noise -> jpeg,old_sid_b,Old SID B - SID-only robustness training,5,195,0.5,100,0,0,95,1.0,1.0,1.0,1.0,1.0,1.0,1.0,0.0,0.0,0.0019849291434378426
Random standard-3 robustness evaluation — Old SID B - SID-only robustness training vs New Mixed B - SID and CIFAKE robustness training,SID_Set,random_standard_3,ordered_chain_pattern,blur -> noise -> resize,old_sid_b,Old SID B - SID-only robustness training,5,219,0.5,112,0,0,107,1.0,1.0,1.0,1.0,1.0,1.0,1.0,0.0,0.0,0.0013362389809957458
Random standard-3 robustness evaluation — Old SID B - SID-only robustness training vs New Mixed B - SID and CIFAKE robustness training,SID_Set,random_standard_3,ordered_chain_pattern,blur -> resize -> colour,old_sid_b,Old SID B - SID-only robustness training,5,217,0.5,101,0,2,114,0.9907834101382489,0.9913793103448276,1.0,0.9827586206896551,0.991304347826087,0.9997439399112324,0.9997795703258832,0.0,0.017241379310344827,0.0067883843863159946
Random standard-3 robustness evaluation — Old SID B - SID-only robustness training vs New Mixed B - SID and CIFAKE robustness training,SID_Set,random_standard_3,ordered_chain_pattern,blur -> resize -> crop,old_sid_b,Old SID B - SID-only robustness training,5,189,0.5,96,0,0,93,1.0,1.0,1.0,1.0,1.0,1.0,1.0,0.0,0.0,0.00020981862983482515
Random standard-3 robustness evaluation — Old SID B - SID-only robustness training vs New Mixed B - SID and CIFAKE robustness training,SID_Set,random_standard_3,ordered_chain_pattern,blur -> resize -> jpeg,old_sid_b,Old SID B - SID-only robustness training,5,232,0.5,114,0,0,118,1.0,1.0,1.0,1.0,1.0,1.0,0.9999999999999999,0.0,0.0,0.00010387007625729927
Random standard-3 robustness evaluation — Old SID B - SID-only robustness training vs New Mixed B - SID and CIFAKE robustness training,SID_Set,random_standard_3,ordered_chain_pattern,blur -> resize -> noise,old_sid_b,Old SID B - SID-only robustness training,5,228,0.5,128,1,3,96,0.9824561403508771,0.9809725158562368,0.9896907216494846,0.9696969696969697,0.9795918367346939,0.9994518831728133,0.9993026360294043,0.007751937984496124,0.030303030303030304,0.012095984733804953
Random standard-3 robustness evaluation — Old SID B - SID-only robustness training vs New Mixed B - SID and CIFAKE robustness training,SID_Set,random_standard_3,ordered_chain_pattern,colour -> blur -> crop,old_sid_b,Old SID B - SID-only robustness training,5,229,0.5,140,0,2,87,0.9912663755458515,0.9887640449438202,1.0,0.9775280898876404,0.9886363636363636,0.9998394863563403,0.9997530559328313,0.0,0.02247191011235955,0.007245423446706296
Random standard-3 robustness evaluation — Old SID B - SID-only robustness training vs New Mixed B - SID and CIFAKE robustness training,SID_Set,random_standard_3,ordered_chain_pattern,colour -> blur -> jpeg,old_sid_b,Old SID B - SID-only robustness training,5,224,0.5,135,0,0,89,1.0,1.0,1.0,1.0,1.0,1.0,1.0,0.0,0.0,0.001840209052684358
Random standard-3 robustness evaluation — Old SID B - SID-only robustness training vs New Mixed B - SID and CIFAKE robustness training,SID_Set,random_standard_3,ordered_chain_pattern,colour -> blur -> noise,old_sid_b,Old SID B - SID-only robustness training,5,213,0.5,90,1,1,121,0.9906103286384976,0.9904071338497569,0.9918032786885246,0.9918032786885246,0.9918032786885246,0.999729778418303,0.9997984322506377,0.01098901098901099,0.00819672131147541,0.005491223058964122
Random standard-3 robustness evaluation — Old SID B - SID-only robustness training vs New Mixed B - SID and CIFAKE robustness training,SID_Set,random_standard_3,ordered_chain_pattern,colour -> blur -> resize,old_sid_b,Old SID B - SID-only robustness training,5,208,0.5,109,0,0,99,1.0,1.0,1.0,1.0,1.0,1.0,1.0,0.0,0.0,0.0001756209948812778
Random standard-3 robustness evaluation — Old SID B - SID-only robustness training vs New Mixed B - SID and CIFAKE robustness training,SID_Set,random_standard_3,ordered_chain_pattern,colour -> crop -> blur,old_sid_b,Old SID B - SID-only robustness training,5,238,0.5,123,0,4,111,0.9831932773109243,0.9826086956521739,1.0,0.9652173913043478,0.9823008849557522,0.9997879109225876,0.9997757420063659,0.0,0.034782608695652174,0.010049108666900048
Random standard-3 robustness evaluation — Old SID B - SID-only robustness training vs New Mixed B - SID and CIFAKE robustness training,SID_Set,random_standard_3,ordered_chain_pattern,colour -> crop -> jpeg,old_sid_b,Old SID B - SID-only robustness training,5,219,0.5,94,0,5,120,0.9771689497716894,0.98,1.0,0.96,0.9795918367346939,0.9999148936170213,0.9999365079365079,0.0,0.04,0.016759912334836615
Random standard-3 robustness evaluation — Old SID B - SID-only robustness training vs New Mixed B - SID and CIFAKE robustness training,SID_Set,random_standard_3,ordered_chain_pattern,colour -> crop -> noise,old_sid_b,Old SID B - SID-only robustness training,5,234,0.5,122,1,3,108,0.9829059829059829,0.98242144583608,0.9908256880733946,0.972972972972973,0.9818181818181818,0.999707024097268,0.9996738486355398,0.008130081300813009,0.02702702702702703,0.01369397389934091
Random standard-3 robustness evaluation — Old SID B - SID-only robustness training vs New Mixed B - SID and CIFAKE robustness training,SID_Set,random_standard_3,ordered_chain_pattern,colour -> crop -> resize,old_sid_b,Old SID B - SID-only robustness training,5,233,0.5,122,0,1,110,0.9957081545064378,0.9954954954954955,1.0,0.990990990990991,0.995475113122172,0.9985231132772117,0.9986245787772505,0.0,0.009009009009009009,0.006475638439145222
Random standard-3 robustness evaluation — Old SID B - SID-only robustness training vs New Mixed B - SID and CIFAKE robustness training,SID_Set,random_standard_3,ordered_chain_pattern,colour -> jpeg -> blur,old_sid_b,Old SID B - SID-only robustness training,5,198,0.5,92,0,1,105,0.9949494949494949,0.9952830188679245,1.0,0.9905660377358491,0.995260663507109,1.0,0.9999999999999999,0.0,0.009433962264150943,0.0025651789084958467
Random standard-3 robustness evaluation — Old SID B - SID-only robustness training vs New Mixed B - SID and CIFAKE robustness training,SID_Set,random_standard_3,ordered_chain_pattern,colour -> jpeg -> crop,old_sid_b,Old SID B - SID-only robustness training,5,206,0.5,99,0,4,103,0.9805825242718447,0.9813084112149533,1.0,0.9626168224299065,0.9809523809523809,0.9997167941093176,0.999737953122281,0.0,0.037383177570093455,0.013494373567302882
Random standard-3 robustness evaluation — Old SID B - SID-only robustness training vs New Mixed B - SID and CIFAKE robustness training,SID_Set,random_standard_3,ordered_chain_pattern,colour -> jpeg -> noise,old_sid_b,Old SID B - SID-only robustness training,5,213,0.5,103,0,2,108,0.9906103286384976,0.990909090909091,1.0,0.9818181818181818,0.9908256880733946,1.0,0.9999999999999998,0.0,0.01818181818181818,0.005458139334079873
Random standard-3 robustness evaluation — Old SID B - SID-only robustness training vs New Mixed B - SID and CIFAKE robustness training,SID_Set,random_standard_3,ordered_chain_pattern,colour -> jpeg -> resize,old_sid_b,Old SID B - SID-only robustness training,5,216,0.5,103,0,0,113,1.0,1.0,1.0,1.0,1.0,1.0,1.0,0.0,0.0,0.0018922085486162959
Random standard-3 robustness evaluation — Old SID B - SID-only robustness training vs New Mixed B - SID and CIFAKE robustness training,SID_Set,random_standard_3,ordered_chain_pattern,colour -> noise -> blur,old_sid_b,Old SID B - SID-only robustness training,5,231,0.5,126,0,3,102,0.987012987012987,0.9857142857142858,1.0,0.9714285714285714,0.9855072463768116,1.0,0.9999999999999998,0.0,0.02857142857142857,0.011988645894342839
Random standard-3 robustness evaluation — Old SID B - SID-only robustness training vs New Mixed B - SID and CIFAKE robustness training,SID_Set,random_standard_3,ordered_chain_pattern,colour -> noise -> crop,old_sid_b,Old SID B - SID-only robustness training,5,195,0.5,109,0,2,84,0.9897435897435898,0.9883720930232558,1.0,0.9767441860465116,0.9882352941176471,0.9996799658630253,0.9996080480794356,0.0,0.023255813953488372,0.010187003419322577
Random standard-3 robustness evaluation — Old SID B - SID-only robustness training vs New Mixed B - SID and CIFAKE robustness training,SID_Set,random_standard_3,ordered_chain_pattern,colour -> noise -> jpeg,old_sid_b,Old SID B - SID-only robustness training,5,210,0.5,114,0,2,94,0.9904761904761905,0.9895833333333333,1.0,0.9791666666666666,0.9894736842105263,1.0,0.9999999999999999,0.0,0.020833333333333332,0.002985791444143261
Random standard-3 robustness evaluation — Old SID B - SID-only robustness training vs New Mixed B - SID and CIFAKE robustness training,SID_Set,random_standard_3,ordered_chain_pattern,colour -> noise -> resize,old_sid_b,Old SID B - SID-only robustness training,5,206,0.5,99,1,4,102,0.9757281553398058,0.9761320754716981,0.9902912621359223,0.9622641509433962,0.9760765550239234,0.999245283018868,0.9992704471667209,0.01,0.03773584905660377,0.015266405036266077
Random standard-3 robustness evaluation — Old SID B - SID-only robustness training vs New Mixed B - SID and CIFAKE robustness training,SID_Set,random_standard_3,ordered_chain_pattern,colour -> resize -> blur,old_sid_b,Old SID B - SID-only robustness training,5,233,0.5,127,0,0,106,1.0,1.0,1.0,1.0,1.0,1.0,0.9999999999999999,0.0,0.0,0.0016188886690446883
Random standard-3 robustness evaluation — Old SID B - SID-only robustness training vs New Mixed B - SID and CIFAKE robustness training,SID_Set,random_standard_3,ordered_chain_pattern,colour -> resize -> crop,old_sid_b,Old SID B - SID-only robustness training,5,206,0.5,108,0,3,95,0.9854368932038835,0.9846938775510203,1.0,0.9693877551020408,0.9844559585492227,0.9999055177626606,0.9998969284683572,0.0,0.030612244897959183,0.012692447047549711
Random standard-3 robustness evaluation — Old SID B - SID-only robustness training vs New Mixed B - SID and CIFAKE robustness training,SID_Set,random_standard_3,ordered_chain_pattern,colour -> resize -> jpeg,old_sid_b,Old SID B - SID-only robustness training,5,204,0.5,98,0,4,102,0.9803921568627451,0.9811320754716981,1.0,0.9622641509433962,0.9807692307692307,0.9999037350789373,0.9999118321283724,0.0,0.03773584905660377,0.014126658897828942
Random standard-3 robustness evaluation — Old SID B - SID-only robustness training vs New Mixed B - SID and CIFAKE robustness training,SID_Set,random_standard_3,ordered_chain_pattern,colour -> resize -> noise,old_sid_b,Old SID B - SID-only robustness training,5,218,0.5,118,0,0,100,1.0,1.0,1.0,1.0,1.0,1.0,1.0,0.0,0.0,0.0023211344458776125
Random standard-3 robustness evaluation — Old SID B - SID-only robustness training vs New Mixed B - SID and CIFAKE robustness training,SID_Set,random_standard_3,ordered_chain_pattern,crop -> blur -> colour,old_sid_b,Old SID B - SID-only robustness training,5,238,0.5,129,0,1,108,0.9957983193277311,0.9954128440366973,1.0,0.9908256880733946,0.9953917050691244,0.9999288813028946,0.9999165971643036,0.0,0.009174311926605505,0.006398166647284859
Random standard-3 robustness evaluation — Old SID B - SID-only robustness training vs New Mixed B - SID and CIFAKE robustness training,SID_Set,random_standard_3,ordered_chain_pattern,crop -> blur -> jpeg,old_sid_b,Old SID B - SID-only robustness training,5,195,0.5,93,0,3,99,0.9846153846153847,0.9852941176470589,1.0,0.9705882352941176,0.9850746268656716,1.0,1.0,0.0,0.029411764705882353,0.005280066867012501
Random standard-3 robustness evaluation — Old SID B - SID-only robustness training vs New Mixed B - SID and CIFAKE robustness training,SID_Set,random_standard_3,ordered_chain_pattern,crop -> blur -> noise,old_sid_b,Old SID B - SID-only robustness training,5,228,0.5,105,0,0,123,1.0,1.0,1.0,1.0,1.0,1.0,1.0000000000000002,0.0,0.0,0.0004888478303092679
Random standard-3 robustness evaluation — Old SID B - SID-only robustness training vs New Mixed B - SID and CIFAKE robustness training,SID_Set,random_standard_3,ordered_chain_pattern,crop -> blur -> resize,old_sid_b,Old SID B - SID-only robustness training,5,195,0.5,99,0,0,96,1.0,1.0,1.0,1.0,1.0,1.0,0.9999999999999999,0.0,0.0,0.0013876904053908626
Random standard-3 robustness evaluation — Old SID B - SID-only robustness training vs New Mixed B - SID and CIFAKE robustness training,SID_Set,random_standard_3,ordered_chain_pattern,crop -> colour -> blur,old_sid_b,Old SID B - SID-only robustness training,5,222,0.5,123,0,2,97,0.990990990990991,0.9898989898989898,1.0,0.9797979797979798,0.9897959183673469,1.0,0.9999999999999999,0.0,0.020202020202020204,0.006680192820324627
Random standard-3 robustness evaluation — Old SID B - SID-only robustness training vs New Mixed B - SID and CIFAKE robustness training,SID_Set,random_standard_3,ordered_chain_pattern,crop -> colour -> jpeg,old_sid_b,Old SID B - SID-only robustness training,5,214,0.5,111,0,3,100,0.985981308411215,0.9854368932038835,1.0,0.970873786407767,0.9852216748768473,1.0,1.0,0.0,0.02912621359223301,0.011781318610486851
Random standard-3 robustness evaluation — Old SID B - SID-only robustness training vs New Mixed B - SID and CIFAKE robustness training,SID_Set,random_standard_3,ordered_chain_pattern,crop -> colour -> noise,old_sid_b,Old SID B - SID-only robustness training,5,233,0.5,124,1,3,105,0.9828326180257511,0.9821111111111112,0.9905660377358491,0.9722222222222222,0.9813084112149533,0.9985925925925926,0.9985317616557644,0.008,0.027777777777777776,0.012256080994559305
Random standard-3 robustness evaluation — Old SID B - SID-only robustness training vs New Mixed B - SID and CIFAKE robustness training,SID_Set,random_standard_3,ordered_chain_pattern,crop -> colour -> resize,old_sid_b,Old SID B - SID-only robustness training,5,200,0.5,94,1,5,100,0.97,0.9709273182957393,0.9900990099009901,0.9523809523809523,0.970873786407767,0.9943859649122807,0.9963833707391718,0.010526315789473684,0.047619047619047616,0.018990444157633006
Random standard-3 robustness evaluation — Old SID B - SID-only robustness training vs New Mixed B - SID and CIFAKE robustness training,SID_Set,random_standard_3,ordered_chain_pattern,crop -> jpeg -> blur,old_sid_b,Old SID B - SID-only robustness training,5,201,0.5,109,0,1,91,0.9950248756218906,0.9945652173913043,1.0,0.9891304347826086,0.994535519125683,0.9999002792181891,0.9998831229546516,0.0,0.010869565217391304,0.004615928665733179
Random standard-3 robustness evaluation — Old SID B - SID-only robustness training vs New Mixed B - SID and CIFAKE robustness training,SID_Set,random_standard_3,ordered_chain_pattern,crop -> jpeg -> colour,old_sid_b,Old SID B - SID-only robustness training,5,205,0.5,104,0,4,97,0.9804878048780488,0.9801980198019802,1.0,0.9603960396039604,0.9797979797979798,1.0,1.0,0.0,0.039603960396039604,0.009978309542542073
Random standard-3 robustness evaluation — Old SID B - SID-only robustness training vs New Mixed B - SID and CIFAKE robustness training,SID_Set,random_standard_3,ordered_chain_pattern,crop -> jpeg -> noise,old_sid_b,Old SID B - SID-only robustness training,5,209,0.5,101,0,2,106,0.9904306220095693,0.9907407407407407,1.0,0.9814814814814815,0.9906542056074766,0.9999083241657499,0.9999150526673463,0.0,0.018518518518518517,0.007993036417071091
Random standard-3 robustness evaluation — Old SID B - SID-only robustness training vs New Mixed B - SID and CIFAKE robustness training,SID_Set,random_standard_3,ordered_chain_pattern,crop -> jpeg -> resize,old_sid_b,Old SID B - SID-only robustness training,5,219,0.5,107,0,1,111,0.9954337899543378,0.9955357142857143,1.0,0.9910714285714286,0.9955156950672646,1.0,1.0,0.0,0.008928571428571428,0.0031704156068757833
Random standard-3 robustness evaluation — Old SID B - SID-only robustness training vs New Mixed B - SID and CIFAKE robustness training,SID_Set,random_standard_3,ordered_chain_pattern,crop -> noise -> blur,old_sid_b,Old SID B - SID-only robustness training,5,222,0.5,110,0,5,107,0.9774774774774775,0.9776785714285714,1.0,0.9553571428571429,0.9771689497716894,1.0,0.9999999999999998,0.0,0.044642857142857144,0.01116879924788495
Random standard-3 robustness evaluation — Old SID B - SID-only robustness training vs New Mixed B - SID and CIFAKE robustness training,SID_Set,random_standard_3,ordered_chain_pattern,crop -> noise -> colour,old_sid_b,Old SID B - SID-only robustness training,5,212,0.5,86,1,1,124,0.9905660377358491,0.9902528735632183,0.992,0.992,0.992,0.9999080459770116,0.999936507936508,0.011494252873563218,0.008,0.004672868954964875
Random standard-3 robustness evaluation — Old SID B - SID-only robustness training vs New Mixed B - SID and CIFAKE robustness training,SID_Set,random_standard_3,ordered_chain_pattern,crop -> noise -> jpeg,old_sid_b,Old SID B - SID-only robustness training,5,167,0.5,84,0,2,81,0.9880239520958084,0.9879518072289157,1.0,0.9759036144578314,0.9878048780487805,0.9995697074010327,0.9995713541622196,0.0,0.024096385542168676,0.01076682222531542
Random standard-3 robustness evaluation — Old SID B - SID-only robustness training vs New Mixed B - SID and CIFAKE robustness training,SID_Set,random_standard_3,ordered_chain_pattern,crop -> noise -> resize,old_sid_b,Old SID B - SID-only robustness training,5,235,0.5,123,0,2,110,0.9914893617021276,0.9910714285714286,1.0,0.9821428571428571,0.990990990990991,1.0,1.0,0.0,0.017857142857142856,0.006275351011571191
Random standard-3 robustness evaluation — Old SID B - SID-only robustness training vs New Mixed B - SID and CIFAKE robustness training,SID_Set,random_standard_3,ordered_chain_pattern,crop -> resize -> blur,old_sid_b,Old SID B - SID-only robustness training,5,216,0.5,119,0,0,97,1.0,1.0,1.0,1.0,1.0,1.0,1.0,0.0,0.0,0.0029945328317442124
Random standard-3 robustness evaluation — Old SID B - SID-only robustness training vs New Mixed B - SID and CIFAKE robustness training,SID_Set,random_standard_3,ordered_chain_pattern,crop -> resize -> colour,old_sid_b,Old SID B - SID-only robustness training,5,199,0.5,99,0,2,98,0.9899497487437185,0.99,1.0,0.98,0.98989898989899,1.0,1.0,0.0,0.02,0.007124013590001205
Random standard-3 robustness evaluation — Old SID B - SID-only robustness training vs New Mixed B - SID and CIFAKE robustness training,SID_Set,random_standard_3,ordered_chain_pattern,crop -> resize -> jpeg,old_sid_b,Old SID B - SID-only robustness training,5,221,0.5,121,0,0,100,1.0,1.0,1.0,1.0,1.0,1.0,1.0,0.0,0.0,0.0013502317161245322
Random standard-3 robustness evaluation — Old SID B - SID-only robustness training vs New Mixed B - SID and CIFAKE robustness training,SID_Set,random_standard_3,ordered_chain_pattern,crop -> resize -> noise,old_sid_b,Old SID B - SID-only robustness training,5,185,0.5,103,0,1,81,0.9945945945945946,0.9939024390243902,1.0,0.9878048780487805,0.9938650306748467,0.9983424106085721,0.9982215447154472,0.0,0.012195121951219513,0.006484077956913375
Random standard-3 robustness evaluation — Old SID B - SID-only robustness training vs New Mixed B - SID and CIFAKE robustness training,SID_Set,random_standard_3,ordered_chain_pattern,jpeg -> blur -> colour,old_sid_b,Old SID B - SID-only robustness training,5,237,0.5,123,0,0,114,1.0,1.0,1.0,1.0,1.0,1.0,1.0,0.0,0.0,0.0013152703415459674
Random standard-3 robustness evaluation — Old SID B - SID-only robustness training vs New Mixed B - SID and CIFAKE robustness training,SID_Set,random_standard_3,ordered_chain_pattern,jpeg -> blur -> crop,old_sid_b,Old SID B - SID-only robustness training,5,204,0.5,111,0,2,91,0.9901960784313726,0.989247311827957,1.0,0.978494623655914,0.9891304347826086,1.0,1.0,0.0,0.021505376344086023,0.00801924971495312
Random standard-3 robustness evaluation — Old SID B - SID-only robustness training vs New Mixed B - SID and CIFAKE robustness training,SID_Set,random_standard_3,ordered_chain_pattern,jpeg -> blur -> noise,old_sid_b,Old SID B - SID-only robustness training,5,210,0.5,107,0,2,101,0.9904761904761905,0.9902912621359223,1.0,0.9805825242718447,0.9901960784313726,1.0,1.0,0.0,0.019417475728155338,0.005494045467449978
Random standard-3 robustness evaluation — Old SID B - SID-only robustness training vs New Mixed B - SID and CIFAKE robustness training,SID_Set,random_standard_3,ordered_chain_pattern,jpeg -> blur -> resize,old_sid_b,Old SID B - SID-only robustness training,5,217,0.5,104,0,1,112,0.9953917050691244,0.995575221238938,1.0,0.9911504424778761,0.9955555555555555,1.0,1.0,0.0,0.008849557522123894,0.003664726617036828
Random standard-3 robustness evaluation — Old SID B - SID-only robustness training vs New Mixed B - SID and CIFAKE robustness training,SID_Set,random_standard_3,ordered_chain_pattern,jpeg -> colour -> blur,old_sid_b,Old SID B - SID-only robustness training,5,216,0.5,106,0,1,109,0.9953703703703703,0.9954545454545455,1.0,0.990909090909091,0.9954337899543378,0.9996569468267582,0.9996810207336521,0.0,0.00909090909090909,0.005333556948716008
Random standard-3 robustness evaluation — Old SID B - SID-only robustness training vs New Mixed B - SID and CIFAKE robustness training,SID_Set,random_standard_3,ordered_chain_pattern,jpeg -> colour -> crop,old_sid_b,Old SID B - SID-only robustness training,5,209,0.5,101,0,3,105,0.9856459330143541,0.9861111111111112,1.0,0.9722222222222222,0.9859154929577465,0.9999083241657499,0.9999150526673463,0.0,0.027777777777777776,0.00890941343187363
Random standard-3 robustness evaluation — Old SID B - SID-only robustness training vs New Mixed B - SID and CIFAKE robustness training,SID_Set,random_standard_3,ordered_chain_pattern,jpeg -> colour -> noise,old_sid_b,Old SID B - SID-only robustness training,5,213,0.5,98,3,2,110,0.9765258215962441,0.9762199434229137,0.9734513274336283,0.9821428571428571,0.9777777777777777,0.9983203677510608,0.998425269234734,0.0297029702970297,0.017857142857142856,0.013729181500078695
Random standard-3 robustness evaluation — Old SID B - SID-only robustness training vs New Mixed B - SID and CIFAKE robustness training,SID_Set,random_standard_3,ordered_chain_pattern,jpeg -> colour -> resize,old_sid_b,Old SID B - SID-only robustness training,5,228,0.5,120,0,1,107,0.9956140350877193,0.9953703703703703,1.0,0.9907407407407407,0.9953488372093023,0.9996913580246913,0.9996693121693122,0.0,0.009259259259259259,0.004690445266472148
Random standard-3 robustness evaluation — Old SID B - SID-only robustness training vs New Mixed B - SID and CIFAKE robustness training,SID_Set,random_standard_3,ordered_chain_pattern,jpeg -> crop -> blur,old_sid_b,Old SID B - SID-only robustness training,5,212,0.5,124,0,0,88,1.0,1.0,1.0,1.0,1.0,1.0,1.0,0.0,0.0,0.0020455173495089237
Random standard-3 robustness evaluation — Old SID B - SID-only robustness training vs New Mixed B - SID and CIFAKE robustness training,SID_Set,random_standard_3,ordered_chain_pattern,jpeg -> crop -> colour,old_sid_b,Old SID B - SID-only robustness training,5,226,0.5,117,0,5,104,0.9778761061946902,0.9770642201834863,1.0,0.9541284403669725,0.9765258215962441,0.9996863483102015,0.9996752455955183,0.0,0.045871559633027525,0.015816778684542312
Random standard-3 robustness evaluation — Old SID B - SID-only robustness training vs New Mixed B - SID and CIFAKE robustness training,SID_Set,random_standard_3,ordered_chain_pattern,jpeg -> crop -> noise,old_sid_b,Old SID B - SID-only robustness training,5,203,0.5,111,1,2,89,0.9852216748768473,0.9845467032967032,0.9888888888888889,0.978021978021978,0.9834254143646409,0.9996075353218211,0.9995142237101791,0.008928571428571428,0.02197802197802198,0.010232258197948783
Random standard-3 robustness evaluation — Old SID B - SID-only robustness training vs New Mixed B - SID and CIFAKE robustness training,SID_Set,random_standard_3,ordered_chain_pattern,jpeg -> crop -> resize,old_sid_b,Old SID B - SID-only robustness training,5,191,0.5,104,0,2,85,0.9895287958115183,0.9885057471264368,1.0,0.9770114942528736,0.9883720930232558,1.0,1.0,0.0,0.022988505747126436,0.009158162045875964
Random standard-3 robustness evaluation — Old SID B - SID-only robustness training vs New Mixed B - SID and CIFAKE robustness training,SID_Set,random_standard_3,ordered_chain_pattern,jpeg -> noise -> blur,old_sid_b,Old SID B - SID-only robustness training,5,212,0.5,101,1,2,108,0.9858490566037735,0.9860071301247773,0.9908256880733946,0.9818181818181818,0.9863013698630136,0.9994652406417113,0.999497152309614,0.00980392156862745,0.01818181818181818,0.01154721760294567
Random standard-3 robustness evaluation — Old SID B - SID-only robustness training vs New Mixed B - SID and CIFAKE robustness training,SID_Set,random_standard_3,ordered_chain_pattern,jpeg -> noise -> colour,old_sid_b,Old SID B - SID-only robustness training,5,222,0.5,97,0,3,122,0.9864864864864865,0.988,1.0,0.976,0.9878542510121457,1.0,1.0,0.0,0.024,0.007374759340819232
Random standard-3 robustness evaluation — Old SID B - SID-only robustness training vs New Mixed B - SID and CIFAKE robustness training,SID_Set,random_standard_3,ordered_chain_pattern,jpeg -> noise -> crop,old_sid_b,Old SID B - SID-only robustness training,5,222,0.5,107,0,4,111,0.9819819819819819,0.9826086956521739,1.0,0.9652173913043478,0.9823008849557522,0.9992685900040634,0.9993429132891178,0.0,0.034782608695652174,0.013586909382571262
Random standard-3 robustness evaluation — Old SID B - SID-only robustness training vs New Mixed B - SID and CIFAKE robustness training,SID_Set,random_standard_3,ordered_chain_pattern,jpeg -> noise -> resize,old_sid_b,Old SID B - SID-only robustness training,5,213,0.5,108,0,0,105,1.0,1.0,1.0,1.0,1.0,1.0,1.0,0.0,0.0,0.0017188453364700854
Random standard-3 robustness evaluation — Old SID B - SID-only robustness training vs New Mixed B - SID and CIFAKE robustness training,SID_Set,random_standard_3,ordered_chain_pattern,jpeg -> resize -> blur,old_sid_b,Old SID B - SID-only robustness training,5,210,0.5,112,1,1,96,0.9904761904761905,0.9904205820636803,0.9896907216494846,0.9896907216494846,0.9896907216494846,0.9997263023446765,0.9996907216494846,0.008849557522123894,0.010309278350515464,0.006136234119208112
Random standard-3 robustness evaluation — Old SID B - SID-only robustness training vs New Mixed B - SID and CIFAKE robustness training,SID_Set,random_standard_3,ordered_chain_pattern,jpeg -> resize -> colour,old_sid_b,Old SID B - SID-only robustness training,5,201,0.5,98,1,0,102,0.9950248756218906,0.994949494949495,0.9902912621359223,1.0,0.9951219512195122,0.9998019409784116,0.9998086994173262,0.010101010101010102,0.0,0.004380032112967652
Random standard-3 robustness evaluation — Old SID B - SID-only robustness training vs New Mixed B - SID and CIFAKE robustness training,SID_Set,random_standard_3,ordered_chain_pattern,jpeg -> resize -> crop,old_sid_b,Old SID B - SID-only robustness training,5,213,0.5,105,0,3,105,0.9859154929577465,0.9861111111111112,1.0,0.9722222222222222,0.9859154929577465,0.9995590828924161,0.9995902982628646,0.0,0.027777777777777776,0.011578482383921665
Random standard-3 robustness evaluation — Old SID B - SID-only robustness training vs New Mixed B - SID and CIFAKE robustness training,SID_Set,random_standard_3,ordered_chain_pattern,jpeg -> resize -> noise,old_sid_b,Old SID B - SID-only robustness training,5,203,0.5,110,0,1,92,0.9950738916256158,0.9946236559139785,1.0,0.989247311827957,0.9945945945945946,1.0,1.0,0.0,0.010752688172043012,0.002918956632677084
Random standard-3 robustness evaluation — Old SID B - SID-only robustness training vs New Mixed B - SID and CIFAKE robustness training,SID_Set,random_standard_3,ordered_chain_pattern,noise -> blur -> colour,old_sid_b,Old SID B - SID-only robustness training,5,184,0.5,86,0,2,96,0.9891304347826086,0.9897959183673469,1.0,0.9795918367346939,0.9896907216494846,1.0,1.0,0.0,0.02040816326530612,0.006319719586768021
Random standard-3 robustness evaluation — Old SID B - SID-only robustness training vs New Mixed B - SID and CIFAKE robustness training,SID_Set,random_standard_3,ordered_chain_pattern,noise -> blur -> crop,old_sid_b,Old SID B - SID-only robustness training,5,225,0.5,115,0,6,104,0.9733333333333334,0.9727272727272727,1.0,0.9454545454545454,0.9719626168224299,0.9996837944664032,0.9996760038031156,0.0,0.05454545454545454,0.01993376803227357
Random standard-3 robustness evaluation — Old SID B - SID-only robustness training vs New Mixed B - SID and CIFAKE robustness training,SID_Set,random_standard_3,ordered_chain_pattern,noise -> blur -> jpeg,old_sid_b,Old SID B - SID-only robustness training,5,224,0.5,99,0,2,123,0.9910714285714286,0.992,1.0,0.984,0.9919354838709677,0.999919191919192,0.9999365079365079,0.0,0.016,0.009133747366546338
Random standard-3 robustness evaluation — Old SID B - SID-only robustness training vs New Mixed B - SID and CIFAKE robustness training,SID_Set,random_standard_3,ordered_chain_pattern,noise -> blur -> resize,old_sid_b,Old SID B - SID-only robustness training,5,229,0.5,116,1,3,109,0.982532751091703,0.9823336385836385,0.990909090909091,0.9732142857142857,0.9819819819819819,0.9986263736263736,0.9986517250189426,0.008547008547008548,0.026785714285714284,0.01406536567351985
Random standard-3 robustness evaluation — Old SID B - SID-only robustness training vs New Mixed B - SID and CIFAKE robustness training,SID_Set,random_standard_3,ordered_chain_pattern,noise -> colour -> blur,old_sid_b,Old SID B - SID-only robustness training,5,243,0.5,117,1,0,125,0.9958847736625515,0.9957627118644068,0.9920634920634921,1.0,0.9960159362549801,0.9997966101694915,0.9998079918074757,0.00847457627118644,0.0,0.0048412066752774345
Random standard-3 robustness evaluation — Old SID B - SID-only robustness training vs New Mixed B - SID and CIFAKE robustness training,SID_Set,random_standard_3,ordered_chain_pattern,noise -> colour -> crop,old_sid_b,Old SID B - SID-only robustness training,5,210,0.5,112,0,3,95,0.9857142857142858,0.9846938775510203,1.0,0.9693877551020408,0.9844559585492227,1.0,1.0,0.0,0.030612244897959183,0.010720420798624855
Random standard-3 robustness evaluation — Old SID B - SID-only robustness training vs New Mixed B - SID and CIFAKE robustness training,SID_Set,random_standard_3,ordered_chain_pattern,noise -> colour -> jpeg,old_sid_b,Old SID B - SID-only robustness training,5,209,0.5,117,1,1,90,0.9904306220095693,0.9902682063699013,0.989010989010989,0.989010989010989,0.989010989010989,0.9999068727882288,0.9998805542283802,0.00847457627118644,0.01098901098901099,0.004284648545746017
Random standard-3 robustness evaluation — Old SID B - SID-only robustness training vs New Mixed B - SID and CIFAKE robustness training,SID_Set,random_standard_3,ordered_chain_pattern,noise -> colour -> resize,old_sid_b,Old SID B - SID-only robustness training,5,208,0.5,127,0,1,80,0.9951923076923077,0.9938271604938271,1.0,0.9876543209876543,0.9937888198757764,1.0,1.0,0.0,0.012345679012345678,0.00290977412644908
Random standard-3 robustness evaluation — Old SID B - SID-only robustness training vs New Mixed B - SID and CIFAKE robustness training,SID_Set,random_standard_3,ordered_chain_pattern,noise -> crop -> blur,old_sid_b,Old SID B - SID-only robustness training,5,206,0.5,98,0,7,101,0.9660194174757282,0.9675925925925926,1.0,0.9351851851851852,0.9665071770334929,0.9997165532879818,0.9997459159496199,0.0,0.06481481481481481,0.024873579567275202
Random standard-3 robustness evaluation — Old SID B - SID-only robustness training vs New Mixed B - SID and CIFAKE robustness training,SID_Set,random_standard_3,ordered_chain_pattern,noise -> crop -> colour,old_sid_b,Old SID B - SID-only robustness training,5,178,0.5,90,0,4,84,0.9775280898876404,0.9772727272727273,1.0,0.9545454545454546,0.9767441860465116,1.0,0.9999999999999999,0.0,0.045454545454545456,0.012584805197552926
Random standard-3 robustness evaluation — Old SID B - SID-only robustness training vs New Mixed B - SID and CIFAKE robustness training,SID_Set,random_standard_3,ordered_chain_pattern,noise -> crop -> jpeg,old_sid_b,Old SID B - SID-only robustness training,5,193,0.5,98,0,1,94,0.9948186528497409,0.9947368421052631,1.0,0.9894736842105263,0.9947089947089947,1.0,1.0,0.0,0.010526315789473684,0.004571766915308309
Random standard-3 robustness evaluation — Old SID B - SID-only robustness training vs New Mixed B - SID and CIFAKE robustness training,SID_Set,random_standard_3,ordered_chain_pattern,noise -> crop -> resize,old_sid_b,Old SID B - SID-only robustness training,5,194,0.5,96,0,4,94,0.979381443298969,0.9795918367346939,1.0,0.9591836734693877,0.9791666666666666,0.9976615646258504,0.9981292517006803,0.0,0.04081632653061224,0.01592772701856582
Random standard-3 robustness evaluation — Old SID B - SID-only robustness training vs New Mixed B - SID and CIFAKE robustness training,SID_Set,random_standard_3,ordered_chain_pattern,noise -> jpeg -> blur,old_sid_b,Old SID B - SID-only robustness training,5,222,0.5,103,0,1,118,0.9954954954954955,0.9957983193277311,1.0,0.9915966386554622,0.9957805907172996,0.9999184139675288,0.9999299719887955,0.0,0.008403361344537815,0.0054575920325647675
Random standard-3 robustness evaluation — Old SID B - SID-only robustness training vs New Mixed B - SID and CIFAKE robustness training,SID_Set,random_standard_3,ordered_chain_pattern,noise -> jpeg -> colour,old_sid_b,Old SID B - SID-only robustness training,5,227,0.5,112,1,1,113,0.9911894273127754,0.9911892563266573,0.9912280701754386,0.9912280701754386,0.9912280701754386,0.99968948920975,0.999702646446625,0.008849557522123894,0.008771929824561403,0.007084159832691471
Random standard-3 robustness evaluation — Old SID B - SID-only robustness training vs New Mixed B - SID and CIFAKE robustness training,SID_Set,random_standard_3,ordered_chain_pattern,noise -> jpeg -> crop,old_sid_b,Old SID B - SID-only robustness training,5,210,0.5,108,0,4,98,0.9809523809523809,0.9803921568627452,1.0,0.9607843137254902,0.98,0.9999092229484386,0.99990481629545,0.0,0.0392156862745098,0.01673568179618762
Random standard-3 robustness evaluation — Old SID B - SID-only robustness training vs New Mixed B - SID and CIFAKE robustness training,SID_Set,random_standard_3,ordered_chain_pattern,noise -> jpeg -> resize,old_sid_b,Old SID B - SID-only robustness training,5,205,0.5,106,0,0,99,1.0,1.0,1.0,1.0,1.0,1.0,0.9999999999999998,0.0,0.0,0.00036282096256509146
Random standard-3 robustness evaluation — Old SID B - SID-only robustness training vs New Mixed B - SID and CIFAKE robustness training,SID_Set,random_standard_3,ordered_chain_pattern,noise -> resize -> blur,old_sid_b,Old SID B - SID-only robustness training,5,188,0.5,98,1,1,88,0.9893617021276596,0.989331517421405,0.9887640449438202,0.9887640449438202,0.9887640449438202,0.9997730110089661,0.9997489093689069,0.010101010101010102,0.011235955056179775,0.0055484793627705005
Random standard-3 robustness evaluation — Old SID B - SID-only robustness training vs New Mixed B - SID and CIFAKE robustness training,SID_Set,random_standard_3,ordered_chain_pattern,noise -> resize -> colour,old_sid_b,Old SID B - SID-only robustness training,5,214,0.5,117,0,4,93,0.9813084112149533,0.9793814432989691,1.0,0.9587628865979382,0.9789473684210527,0.9994713190589479,0.9993994595135621,0.0,0.041237113402061855,0.014015239535109665
Random standard-3 robustness evaluation — Old SID B - SID-only robustness training vs New Mixed B - SID and CIFAKE robustness training,SID_Set,random_standard_3,ordered_chain_pattern,noise -> resize -> crop,old_sid_b,Old SID B - SID-only robustness training,5,198,0.5,90,0,4,104,0.9797979797979798,0.9814814814814814,1.0,0.9629629629629629,0.9811320754716981,1.0,1.0000000000000002,0.0,0.037037037037037035,0.01814548581058106
Random standard-3 robustness evaluation — Old SID B - SID-only robustness training vs New Mixed B - SID and CIFAKE robustness training,SID_Set,random_standard_3,ordered_chain_pattern,noise -> resize -> jpeg,old_sid_b,Old SID B - SID-only robustness training,5,206,0.5,106,0,1,99,0.9951456310679612,0.995,1.0,0.99,0.9949748743718593,1.0,1.0,0.0,0.01,0.004513105076791132
Random standard-3 robustness evaluation — Old SID B - SID-only robustness training vs New Mixed B - SID and CIFAKE robustness training,SID_Set,random_standard_3,ordered_chain_pattern,resize -> blur -> colour,old_sid_b,Old SID B - SID-only robustness training,5,213,0.5,102,0,0,111,1.0,1.0,1.0,1.0,1.0,1.0,1.0,0.0,0.0,0.0025559185614355533
Random standard-3 robustness evaluation — Old SID B - SID-only robustness training vs New Mixed B - SID and CIFAKE robustness training,SID_Set,random_standard_3,ordered_chain_pattern,resize -> blur -> crop,old_sid_b,Old SID B - SID-only robustness training,5,197,0.5,101,0,1,95,0.9949238578680203,0.9947916666666667,1.0,0.9895833333333334,0.9947643979057592,0.9991749174917492,0.9991987179487178,0.0,0.010416666666666666,0.005192592207341278
Random standard-3 robustness evaluation — Old SID B - SID-only robustness training vs New Mixed B - SID and CIFAKE robustness training,SID_Set,random_standard_3,ordered_chain_pattern,resize -> blur -> jpeg,old_sid_b,Old SID B - SID-only robustness training,5,232,0.5,118,0,0,114,1.0,1.0,1.0,1.0,1.0,1.0,1.0000000000000002,0.0,0.0,0.002430652915638048
Random standard-3 robustness evaluation — Old SID B - SID-only robustness training vs New Mixed B - SID and CIFAKE robustness training,SID_Set,random_standard_3,ordered_chain_pattern,resize -> blur -> noise,old_sid_b,Old SID B - SID-only robustness training,5,233,0.5,122,1,1,109,0.9914163090128756,0.991389504804139,0.990909090909091,0.990909090909091,0.990909090909091,0.9991869918699187,0.9990557628216965,0.008130081300813009,0.00909090909090909,0.008982666448806754
Random standard-3 robustness evaluation — Old SID B - SID-only robustness training vs New Mixed B - SID and CIFAKE robustness training,SID_Set,random_standard_3,ordered_chain_pattern,resize -> colour -> blur,old_sid_b,Old SID B - SID-only robustness training,5,218,0.5,109,0,0,109,1.0,1.0,1.0,1.0,1.0,1.0,0.9999999999999998,0.0,0.0,0.0012073818958285654
Random standard-3 robustness evaluation — Old SID B - SID-only robustness training vs New Mixed B - SID and CIFAKE robustness training,SID_Set,random_standard_3,ordered_chain_pattern,resize -> colour -> crop,old_sid_b,Old SID B - SID-only robustness training,5,240,0.5,103,1,2,134,0.9875,0.9878393665158371,0.9925925925925926,0.9852941176470589,0.988929889298893,0.9992929864253394,0.9994448000495929,0.009615384615384616,0.014705882352941176,0.00952565200057456
Random standard-3 robustness evaluation — Old SID B - SID-only robustness training vs New Mixed B - SID and CIFAKE robustness training,SID_Set,random_standard_3,ordered_chain_pattern,resize -> colour -> jpeg,old_sid_b,Old SID B - SID-only robustness training,5,192,0.5,89,0,2,101,0.9895833333333334,0.9902912621359223,1.0,0.9805825242718447,0.9901960784313726,1.0,1.0,0.0,0.019417475728155338,0.004663469261442318
Random standard-3 robustness evaluation — Old SID B - SID-only robustness training vs New Mixed B - SID and CIFAKE robustness training,SID_Set,random_standard_3,ordered_chain_pattern,resize -> colour -> noise,old_sid_b,Old SID B - SID-only robustness training,5,202,0.5,94,0,2,106,0.9900990099009901,0.9907407407407407,1.0,0.9814814814814815,0.9906542056074766,0.9998029944838456,0.9998293187853162,0.0,0.018518518518518517,0.008200746765754066
Random standard-3 robustness evaluation — Old SID B - SID-only robustness training vs New Mixed B - SID and CIFAKE robustness training,SID_Set,random_standard_3,ordered_chain_pattern,resize -> crop -> blur,old_sid_b,Old SID B - SID-only robustness training,5,192,0.5,89,0,0,103,1.0,1.0,1.0,1.0,1.0,1.0,1.0,0.0,0.0,0.0009515294258781644
Random standard-3 robustness evaluation — Old SID B - SID-only robustness training vs New Mixed B - SID and CIFAKE robustness training,SID_Set,random_standard_3,ordered_chain_pattern,resize -> crop -> colour,old_sid_b,Old SID B - SID-only robustness training,5,214,0.5,98,0,2,114,0.9906542056074766,0.9913793103448276,1.0,0.9827586206896551,0.991304347826087,0.9998240675580576,0.9998538866160139,0.0,0.017241379310344827,0.007396744175405024
Random standard-3 robustness evaluation — Old SID B - SID-only robustness training vs New Mixed B - SID and CIFAKE robustness training,SID_Set,random_standard_3,ordered_chain_pattern,resize -> crop -> jpeg,old_sid_b,Old SID B - SID-only robustness training,5,199,0.5,103,1,2,93,0.9849246231155779,0.984665991902834,0.9893617021276596,0.9789473684210527,0.9841269841269841,0.9986842105263157,0.9984768960539445,0.009615384615384616,0.021052631578947368,0.011994570250968868
Random standard-3 robustness evaluation — Old SID B - SID-only robustness training vs New Mixed B - SID and CIFAKE robustness training,SID_Set,random_standard_3,ordered_chain_pattern,resize -> crop -> noise,old_sid_b,Old SID B - SID-only robustness training,5,219,0.5,114,1,4,100,0.9771689497716894,0.9764214046822743,0.9900990099009901,0.9615384615384616,0.975609756097561,0.9994983277591973,0.9994503324305224,0.008695652173913044,0.038461538461538464,0.013931815654923466
Random standard-3 robustness evaluation — Old SID B - SID-only robustness training vs New Mixed B - SID and CIFAKE robustness training,SID_Set,random_standard_3,ordered_chain_pattern,resize -> jpeg -> blur,old_sid_b,Old SID B - SID-only robustness training,5,219,0.5,110,1,1,107,0.9908675799086758,0.9908658658658658,0.9907407407407407,0.9907407407407407,0.9907407407407407,0.9999165832499166,0.9999150526673463,0.009009009009009009,0.009259259259259259,0.004494045244195053
Random standard-3 robustness evaluation — Old SID B - SID-only robustness training vs New Mixed B - SID and CIFAKE robustness training,SID_Set,random_standard_3,ordered_chain_pattern,resize -> jpeg -> colour,old_sid_b,Old SID B - SID-only robustness training,5,215,0.5,125,0,0,90,1.0,1.0,1.0,1.0,1.0,1.0,0.9999999999999999,0.0,0.0,0.0017924478868927493
Random standard-3 robustness evaluation — Old SID B - SID-only robustness training vs New Mixed B - SID and CIFAKE robustness training,SID_Set,random_standard_3,ordered_chain_pattern,resize -> jpeg -> crop,old_sid_b,Old SID B - SID-only robustness training,5,222,0.5,126,0,3,93,0.9864864864864865,0.984375,1.0,0.96875,0.9841269841269841,0.9986772486772487,0.9983896564600446,0.0,0.03125,0.011063776598507928
Random standard-3 robustness evaluation — Old SID B - SID-only robustness training vs New Mixed B - SID and CIFAKE robustness training,SID_Set,random_standard_3,ordered_chain_pattern,resize -> jpeg -> noise,old_sid_b,Old SID B - SID-only robustness training,5,210,0.5,116,0,2,92,0.9904761904761905,0.9893617021276595,1.0,0.9787234042553191,0.989247311827957,0.9994497432134996,0.9993495388470489,0.0,0.02127659574468085,0.009934762644931368
Random standard-3 robustness evaluation — Old SID B - SID-only robustness training vs New Mixed B - SID and CIFAKE robustness training,SID_Set,random_standard_3,ordered_chain_pattern,resize -> noise -> blur,old_sid_b,Old SID B - SID-only robustness training,5,233,0.5,129,0,2,102,0.9914163090128756,0.9903846153846154,1.0,0.9807692307692307,0.9902912621359223,1.0,0.9999999999999999,0.0,0.019230769230769232,0.005310629537960149
Random standard-3 robustness evaluation — Old SID B - SID-only robustness training vs New Mixed B - SID and CIFAKE robustness training,SID_Set,random_standard_3,ordered_chain_pattern,resize -> noise -> colour,old_sid_b,Old SID B - SID-only robustness training,5,201,0.5,108,0,2,91,0.9900497512437811,0.989247311827957,1.0,0.978494623655914,0.9891304347826086,1.0,1.0,0.0,0.021505376344086023,0.005280759244064314
Random standard-3 robustness evaluation — Old SID B - SID-only robustness training vs New Mixed B - SID and CIFAKE robustness training,SID_Set,random_standard_3,ordered_chain_pattern,resize -> noise -> crop,old_sid_b,Old SID B - SID-only robustness training,5,218,0.5,110,0,0,108,1.0,1.0,1.0,1.0,1.0,1.0,1.0,0.0,0.0,0.00462219381705697
Random standard-3 robustness evaluation — Old SID B - SID-only robustness training vs New Mixed B - SID and CIFAKE robustness training,SID_Set,random_standard_3,ordered_chain_pattern,resize -> noise -> jpeg,old_sid_b,Old SID B - SID-only robustness training,5,224,0.5,117,0,0,107,1.0,1.0,1.0,1.0,1.0,1.0,1.0,0.0,0.0,0.0006069398072057782
